id_transaccion,folio,codigo,monto,fecha,es_anomalia,es_alerta_operativa,es_senal_contexto,cluster_anomalia,senales_contexto,nivel_riesgo,score_riesgo,reglas_activadas,mensaje_alerta
548,111462,RENHAB,5778.36,2024-12-31,True,True,False,MONTO_ATIPICO,,MEDIO,25,"monto_atipico: monto_abs=5778.36, z=4.46 (umbral ±2.0) para código 'RENHAB'","Alerta tx 548 (folio 111462, cód RENHAB, monto 5778.36): [MONTO_ATIPICO] — monto_atipico: monto_abs=5778.36, z=4.46 (umbral ±2.0) para código 'RENHAB'"
104,125897,CANXFA,4590.0,2025-05-29,True,True,False,FUERA_DE_ESTANCIA,,MEDIO,35,"cargo_despues_checkout: fecha_cargo=2025-05-29, check-out=2025-05-28","Alerta tx 104 (folio 125897, cód CANXFA, monto 4590.00): [FUERA_DE_ESTANCIA] — cargo_despues_checkout: fecha_cargo=2025-05-29, check-out=2025-05-28"
164,124302,RESDEP,43260.0,2025-05-18,True,True,False,MONTO_ATIPICO,,MEDIO,25,"monto_atipico: monto_abs=43260.00, z=4.39 (umbral ±2.0) para código 'RESDEP'","Alerta tx 164 (folio 124302, cód RESDEP, monto 43260.00): [MONTO_ATIPICO] — monto_atipico: monto_abs=43260.00, z=4.39 (umbral ±2.0) para código 'RESDEP'"
350,59459,RENHAB,0.0,2023-05-24,True,True,False,MONTO_ATIPICO,,MEDIO,25,"monto_atipico: monto_abs=0.00, z=-2.63 (umbral ±2.0) para código 'RENHAB'","Alerta tx 350 (folio 59459, cód RENHAB, monto 0.00): [MONTO_ATIPICO] — monto_atipico: monto_abs=0.00, z=-2.63 (umbral ±2.0) para código 'RENHAB'"
527,7381,RENHAB,4004.06,2021-06-25,True,True,False,MONTO_ATIPICO,,MEDIO,25,"monto_atipico: monto_abs=4004.06, z=2.28 (umbral ±2.0) para código 'RENHAB'","Alerta tx 527 (folio 7381, cód RENHAB, monto 4004.06): [MONTO_ATIPICO] — monto_atipico: monto_abs=4004.06, z=2.28 (umbral ±2.0) para código 'RENHAB'"
614,74726,PROPTI,105.6,2023-10-28,True,True,False,MONTO_ATIPICO | CANCELACION_SOSPECHOSA,"USUARIO_MODIFICACION: creado por 'JLS', modificado por 'RM2'",ALTO,50,"monto_atipico: monto_abs=105.60, z=2.85 (umbral ±2.0) para código 'PROPTI' | cancelacion_monto_alto: monto cancelado=105.60","Alerta tx 614 (folio 74726, cód PROPTI, monto 105.60): [MONTO_ATIPICO | CANCELACION_SOSPECHOSA] — monto_atipico: monto_abs=105.60, z=2.85 (umbral ±2.0) para código 'PROPTI'; cancelacion_monto_alto: monto cancelado=105.60 — | ctx: USUARIO_MODIFICACION: creado por 'JLS', modificado por 'RM2'"
685,1959,PROPTI,-72.0,2021-04-02,True,True,False,CANCELACION_SOSPECHOSA,"USUARIO_MODIFICACION: creado por 'FJL', modificado por 'RFR'",MEDIO,25,cancelacion_monto_alto: monto cancelado=72.00,"Alerta tx 685 (folio 1959, cód PROPTI, monto -72.00): [CANCELACION_SOSPECHOSA] — cancelacion_monto_alto: monto cancelado=72.00 — | ctx: USUARIO_MODIFICACION: creado por 'FJL', modificado por 'RFR'"
72,58881,CANXFA,17640.0,2024-10-22,True,True,False,MONTO_ATIPICO | CONTEXTO_RESERVACION,,MEDIO,45,"monto_atipico: monto_abs=17640.00, z=3.55 (umbral ±2.0) para código 'CANXFA' | sin_reservacion_en_codigo_habitual: código 'CANXFA'","Alerta tx 72 (folio 58881, cód CANXFA, monto 17640.00): [MONTO_ATIPICO | CONTEXTO_RESERVACION] — monto_atipico: monto_abs=17640.00, z=3.55 (umbral ±2.0) para código 'CANXFA'; sin_reservacion_en_codigo_habitual: código 'CANXFA'"
19,87095,CANXFA,11793.65,2024-03-21,True,True,False,FUERA_DE_ESTANCIA | CONTEXTO_RESERVACION,,ALTO,55,"cargo_despues_checkout: fecha_cargo=2024-03-21, check-out=2024-03-20 | noches_inconsistentes: cargo=0, reserva=4.0","Alerta tx 19 (folio 87095, cód CANXFA, monto 11793.65): [FUERA_DE_ESTANCIA | CONTEXTO_RESERVACION] — cargo_despues_checkout: fecha_cargo=2024-03-21, check-out=2024-03-20; noches_inconsistentes: cargo=0, reserva=4.0"
253,41002,RENHAB,0.0,2022-10-04,True,True,False,MONTO_ATIPICO,,MEDIO,25,"monto_atipico: monto_abs=0.00, z=-2.63 (umbral ±2.0) para código 'RENHAB'","Alerta tx 253 (folio 41002, cód RENHAB, monto 0.00): [MONTO_ATIPICO] — monto_atipico: monto_abs=0.00, z=-2.63 (umbral ±2.0) para código 'RENHAB'"
157,121497,RESDEP,25000.0,2025-04-21,True,True,False,MONTO_ATIPICO,,MEDIO,25,"monto_atipico: monto_abs=25000.00, z=2.20 (umbral ±2.0) para código 'RESDEP'","Alerta tx 157 (folio 121497, cód RESDEP, monto 25000.00): [MONTO_ATIPICO] — monto_atipico: monto_abs=25000.00, z=2.20 (umbral ±2.0) para código 'RESDEP'"
383,74484,PROPTI,105.6,2023-10-22,True,True,False,MONTO_ATIPICO,,MEDIO,25,"monto_atipico: monto_abs=105.60, z=2.85 (umbral ±2.0) para código 'PROPTI'","Alerta tx 383 (folio 74484, cód PROPTI, monto 105.60): [MONTO_ATIPICO] — monto_atipico: monto_abs=105.60, z=2.85 (umbral ±2.0) para código 'PROPTI'"
132,127328,DEPHAB,19000.0,2025-06-11,True,True,False,MONTO_ATIPICO,,MEDIO,25,"monto_atipico: monto_abs=19000.00, z=2.07 (umbral ±2.0) para código 'DEPHAB'","Alerta tx 132 (folio 127328, cód DEPHAB, monto 19000.00): [MONTO_ATIPICO] — monto_atipico: monto_abs=19000.00, z=2.07 (umbral ±2.0) para código 'DEPHAB'"
341,31096,RENHAB,0.0,2022-06-09,True,True,False,MONTO_ATIPICO,,MEDIO,25,"monto_atipico: monto_abs=0.00, z=-2.63 (umbral ±2.0) para código 'RENHAB'","Alerta tx 341 (folio 31096, cód RENHAB, monto 0.00): [MONTO_ATIPICO] — monto_atipico: monto_abs=0.00, z=-2.63 (umbral ±2.0) para código 'RENHAB'"
41,17257,CANCXC,9902.83,2021-12-06,True,True,False,MONTO_ATIPICO | FUERA_DE_ESTANCIA | CONTEXTO_RESERVACION,,CRITICO,80,"monto_atipico: monto_abs=9902.83, z=2.32 (umbral ±2.0) para código 'CANCXC' | cargo_despues_checkout: fecha_cargo=2021-12-06, check-out=2021-12-01 | noches_inconsistentes: cargo=0, reserva=5.0","Alerta tx 41 (folio 17257, cód CANCXC, monto 9902.83): [MONTO_ATIPICO | FUERA_DE_ESTANCIA | CONTEXTO_RESERVACION] — monto_atipico: monto_abs=9902.83, z=2.32 (umbral ±2.0) para código 'CANCXC'; cargo_despues_checkout: fecha_cargo=2021-12-06, check-out=2021-12-01; noches_inconsistentes: cargo=0, reserva=5.0"
200,147832,CANXFA,600.0,2026-02-17,True,True,False,FUERA_DE_ESTANCIA,,MEDIO,35,"cargo_despues_checkout: fecha_cargo=2026-02-17, check-out=2026-02-10","Alerta tx 200 (folio 147832, cód CANXFA, monto 600.00): [FUERA_DE_ESTANCIA] — cargo_despues_checkout: fecha_cargo=2026-02-17, check-out=2026-02-10"
44,9684,TRANSF,25000.0,2021-07-29,True,True,False,MONTO_ATIPICO,,MEDIO,25,"monto_atipico: monto_abs=25000.00, z=2.42 (umbral ±2.0) para código 'TRANSF'","Alerta tx 44 (folio 9684, cód TRANSF, monto 25000.00): [MONTO_ATIPICO] — monto_atipico: monto_abs=25000.00, z=2.42 (umbral ±2.0) para código 'TRANSF'"
46,112210,TARCRE,10121.79,2025-01-03,True,True,False,CANCELACION_SOSPECHOSA,"USUARIO_MODIFICACION: creado por 'NO0', modificado por 'EGT' (monto alto)",MEDIO,25,cancelacion_monto_alto: monto cancelado=10121.79,"Alerta tx 46 (folio 112210, cód TARCRE, monto 10121.79): [CANCELACION_SOSPECHOSA] — cancelacion_monto_alto: monto cancelado=10121.79 — | ctx: USUARIO_MODIFICACION: creado por 'NO0', modificado por 'EGT' (monto alto)"
413,100745,PROPTI,87.12,2024-07-27,True,True,False,CANCELACION_SOSPECHOSA,"USUARIO_MODIFICACION: creado por 'JLS', modificado por 'OLN'",MEDIO,25,cancelacion_monto_alto: monto cancelado=87.12,"Alerta tx 413 (folio 100745, cód PROPTI, monto 87.12): [CANCELACION_SOSPECHOSA] — cancelacion_monto_alto: monto cancelado=87.12 — | ctx: USUARIO_MODIFICACION: creado por 'JLS', modificado por 'OLN'"
288,83127,RENHAB,-3430.74,2024-02-07,True,True,False,CANCELACION_SOSPECHOSA,"USUARIO_MODIFICACION: creado por 'EGT', modificado por 'CMG' (monto alto)",MEDIO,25,cancelacion_monto_alto: monto cancelado=3430.74,"Alerta tx 288 (folio 83127, cód RENHAB, monto -3430.74): [CANCELACION_SOSPECHOSA] — cancelacion_monto_alto: monto cancelado=3430.74 — | ctx: USUARIO_MODIFICACION: creado por 'EGT', modificado por 'CMG' (monto alto)"
164,25528,RESDEP,63960.0,2022-04-01,True,True,False,MONTO_ATIPICO,,MEDIO,25,"monto_atipico: monto_abs=63960.00, z=6.86 (umbral ±2.0) para código 'RESDEP'","Alerta tx 164 (folio 25528, cód RESDEP, monto 63960.00): [MONTO_ATIPICO] — monto_atipico: monto_abs=63960.00, z=6.86 (umbral ±2.0) para código 'RESDEP'"
208,103423,RENHAB,0.0,2024-09-05,True,True,False,MONTO_ATIPICO,,MEDIO,25,"monto_atipico: monto_abs=0.00, z=-2.63 (umbral ±2.0) para código 'RENHAB'","Alerta tx 208 (folio 103423, cód RENHAB, monto 0.00): [MONTO_ATIPICO] — monto_atipico: monto_abs=0.00, z=-2.63 (umbral ±2.0) para código 'RENHAB'"
45,18582,RENCOM,5430.0,2021-12-26,True,True,False,MONTO_ATIPICO,,MEDIO,25,"monto_atipico: monto_abs=5430.00, z=3.87 (umbral ±2.0) para código 'RENCOM'","Alerta tx 45 (folio 18582, cód RENCOM, monto 5430.00): [MONTO_ATIPICO] — monto_atipico: monto_abs=5430.00, z=3.87 (umbral ±2.0) para código 'RENCOM'"
80,109388,CANXFA,600.0,2024-11-27,True,True,False,FUERA_DE_ESTANCIA,,MEDIO,35,"cargo_despues_checkout: fecha_cargo=2024-11-27, check-out=2024-11-26","Alerta tx 80 (folio 109388, cód CANXFA, monto 600.00): [FUERA_DE_ESTANCIA] — cargo_despues_checkout: fecha_cargo=2024-11-27, check-out=2024-11-26"
896,56475,RENHAB,-3110.72,2023-04-21,True,True,False,CANCELACION_SOSPECHOSA,"USUARIO_MODIFICACION: creado por 'EGT', modificado por 'MCZ' (monto alto)",MEDIO,25,cancelacion_monto_alto: monto cancelado=3110.72,"Alerta tx 896 (folio 56475, cód RENHAB, monto -3110.72): [CANCELACION_SOSPECHOSA] — cancelacion_monto_alto: monto cancelado=3110.72 — | ctx: USUARIO_MODIFICACION: creado por 'EGT', modificado por 'MCZ' (monto alto)"
56,71194,EFE,1586.25,2023-09-04,True,True,False,CANCELACION_SOSPECHOSA,"USUARIO_MODIFICACION: creado por 'RM2', modificado por 'RFR'",MEDIO,25,cancelacion_con_reposteo: mismo folio/código/monto tiene versión cancelada y activa el mismo día,"Alerta tx 56 (folio 71194, cód EFE, monto 1586.25): [CANCELACION_SOSPECHOSA] — cancelacion_con_reposteo: mismo folio/código/monto tiene versión cancelada y activa el mismo día — | ctx: USUARIO_MODIFICACION: creado por 'RM2', modificado por 'RFR'"
17,136585,RESDEP,35000.0,2025-09-26,True,True,False,MONTO_ATIPICO,,MEDIO,25,"monto_atipico: monto_abs=35000.00, z=3.40 (umbral ±2.0) para código 'RESDEP'","Alerta tx 17 (folio 136585, cód RESDEP, monto 35000.00): [MONTO_ATIPICO] — monto_atipico: monto_abs=35000.00, z=3.40 (umbral ±2.0) para código 'RESDEP'"
538,126838,RENHAB,3042.87,2025-06-06,True,True,False,CANCELACION_SOSPECHOSA,"USUARIO_MODIFICACION: creado por 'DOB', modificado por 'RFR' (monto alto)",MEDIO,25,cancelacion_monto_alto: monto cancelado=3042.87,"Alerta tx 538 (folio 126838, cód RENHAB, monto 3042.87): [CANCELACION_SOSPECHOSA] — cancelacion_monto_alto: monto cancelado=3042.87 — | ctx: USUARIO_MODIFICACION: creado por 'DOB', modificado por 'RFR' (monto alto)"
737,107525,RENHAB,-3556.36,2024-11-09,True,True,False,CANCELACION_SOSPECHOSA,"USUARIO_MODIFICACION: creado por 'ISU', modificado por 'CEV' (monto alto)",MEDIO,25,cancelacion_monto_alto: monto cancelado=3556.36,"Alerta tx 737 (folio 107525, cód RENHAB, monto -3556.36): [CANCELACION_SOSPECHOSA] — cancelacion_monto_alto: monto cancelado=3556.36 — | ctx: USUARIO_MODIFICACION: creado por 'ISU', modificado por 'CEV' (monto alto)"
328,66,PROPTI,-72.0,2021-03-02,True,True,False,CANCELACION_SOSPECHOSA,"USUARIO_MODIFICACION: creado por 'FJL', modificado por 'NCR'",MEDIO,25,cancelacion_monto_alto: monto cancelado=72.00,"Alerta tx 328 (folio 66, cód PROPTI, monto -72.00): [CANCELACION_SOSPECHOSA] — cancelacion_monto_alto: monto cancelado=72.00 — | ctx: USUARIO_MODIFICACION: creado por 'FJL', modificado por 'NCR'"
132,143485,RENHAB,4470.48,2026-01-01,True,True,False,MONTO_ATIPICO,,MEDIO,25,"monto_atipico: monto_abs=4470.48, z=2.85 (umbral ±2.0) para código 'RENHAB'","Alerta tx 132 (folio 143485, cód RENHAB, monto 4470.48): [MONTO_ATIPICO] — monto_atipico: monto_abs=4470.48, z=2.85 (umbral ±2.0) para código 'RENHAB'"
669,15862,RENHAB,1669.72,2021-11-16,True,True,False,DUPLICADO | CANCELACION_SOSPECHOSA,"USUARIO_MODIFICACION: creado por 'ALM', modificado por 'AGH'",ALTO,65,duplicado_exacto: 2 veces el mismo folio/código/monto/habitación/fecha | folio_alto_ratio_cancelaciones: 100% de movimientos cancelados,"Alerta tx 669 (folio 15862, cód RENHAB, monto 1669.72): [DUPLICADO | CANCELACION_SOSPECHOSA] — duplicado_exacto: 2 veces el mismo folio/código/monto/habitación/fecha; folio_alto_ratio_cancelaciones: 100% de movimientos cancelados — | ctx: USUARIO_MODIFICACION: creado por 'ALM', modificado por 'AGH'"
112,110894,CANXFA,4575.0,2024-12-17,True,True,False,FUERA_DE_ESTANCIA,,MEDIO,35,"cargo_despues_checkout: fecha_cargo=2024-12-17, check-out=2024-12-08","Alerta tx 112 (folio 110894, cód CANXFA, monto 4575.00): [FUERA_DE_ESTANCIA] — cargo_despues_checkout: fecha_cargo=2024-12-17, check-out=2024-12-08"
717,126086,RENHAB,4712.84,2025-05-31,True,True,False,MONTO_ATIPICO,,MEDIO,25,"monto_atipico: monto_abs=4712.84, z=3.15 (umbral ±2.0) para código 'RENHAB'","Alerta tx 717 (folio 126086, cód RENHAB, monto 4712.84): [MONTO_ATIPICO] — monto_atipico: monto_abs=4712.84, z=3.15 (umbral ±2.0) para código 'RENHAB'"
106,106575,CANXFA,600.0,2024-10-22,True,True,False,FUERA_DE_ESTANCIA,,MEDIO,35,"cargo_despues_checkout: fecha_cargo=2024-10-22, check-out=2024-10-21","Alerta tx 106 (folio 106575, cód CANXFA, monto 600.00): [FUERA_DE_ESTANCIA] — cargo_despues_checkout: fecha_cargo=2024-10-22, check-out=2024-10-21"
126,77742,RESDEP,35000.0,2023-11-30,True,True,False,MONTO_ATIPICO,,MEDIO,25,"monto_atipico: monto_abs=35000.00, z=3.40 (umbral ±2.0) para código 'RESDEP'","Alerta tx 126 (folio 77742, cód RESDEP, monto 35000.00): [MONTO_ATIPICO] — monto_atipico: monto_abs=35000.00, z=3.40 (umbral ±2.0) para código 'RESDEP'"
333,24759,RENHAB,4228.94,2022-03-19,True,True,False,MONTO_ATIPICO,,MEDIO,25,"monto_atipico: monto_abs=4228.94, z=2.56 (umbral ±2.0) para código 'RENHAB'","Alerta tx 333 (folio 24759, cód RENHAB, monto 4228.94): [MONTO_ATIPICO] — monto_atipico: monto_abs=4228.94, z=2.56 (umbral ±2.0) para código 'RENHAB'"
211,80287,RENHAB,3059.67,2024-01-04,True,True,False,CANCELACION_SOSPECHOSA,"USUARIO_MODIFICACION: creado por 'JLS', modificado por 'RFR' (monto alto)",MEDIO,25,cancelacion_monto_alto: monto cancelado=3059.67,"Alerta tx 211 (folio 80287, cód RENHAB, monto 3059.67): [CANCELACION_SOSPECHOSA] — cancelacion_monto_alto: monto cancelado=3059.67 — | ctx: USUARIO_MODIFICACION: creado por 'JLS', modificado por 'RFR' (monto alto)"
845,114650,PROPTI,-87.12,2025-02-01,True,True,False,CANCELACION_SOSPECHOSA,"USUARIO_MODIFICACION: creado por 'EGT', modificado por 'RM2'",MEDIO,25,cancelacion_monto_alto: monto cancelado=87.12,"Alerta tx 845 (folio 114650, cód PROPTI, monto -87.12): [CANCELACION_SOSPECHOSA] — cancelacion_monto_alto: monto cancelado=87.12 — | ctx: USUARIO_MODIFICACION: creado por 'EGT', modificado por 'RM2'"
935,16289,RENHAB,-3057.48,2021-11-19,True,True,False,CANCELACION_SOSPECHOSA,"USUARIO_MODIFICACION: creado por 'EGT', modificado por 'LBB' (monto alto)",MEDIO,25,cancelacion_monto_alto: monto cancelado=3057.48,"Alerta tx 935 (folio 16289, cód RENHAB, monto -3057.48): [CANCELACION_SOSPECHOSA] — cancelacion_monto_alto: monto cancelado=3057.48 — | ctx: USUARIO_MODIFICACION: creado por 'EGT', modificado por 'LBB' (monto alto)"
25,27931,CANXFA,9066.66,2022-04-26,True,True,False,FUERA_DE_ESTANCIA | CONTEXTO_RESERVACION,,ALTO,55,"cargo_despues_checkout: fecha_cargo=2022-04-26, check-out=2022-04-22 | noches_inconsistentes: cargo=0, reserva=4.0","Alerta tx 25 (folio 27931, cód CANXFA, monto 9066.66): [FUERA_DE_ESTANCIA | CONTEXTO_RESERVACION] — cargo_despues_checkout: fecha_cargo=2022-04-26, check-out=2022-04-22; noches_inconsistentes: cargo=0, reserva=4.0"
21,88336,CANXFA,6998.17,2024-03-30,True,True,False,FUERA_DE_ESTANCIA | CONTEXTO_RESERVACION,,ALTO,55,"cargo_despues_checkout: fecha_cargo=2024-03-30, check-out=2024-03-27 | noches_inconsistentes: cargo=0, reserva=3.0","Alerta tx 21 (folio 88336, cód CANXFA, monto 6998.17): [FUERA_DE_ESTANCIA | CONTEXTO_RESERVACION] — cargo_despues_checkout: fecha_cargo=2024-03-30, check-out=2024-03-27; noches_inconsistentes: cargo=0, reserva=3.0"
442,111670,RENHAB,3857.1,2024-12-27,True,True,False,MONTO_ATIPICO,,MEDIO,25,"monto_atipico: monto_abs=3857.10, z=2.10 (umbral ±2.0) para código 'RENHAB'","Alerta tx 442 (folio 111670, cód RENHAB, monto 3857.10): [MONTO_ATIPICO] — monto_atipico: monto_abs=3857.10, z=2.10 (umbral ±2.0) para código 'RENHAB'"
1231,4807,TARDEB,20176.0,2021-05-13,True,True,False,MONTO_ATIPICO | CONTEXTO_RESERVACION,"USUARIO_MODIFICACION: creado por 'KJG', modificado por 'JML' (monto alto)",MEDIO,45,"monto_atipico: monto_abs=20176.00, z=2.22 (umbral ±2.0) para código 'TARDEB' | noches_inconsistentes: cargo=0, reserva=3.0","Alerta tx 1231 (folio 4807, cód TARDEB, monto 20176.00): [MONTO_ATIPICO | CONTEXTO_RESERVACION] — monto_atipico: monto_abs=20176.00, z=2.22 (umbral ±2.0) para código 'TARDEB'; noches_inconsistentes: cargo=0, reserva=3.0 — | ctx: USUARIO_MODIFICACION: creado por 'KJG', modificado por 'JML' (monto alto)"
491,71194,EFE,1586.25,2023-09-04,True,True,False,CANCELACION_SOSPECHOSA,"USUARIO_MODIFICACION: creado por 'RM2', modificado por 'RFR'",MEDIO,25,cancelacion_con_reposteo: mismo folio/código/monto tiene versión cancelada y activa el mismo día,"Alerta tx 491 (folio 71194, cód EFE, monto 1586.25): [CANCELACION_SOSPECHOSA] — cancelacion_con_reposteo: mismo folio/código/monto tiene versión cancelada y activa el mismo día — | ctx: USUARIO_MODIFICACION: creado por 'RM2', modificado por 'RFR'"
797,62466,RENHAB,-3050.1,2023-06-16,True,True,False,CANCELACION_SOSPECHOSA,"USUARIO_MODIFICACION: creado por 'EGT', modificado por 'CMG' (monto alto)",MEDIO,25,cancelacion_monto_alto: monto cancelado=3050.10,"Alerta tx 797 (folio 62466, cód RENHAB, monto -3050.10): [CANCELACION_SOSPECHOSA] — cancelacion_monto_alto: monto cancelado=3050.10 — | ctx: USUARIO_MODIFICACION: creado por 'EGT', modificado por 'CMG' (monto alto)"
2,41349,XFAC,12768.89,2022-10-17,True,True,False,MONTO_ATIPICO | CONTEXTO_RESERVACION,,MEDIO,45,"monto_atipico: monto_abs=12768.89, z=2.28 (umbral ±2.0) para código 'XFAC' | noches_inconsistentes: cargo=0, reserva=7.0","Alerta tx 2 (folio 41349, cód XFAC, monto 12768.89): [MONTO_ATIPICO | CONTEXTO_RESERVACION] — monto_atipico: monto_abs=12768.89, z=2.28 (umbral ±2.0) para código 'XFAC'; noches_inconsistentes: cargo=0, reserva=7.0"
488,14739,PROPTI,0.0,2021-10-29,True,True,False,MONTO_ATIPICO,,MEDIO,25,"monto_atipico: monto_abs=0.00, z=-2.03 (umbral ±2.0) para código 'PROPTI'","Alerta tx 488 (folio 14739, cód PROPTI, monto 0.00): [MONTO_ATIPICO] — monto_atipico: monto_abs=0.00, z=-2.03 (umbral ±2.0) para código 'PROPTI'"
661,56488,PROPTI,79.2,2023-04-22,True,True,False,CANCELACION_SOSPECHOSA,"USUARIO_MODIFICACION: creado por 'JLS', modificado por 'CEV'",MEDIO,25,cancelacion_monto_alto: monto cancelado=79.20,"Alerta tx 661 (folio 56488, cód PROPTI, monto 79.20): [CANCELACION_SOSPECHOSA] — cancelacion_monto_alto: monto cancelado=79.20 — | ctx: USUARIO_MODIFICACION: creado por 'JLS', modificado por 'CEV'"
44,129738,CANXFA,4710.75,2025-07-15,True,True,False,FUERA_DE_ESTANCIA,,MEDIO,35,"cargo_despues_checkout: fecha_cargo=2025-07-15, check-out=2025-07-12","Alerta tx 44 (folio 129738, cód CANXFA, monto 4710.75): [FUERA_DE_ESTANCIA] — cargo_despues_checkout: fecha_cargo=2025-07-15, check-out=2025-07-12"
189,47308,PROPTI,-72.0,2023-01-15,True,True,False,CANCELACION_SOSPECHOSA,"USUARIO_MODIFICACION: creado por 'EGT', modificado por 'ALM'",MEDIO,25,cancelacion_monto_alto: monto cancelado=72.00,"Alerta tx 189 (folio 47308, cód PROPTI, monto -72.00): [CANCELACION_SOSPECHOSA] — cancelacion_monto_alto: monto cancelado=72.00 — | ctx: USUARIO_MODIFICACION: creado por 'EGT', modificado por 'ALM'"
782,130652,CANXFA,-4642.12,2025-07-29,True,True,False,FUERA_DE_ESTANCIA | CONTEXTO_RESERVACION,,ALTO,55,"cargo_despues_checkout: fecha_cargo=2025-07-29, check-out=2025-07-26 | noches_inconsistentes: cargo=0, reserva=3.0","Alerta tx 782 (folio 130652, cód CANXFA, monto -4642.12): [FUERA_DE_ESTANCIA | CONTEXTO_RESERVACION] — cargo_despues_checkout: fecha_cargo=2025-07-29, check-out=2025-07-26; noches_inconsistentes: cargo=0, reserva=3.0"
489,19120,RENHAB,4721.33,2022-01-02,True,True,False,MONTO_ATIPICO | CANCELACION_SOSPECHOSA,"USUARIO_MODIFICACION: creado por 'ALM', modificado por 'AGH' (monto alto)",ALTO,50,"monto_atipico: monto_abs=4721.33, z=3.16 (umbral ±2.0) para código 'RENHAB' | cancelacion_monto_alto: monto cancelado=4721.33","Alerta tx 489 (folio 19120, cód RENHAB, monto 4721.33): [MONTO_ATIPICO | CANCELACION_SOSPECHOSA] — monto_atipico: monto_abs=4721.33, z=3.16 (umbral ±2.0) para código 'RENHAB'; cancelacion_monto_alto: monto cancelado=4721.33 — | ctx: USUARIO_MODIFICACION: creado por 'ALM', modificado por 'AGH' (monto alto)"
504,87626,PROPTI,116.16,2024-03-24,True,True,False,MONTO_ATIPICO,,MEDIO,25,"monto_atipico: monto_abs=116.16, z=3.34 (umbral ±2.0) para código 'PROPTI'","Alerta tx 504 (folio 87626, cód PROPTI, monto 116.16): [MONTO_ATIPICO] — monto_atipico: monto_abs=116.16, z=3.34 (umbral ±2.0) para código 'PROPTI'"
241,97844,TRANSF,25000.0,2024-06-28,True,True,False,MONTO_ATIPICO,,MEDIO,25,"monto_atipico: monto_abs=25000.00, z=2.42 (umbral ±2.0) para código 'TRANSF'","Alerta tx 241 (folio 97844, cód TRANSF, monto 25000.00): [MONTO_ATIPICO] — monto_atipico: monto_abs=25000.00, z=2.42 (umbral ±2.0) para código 'TRANSF'"
890,15862,RENHAB,1708.0,2021-11-13,True,True,False,CANCELACION_SOSPECHOSA,"USUARIO_MODIFICACION: creado por 'ALM', modificado por 'AGH'",MEDIO,25,folio_alto_ratio_cancelaciones: 100% de movimientos cancelados,"Alerta tx 890 (folio 15862, cód RENHAB, monto 1708.00): [CANCELACION_SOSPECHOSA] — folio_alto_ratio_cancelaciones: 100% de movimientos cancelados — | ctx: USUARIO_MODIFICACION: creado por 'ALM', modificado por 'AGH'"
187,12595,PROPTI,96.0,2021-09-23,True,True,False,MONTO_ATIPICO,,MEDIO,25,"monto_atipico: monto_abs=96.00, z=2.41 (umbral ±2.0) para código 'PROPTI'","Alerta tx 187 (folio 12595, cód PROPTI, monto 96.00): [MONTO_ATIPICO] — monto_atipico: monto_abs=96.00, z=2.41 (umbral ±2.0) para código 'PROPTI'"
255,5281,RENHAB,0.0,2021-05-23,True,True,False,MONTO_ATIPICO,,MEDIO,25,"monto_atipico: monto_abs=0.00, z=-2.63 (umbral ±2.0) para código 'RENHAB'","Alerta tx 255 (folio 5281, cód RENHAB, monto 0.00): [MONTO_ATIPICO] — monto_atipico: monto_abs=0.00, z=-2.63 (umbral ±2.0) para código 'RENHAB'"
637,96993,RENHAB,0.0,2024-06-22,True,True,False,MONTO_ATIPICO,,MEDIO,25,"monto_atipico: monto_abs=0.00, z=-2.63 (umbral ±2.0) para código 'RENHAB'","Alerta tx 637 (folio 96993, cód RENHAB, monto 0.00): [MONTO_ATIPICO] — monto_atipico: monto_abs=0.00, z=-2.63 (umbral ±2.0) para código 'RENHAB'"
65,145429,DEPHAB,23117.0,2026-01-16,True,True,False,MONTO_ATIPICO,,MEDIO,25,"monto_atipico: monto_abs=23117.00, z=2.71 (umbral ±2.0) para código 'DEPHAB'","Alerta tx 65 (folio 145429, cód DEPHAB, monto 23117.00): [MONTO_ATIPICO] — monto_atipico: monto_abs=23117.00, z=2.71 (umbral ±2.0) para código 'DEPHAB'"
1261,352,CANCXC,-4479.15,2021-03-12,True,True,False,FUERA_DE_ESTANCIA | CANCELACION_SOSPECHOSA | CONTEXTO_RESERVACION,"USUARIO_MODIFICACION: creado por 'ALM', modificado por 'FJL' (monto alto)",CRITICO,80,"cargo_despues_checkout: fecha_cargo=2021-03-12, check-out=2021-03-10 | folio_alto_ratio_cancelaciones: 75% de movimientos cancelados | noches_inconsistentes: cargo=0, reserva=3.0","Alerta tx 1261 (folio 352, cód CANCXC, monto -4479.15): [FUERA_DE_ESTANCIA | CANCELACION_SOSPECHOSA | CONTEXTO_RESERVACION] — cargo_despues_checkout: fecha_cargo=2021-03-12, check-out=2021-03-10; folio_alto_ratio_cancelaciones: 75% de movimientos cancelados; noches_inconsistentes: cargo=0, reserva=3.0 — | ctx: USUARIO_MODIFICACION: creado por 'ALM', modificado por 'FJL' (monto alto)"
35,51883,CANXFA,7298.0,2023-03-13,True,True,False,FUERA_DE_ESTANCIA,,MEDIO,35,"cargo_despues_checkout: fecha_cargo=2023-03-13, check-out=2023-03-12","Alerta tx 35 (folio 51883, cód CANXFA, monto 7298.00): [FUERA_DE_ESTANCIA] — cargo_despues_checkout: fecha_cargo=2023-03-13, check-out=2023-03-12"
323,101529,RENHAB,0.0,2024-08-06,True,True,False,MONTO_ATIPICO,,MEDIO,25,"monto_atipico: monto_abs=0.00, z=-2.63 (umbral ±2.0) para código 'RENHAB'","Alerta tx 323 (folio 101529, cód RENHAB, monto 0.00): [MONTO_ATIPICO] — monto_atipico: monto_abs=0.00, z=-2.63 (umbral ±2.0) para código 'RENHAB'"
50,33594,CANXFA,4274.46,2022-07-07,True,True,False,FUERA_DE_ESTANCIA | CONTEXTO_RESERVACION,,ALTO,55,"cargo_despues_checkout: fecha_cargo=2022-07-07, check-out=2022-07-01 | noches_inconsistentes: cargo=0, reserva=3.0","Alerta tx 50 (folio 33594, cód CANXFA, monto 4274.46): [FUERA_DE_ESTANCIA | CONTEXTO_RESERVACION] — cargo_despues_checkout: fecha_cargo=2022-07-07, check-out=2022-07-01; noches_inconsistentes: cargo=0, reserva=3.0"
345,29641,RENHAB,0.0,2022-05-21,True,True,False,MONTO_ATIPICO,,MEDIO,25,"monto_atipico: monto_abs=0.00, z=-2.63 (umbral ±2.0) para código 'RENHAB'","Alerta tx 345 (folio 29641, cód RENHAB, monto 0.00): [MONTO_ATIPICO] — monto_atipico: monto_abs=0.00, z=-2.63 (umbral ±2.0) para código 'RENHAB'"
152,136582,RENHAB,0.0,2025-09-30,True,True,False,MONTO_ATIPICO,,MEDIO,25,"monto_atipico: monto_abs=0.00, z=-2.63 (umbral ±2.0) para código 'RENHAB'","Alerta tx 152 (folio 136582, cód RENHAB, monto 0.00): [MONTO_ATIPICO] — monto_atipico: monto_abs=0.00, z=-2.63 (umbral ±2.0) para código 'RENHAB'"
39,1739,CANXFA,4668.81,2021-03-29,True,True,False,FUERA_DE_ESTANCIA | CONTEXTO_RESERVACION,,ALTO,55,"cargo_despues_checkout: fecha_cargo=2021-03-29, check-out=2021-03-28 | noches_inconsistentes: cargo=0, reserva=3.0","Alerta tx 39 (folio 1739, cód CANXFA, monto 4668.81): [FUERA_DE_ESTANCIA | CONTEXTO_RESERVACION] — cargo_despues_checkout: fecha_cargo=2021-03-29, check-out=2021-03-28; noches_inconsistentes: cargo=0, reserva=3.0"
895,18854,RENHAB,-3962.0,2021-12-28,True,True,False,MONTO_ATIPICO | CANCELACION_SOSPECHOSA,"USUARIO_MODIFICACION: creado por 'ALM', modificado por 'AGH' (monto alto)",ALTO,50,"monto_atipico: monto_abs=3962.00, z=2.23 (umbral ±2.0) para código 'RENHAB' | cancelacion_monto_alto: monto cancelado=3962.00","Alerta tx 895 (folio 18854, cód RENHAB, monto -3962.00): [MONTO_ATIPICO | CANCELACION_SOSPECHOSA] — monto_atipico: monto_abs=3962.00, z=2.23 (umbral ±2.0) para código 'RENHAB'; cancelacion_monto_alto: monto cancelado=3962.00 — | ctx: USUARIO_MODIFICACION: creado por 'ALM', modificado por 'AGH' (monto alto)"
185,89837,CANXFA,4160.37,2024-04-12,True,True,False,FUERA_DE_ESTANCIA,,MEDIO,35,"cargo_despues_checkout: fecha_cargo=2024-04-12, check-out=2024-03-23","Alerta tx 185 (folio 89837, cód CANXFA, monto 4160.37): [FUERA_DE_ESTANCIA] — cargo_despues_checkout: fecha_cargo=2024-04-12, check-out=2024-03-23"
265,129373,RENHAB,0.0,2025-07-17,True,True,False,MONTO_ATIPICO | CONTEXTO_RESERVACION,,MEDIO,45,"monto_atipico: monto_abs=0.00, z=-2.63 (umbral ±2.0) para código 'RENHAB' | noches_inconsistentes: cargo=13, reserva=16.0","Alerta tx 265 (folio 129373, cód RENHAB, monto 0.00): [MONTO_ATIPICO | CONTEXTO_RESERVACION] — monto_atipico: monto_abs=0.00, z=-2.63 (umbral ±2.0) para código 'RENHAB'; noches_inconsistentes: cargo=13, reserva=16.0"
639,54042,RENHAB,0.0,2023-04-04,True,True,False,MONTO_ATIPICO,,MEDIO,25,"monto_atipico: monto_abs=0.00, z=-2.63 (umbral ±2.0) para código 'RENHAB'","Alerta tx 639 (folio 54042, cód RENHAB, monto 0.00): [MONTO_ATIPICO] — monto_atipico: monto_abs=0.00, z=-2.63 (umbral ±2.0) para código 'RENHAB'"
8,DEP103,DEPRES,66300.0,2021-03-22,True,True,False,MONTO_ATIPICO,,MEDIO,25,"monto_atipico: monto_abs=66300.00, z=3.11 (umbral ±2.0) para código 'DEPRES'","Alerta tx 8 (folio DEP103, cód DEPRES, monto 66300.00): [MONTO_ATIPICO] — monto_atipico: monto_abs=66300.00, z=3.11 (umbral ±2.0) para código 'DEPRES'"
25,44080,DEPHAB,54780.0,2022-11-27,True,True,False,MONTO_ATIPICO,,MEDIO,25,"monto_atipico: monto_abs=54780.00, z=7.67 (umbral ±2.0) para código 'DEPHAB'","Alerta tx 25 (folio 44080, cód DEPHAB, monto 54780.00): [MONTO_ATIPICO] — monto_atipico: monto_abs=54780.00, z=7.67 (umbral ±2.0) para código 'DEPHAB'"
253,147098,PROPTI,-87.12,2026-02-11,True,True,False,CANCELACION_SOSPECHOSA,"USUARIO_MODIFICACION: creado por 'CQ3', modificado por 'RM2'",MEDIO,25,cancelacion_monto_alto: monto cancelado=87.12,"Alerta tx 253 (folio 147098, cód PROPTI, monto -87.12): [CANCELACION_SOSPECHOSA] — cancelacion_monto_alto: monto cancelado=87.12 — | ctx: USUARIO_MODIFICACION: creado por 'CQ3', modificado por 'RM2'"
436,120961,RENHAB,4912.83,2025-04-14,True,True,False,MONTO_ATIPICO,,MEDIO,25,"monto_atipico: monto_abs=4912.83, z=3.39 (umbral ±2.0) para código 'RENHAB'","Alerta tx 436 (folio 120961, cód RENHAB, monto 4912.83): [MONTO_ATIPICO] — monto_atipico: monto_abs=4912.83, z=3.39 (umbral ±2.0) para código 'RENHAB'"
722,80019,PROPTI,132.0,2023-12-30,True,True,False,MONTO_ATIPICO,,MEDIO,25,"monto_atipico: monto_abs=132.00, z=4.07 (umbral ±2.0) para código 'PROPTI'","Alerta tx 722 (folio 80019, cód PROPTI, monto 132.00): [MONTO_ATIPICO] — monto_atipico: monto_abs=132.00, z=4.07 (umbral ±2.0) para código 'PROPTI'"
741,18177,PROPTI,-72.0,2021-12-20,True,True,False,CANCELACION_SOSPECHOSA,"USUARIO_MODIFICACION: creado por 'ALM', modificado por 'EGT'",MEDIO,25,cancelacion_monto_alto: monto cancelado=72.00,"Alerta tx 741 (folio 18177, cód PROPTI, monto -72.00): [CANCELACION_SOSPECHOSA] — cancelacion_monto_alto: monto cancelado=72.00 — | ctx: USUARIO_MODIFICACION: creado por 'ALM', modificado por 'EGT'"
302,132263,RENHAB,3094.22,2025-08-06,True,True,False,CANCELACION_SOSPECHOSA,"USUARIO_MODIFICACION: creado por 'DOB', modificado por 'CEV' (monto alto)",MEDIO,25,cancelacion_monto_alto: monto cancelado=3094.22,"Alerta tx 302 (folio 132263, cód RENHAB, monto 3094.22): [CANCELACION_SOSPECHOSA] — cancelacion_monto_alto: monto cancelado=3094.22 — | ctx: USUARIO_MODIFICACION: creado por 'DOB', modificado por 'CEV' (monto alto)"
1055,92599,PROPTI,-87.12,2024-05-10,True,True,False,CANCELACION_SOSPECHOSA,"USUARIO_MODIFICACION: creado por 'VN2', modificado por 'RM2'",MEDIO,25,cancelacion_monto_alto: monto cancelado=87.12,"Alerta tx 1055 (folio 92599, cód PROPTI, monto -87.12): [CANCELACION_SOSPECHOSA] — cancelacion_monto_alto: monto cancelado=87.12 — | ctx: USUARIO_MODIFICACION: creado por 'VN2', modificado por 'RM2'"
1870,1129,PROPTI,-72.0,2021-03-20,True,True,False,CANCELACION_SOSPECHOSA,"USUARIO_MODIFICACION: creado por 'FJL', modificado por 'NCR'",MEDIO,25,cancelacion_monto_alto: monto cancelado=72.00,"Alerta tx 1870 (folio 1129, cód PROPTI, monto -72.00): [CANCELACION_SOSPECHOSA] — cancelacion_monto_alto: monto cancelado=72.00 — | ctx: USUARIO_MODIFICACION: creado por 'FJL', modificado por 'NCR'"
91,21272,CANXFA,3398.28,2022-01-31,True,True,False,FUERA_DE_ESTANCIA | CONTEXTO_RESERVACION,,ALTO,55,"cargo_despues_checkout: fecha_cargo=2022-01-31, check-out=2022-01-27 | noches_inconsistentes: cargo=0, reserva=3.0","Alerta tx 91 (folio 21272, cód CANXFA, monto 3398.28): [FUERA_DE_ESTANCIA | CONTEXTO_RESERVACION] — cargo_despues_checkout: fecha_cargo=2022-01-31, check-out=2022-01-27; noches_inconsistentes: cargo=0, reserva=3.0"
582,5436,PROPTI,96.0,2021-05-24,True,True,False,MONTO_ATIPICO,,MEDIO,25,"monto_atipico: monto_abs=96.00, z=2.41 (umbral ±2.0) para código 'PROPTI'","Alerta tx 582 (folio 5436, cód PROPTI, monto 96.00): [MONTO_ATIPICO] — monto_atipico: monto_abs=96.00, z=2.41 (umbral ±2.0) para código 'PROPTI'"
294,41181,PROPTI,96.0,2022-10-08,True,True,False,MONTO_ATIPICO,,MEDIO,25,"monto_atipico: monto_abs=96.00, z=2.41 (umbral ±2.0) para código 'PROPTI'","Alerta tx 294 (folio 41181, cód PROPTI, monto 96.00): [MONTO_ATIPICO] — monto_atipico: monto_abs=96.00, z=2.41 (umbral ±2.0) para código 'PROPTI'"
553,78144,RENHAB,1897.2,2023-12-07,True,True,False,CANCELACION_SOSPECHOSA,"USUARIO_MODIFICACION: creado por 'EGT', modificado por 'CEV'",MEDIO,25,folio_alto_ratio_cancelaciones: 100% de movimientos cancelados,"Alerta tx 553 (folio 78144, cód RENHAB, monto 1897.20): [CANCELACION_SOSPECHOSA] — folio_alto_ratio_cancelaciones: 100% de movimientos cancelados — | ctx: USUARIO_MODIFICACION: creado por 'EGT', modificado por 'CEV'"
362,117364,RENHAB,0.0,2025-03-08,True,True,False,MONTO_ATIPICO,,MEDIO,25,"monto_atipico: monto_abs=0.00, z=-2.63 (umbral ±2.0) para código 'RENHAB'","Alerta tx 362 (folio 117364, cód RENHAB, monto 0.00): [MONTO_ATIPICO] — monto_atipico: monto_abs=0.00, z=-2.63 (umbral ±2.0) para código 'RENHAB'"
13,60446,DEPHAB,20000.0,2023-05-30,True,True,False,MONTO_ATIPICO,,MEDIO,25,"monto_atipico: monto_abs=20000.00, z=2.23 (umbral ±2.0) para código 'DEPHAB'","Alerta tx 13 (folio 60446, cód DEPHAB, monto 20000.00): [MONTO_ATIPICO] — monto_atipico: monto_abs=20000.00, z=2.23 (umbral ±2.0) para código 'DEPHAB'"
800,5280,PROPTI,-96.0,2021-05-22,True,True,False,MONTO_ATIPICO | CANCELACION_SOSPECHOSA,"USUARIO_MODIFICACION: creado por 'MCC', modificado por 'KJG'",ALTO,50,"monto_atipico: monto_abs=96.00, z=2.41 (umbral ±2.0) para código 'PROPTI' | cancelacion_monto_alto: monto cancelado=96.00","Alerta tx 800 (folio 5280, cód PROPTI, monto -96.00): [MONTO_ATIPICO | CANCELACION_SOSPECHOSA] — monto_atipico: monto_abs=96.00, z=2.41 (umbral ±2.0) para código 'PROPTI'; cancelacion_monto_alto: monto cancelado=96.00 — | ctx: USUARIO_MODIFICACION: creado por 'MCC', modificado por 'KJG'"
13,42364,CANXFA,4855.01,2022-10-31,True,True,False,FUERA_DE_ESTANCIA | CONTEXTO_RESERVACION,,ALTO,55,"cargo_despues_checkout: fecha_cargo=2022-10-31, check-out=2022-10-27 | noches_inconsistentes: cargo=0, reserva=3.0","Alerta tx 13 (folio 42364, cód CANXFA, monto 4855.01): [FUERA_DE_ESTANCIA | CONTEXTO_RESERVACION] — cargo_despues_checkout: fecha_cargo=2022-10-31, check-out=2022-10-27; noches_inconsistentes: cargo=0, reserva=3.0"
309,113928,RENHAB,0.0,2025-01-27,True,True,False,MONTO_ATIPICO,,MEDIO,25,"monto_atipico: monto_abs=0.00, z=-2.63 (umbral ±2.0) para código 'RENHAB'","Alerta tx 309 (folio 113928, cód RENHAB, monto 0.00): [MONTO_ATIPICO] — monto_atipico: monto_abs=0.00, z=-2.63 (umbral ±2.0) para código 'RENHAB'"
586,98100,RENHAB,-3820.71,2024-07-03,True,True,False,MONTO_ATIPICO | CANCELACION_SOSPECHOSA,"USUARIO_MODIFICACION: creado por 'EGT', modificado por 'MBJ' (monto alto)",ALTO,50,"monto_atipico: monto_abs=3820.71, z=2.06 (umbral ±2.0) para código 'RENHAB' | cancelacion_monto_alto: monto cancelado=3820.71","Alerta tx 586 (folio 98100, cód RENHAB, monto -3820.71): [MONTO_ATIPICO | CANCELACION_SOSPECHOSA] — monto_atipico: monto_abs=3820.71, z=2.06 (umbral ±2.0) para código 'RENHAB'; cancelacion_monto_alto: monto cancelado=3820.71 — | ctx: USUARIO_MODIFICACION: creado por 'EGT', modificado por 'MBJ' (monto alto)"
77,53289,CANXFA,6046.02,2023-03-26,True,True,False,FUERA_DE_ESTANCIA,,MEDIO,35,"cargo_despues_checkout: fecha_cargo=2023-03-26, check-out=2023-03-22","Alerta tx 77 (folio 53289, cód CANXFA, monto 6046.02): [FUERA_DE_ESTANCIA] — cargo_despues_checkout: fecha_cargo=2023-03-26, check-out=2023-03-22"
353,27909,RENHAB,0.0,2022-04-26,True,True,False,MONTO_ATIPICO,,MEDIO,25,"monto_atipico: monto_abs=0.00, z=-2.63 (umbral ±2.0) para código 'RENHAB'","Alerta tx 353 (folio 27909, cód RENHAB, monto 0.00): [MONTO_ATIPICO] — monto_atipico: monto_abs=0.00, z=-2.63 (umbral ±2.0) para código 'RENHAB'"
55,71301,DEPHAB,35600.0,2023-09-06,True,True,False,MONTO_ATIPICO,,MEDIO,25,"monto_atipico: monto_abs=35600.00, z=4.67 (umbral ±2.0) para código 'DEPHAB'","Alerta tx 55 (folio 71301, cód DEPHAB, monto 35600.00): [MONTO_ATIPICO] — monto_atipico: monto_abs=35600.00, z=4.67 (umbral ±2.0) para código 'DEPHAB'"
340,82015,PROPTI,79.2,2024-01-25,True,True,False,CANCELACION_SOSPECHOSA,"USUARIO_MODIFICACION: creado por 'EGT', modificado por 'MBJ'",MEDIO,25,cancelacion_monto_alto: monto cancelado=79.20,"Alerta tx 340 (folio 82015, cód PROPTI, monto 79.20): [CANCELACION_SOSPECHOSA] — cancelacion_monto_alto: monto cancelado=79.20 — | ctx: USUARIO_MODIFICACION: creado por 'EGT', modificado por 'MBJ'"
1017,112562,PROPTI,-87.12,2025-01-03,True,True,False,CANCELACION_SOSPECHOSA,"USUARIO_MODIFICACION: creado por 'EGT', modificado por 'RFR'",MEDIO,25,cancelacion_monto_alto: monto cancelado=87.12,"Alerta tx 1017 (folio 112562, cód PROPTI, monto -87.12): [CANCELACION_SOSPECHOSA] — cancelacion_monto_alto: monto cancelado=87.12 — | ctx: USUARIO_MODIFICACION: creado por 'EGT', modificado por 'RFR'"
665,15862,PROPTI,-48.0,2021-11-18,True,True,False,CANCELACION_SOSPECHOSA,"USUARIO_MODIFICACION: creado por 'EGT', modificado por 'ALM'",MEDIO,25,folio_alto_ratio_cancelaciones: 100% de movimientos cancelados,"Alerta tx 665 (folio 15862, cód PROPTI, monto -48.00): [CANCELACION_SOSPECHOSA] — folio_alto_ratio_cancelaciones: 100% de movimientos cancelados — | ctx: USUARIO_MODIFICACION: creado por 'EGT', modificado por 'ALM'"
433,75115,RENHAB,4674.31,2023-10-28,True,True,False,MONTO_ATIPICO,,MEDIO,25,"monto_atipico: monto_abs=4674.31, z=3.10 (umbral ±2.0) para código 'RENHAB'","Alerta tx 433 (folio 75115, cód RENHAB, monto 4674.31): [MONTO_ATIPICO] — monto_atipico: monto_abs=4674.31, z=3.10 (umbral ±2.0) para código 'RENHAB'"
164,114700,TRANSF,29805.6,2025-01-31,True,True,False,MONTO_ATIPICO,,MEDIO,25,"monto_atipico: monto_abs=29805.60, z=3.07 (umbral ±2.0) para código 'TRANSF'","Alerta tx 164 (folio 114700, cód TRANSF, monto 29805.60): [MONTO_ATIPICO] — monto_atipico: monto_abs=29805.60, z=3.07 (umbral ±2.0) para código 'TRANSF'"
387,6343,RENHAB,0.0,2021-10-28,True,True,False,MONTO_ATIPICO | CONTEXTO_RESERVACION,,MEDIO,45,"monto_atipico: monto_abs=0.00, z=-2.63 (umbral ±2.0) para código 'RENHAB' | noches_inconsistentes: cargo=53, reserva=112.0","Alerta tx 387 (folio 6343, cód RENHAB, monto 0.00): [MONTO_ATIPICO | CONTEXTO_RESERVACION] — monto_atipico: monto_abs=0.00, z=-2.63 (umbral ±2.0) para código 'RENHAB'; noches_inconsistentes: cargo=53, reserva=112.0"
548,12200,PROPTI,-72.0,2021-09-17,True,True,False,CANCELACION_SOSPECHOSA,"USUARIO_MODIFICACION: creado por 'ALM', modificado por 'RFR'",MEDIO,25,cancelacion_monto_alto: monto cancelado=72.00,"Alerta tx 548 (folio 12200, cód PROPTI, monto -72.00): [CANCELACION_SOSPECHOSA] — cancelacion_monto_alto: monto cancelado=72.00 — | ctx: USUARIO_MODIFICACION: creado por 'ALM', modificado por 'RFR'"
103,54881,RENMAN,0.01,2023-05-25,True,True,False,FUERA_DE_ESTANCIA,,MEDIO,35,"cargo_despues_checkout: fecha_cargo=2023-05-25, check-out=2023-04-11","Alerta tx 103 (folio 54881, cód RENMAN, monto 0.01): [FUERA_DE_ESTANCIA] — cargo_despues_checkout: fecha_cargo=2023-05-25, check-out=2023-04-11"
519,135013,PROPTI,-43.56,2025-08-31,True,True,False,CANCELACION_SOSPECHOSA,"USUARIO_MODIFICACION: creado por 'DOB', modificado por 'CEV'",MEDIO,25,folio_alto_ratio_cancelaciones: 100% de movimientos cancelados,"Alerta tx 519 (folio 135013, cód PROPTI, monto -43.56): [CANCELACION_SOSPECHOSA] — folio_alto_ratio_cancelaciones: 100% de movimientos cancelados — | ctx: USUARIO_MODIFICACION: creado por 'DOB', modificado por 'CEV'"
96,28535,DEPHAB,37600.0,2022-05-04,True,True,False,MONTO_ATIPICO,,MEDIO,25,"monto_atipico: monto_abs=37600.00, z=4.98 (umbral ±2.0) para código 'DEPHAB'","Alerta tx 96 (folio 28535, cód DEPHAB, monto 37600.00): [MONTO_ATIPICO] — monto_atipico: monto_abs=37600.00, z=4.98 (umbral ±2.0) para código 'DEPHAB'"
593,95948,PROPTI,-87.12,2024-06-12,True,True,False,CANCELACION_SOSPECHOSA,"USUARIO_MODIFICACION: creado por 'VN2', modificado por 'CEV'",MEDIO,25,cancelacion_monto_alto: monto cancelado=87.12,"Alerta tx 593 (folio 95948, cód PROPTI, monto -87.12): [CANCELACION_SOSPECHOSA] — cancelacion_monto_alto: monto cancelado=87.12 — | ctx: USUARIO_MODIFICACION: creado por 'VN2', modificado por 'CEV'"
540,2456,PROPTI,72.0,2021-04-08,True,True,False,CANCELACION_SOSPECHOSA,"USUARIO_MODIFICACION: creado por 'ALM', modificado por 'RFR'",MEDIO,25,cancelacion_monto_alto: monto cancelado=72.00,"Alerta tx 540 (folio 2456, cód PROPTI, monto 72.00): [CANCELACION_SOSPECHOSA] — cancelacion_monto_alto: monto cancelado=72.00 — | ctx: USUARIO_MODIFICACION: creado por 'ALM', modificado por 'RFR'"
693,3091,PROPTI,-96.0,2021-04-17,True,True,False,MONTO_ATIPICO | CANCELACION_SOSPECHOSA,"USUARIO_MODIFICACION: creado por 'FJL', modificado por 'KJG'",ALTO,50,"monto_atipico: monto_abs=96.00, z=2.41 (umbral ±2.0) para código 'PROPTI' | cancelacion_monto_alto: monto cancelado=96.00","Alerta tx 693 (folio 3091, cód PROPTI, monto -96.00): [MONTO_ATIPICO | CANCELACION_SOSPECHOSA] — monto_atipico: monto_abs=96.00, z=2.41 (umbral ±2.0) para código 'PROPTI'; cancelacion_monto_alto: monto cancelado=96.00 — | ctx: USUARIO_MODIFICACION: creado por 'FJL', modificado por 'KJG'"
27,109311,CANXFA,3952.58,2024-11-26,True,True,False,FUERA_DE_ESTANCIA,,MEDIO,35,"cargo_despues_checkout: fecha_cargo=2024-11-26, check-out=2024-11-24","Alerta tx 27 (folio 109311, cód CANXFA, monto 3952.58): [FUERA_DE_ESTANCIA] — cargo_despues_checkout: fecha_cargo=2024-11-26, check-out=2024-11-24"
602,36970,RENHAB,4073.0,2022-08-07,True,True,False,MONTO_ATIPICO,,MEDIO,25,"monto_atipico: monto_abs=4073.00, z=2.36 (umbral ±2.0) para código 'RENHAB'","Alerta tx 602 (folio 36970, cód RENHAB, monto 4073.00): [MONTO_ATIPICO] — monto_atipico: monto_abs=4073.00, z=2.36 (umbral ±2.0) para código 'RENHAB'"
43,42302,CANCXC,-6386.11,2022-11-07,True,True,False,FUERA_DE_ESTANCIA | CONTEXTO_RESERVACION,,ALTO,55,"cargo_despues_checkout: fecha_cargo=2022-11-07, check-out=2022-11-01 | noches_inconsistentes: cargo=0, reserva=3.0","Alerta tx 43 (folio 42302, cód CANCXC, monto -6386.11): [FUERA_DE_ESTANCIA | CONTEXTO_RESERVACION] — cargo_despues_checkout: fecha_cargo=2022-11-07, check-out=2022-11-01; noches_inconsistentes: cargo=0, reserva=3.0"
418,122401,PROPTI,87.12,2025-04-26,True,True,False,CANCELACION_SOSPECHOSA,"USUARIO_MODIFICACION: creado por 'DOB', modificado por 'MBJ'",MEDIO,25,cancelacion_monto_alto: monto cancelado=87.12,"Alerta tx 418 (folio 122401, cód PROPTI, monto 87.12): [CANCELACION_SOSPECHOSA] — cancelacion_monto_alto: monto cancelado=87.12 — | ctx: USUARIO_MODIFICACION: creado por 'DOB', modificado por 'MBJ'"
45,6489,TARDEB,19035.24,2021-06-14,True,True,False,MONTO_ATIPICO,,MEDIO,25,"monto_atipico: monto_abs=19035.24, z=2.05 (umbral ±2.0) para código 'TARDEB'","Alerta tx 45 (folio 6489, cód TARDEB, monto 19035.24): [MONTO_ATIPICO] — monto_atipico: monto_abs=19035.24, z=2.05 (umbral ±2.0) para código 'TARDEB'"
26,136898,RENAJU,13552.0,2025-09-30,True,True,False,MONTO_ATIPICO,,MEDIO,25,"monto_atipico: monto_abs=13552.00, z=2.44 (umbral ±2.0) para código 'RENAJU'","Alerta tx 26 (folio 136898, cód RENAJU, monto 13552.00): [MONTO_ATIPICO] — monto_atipico: monto_abs=13552.00, z=2.44 (umbral ±2.0) para código 'RENAJU'"
831,5694,PROPTI,-72.0,2021-05-29,True,True,False,CANCELACION_SOSPECHOSA,"USUARIO_MODIFICACION: creado por 'MCC', modificado por 'JML'",MEDIO,25,cancelacion_monto_alto: monto cancelado=72.00,"Alerta tx 831 (folio 5694, cód PROPTI, monto -72.00): [CANCELACION_SOSPECHOSA] — cancelacion_monto_alto: monto cancelado=72.00 — | ctx: USUARIO_MODIFICACION: creado por 'MCC', modificado por 'JML'"
1891,352,TARCRE,-7964.0,2021-03-11,True,True,False,CANCELACION_SOSPECHOSA,"USUARIO_MODIFICACION: creado por 'RFR', modificado por 'FJL' (monto alto)",MEDIO,25,folio_alto_ratio_cancelaciones: 75% de movimientos cancelados,"Alerta tx 1891 (folio 352, cód TARCRE, monto -7964.00): [CANCELACION_SOSPECHOSA] — folio_alto_ratio_cancelaciones: 75% de movimientos cancelados — | ctx: USUARIO_MODIFICACION: creado por 'RFR', modificado por 'FJL' (monto alto)"
558,43767,PROPTI,-72.0,2022-11-22,True,True,False,CANCELACION_SOSPECHOSA,"USUARIO_MODIFICACION: creado por 'ALM', modificado por 'LAR'",MEDIO,25,cancelacion_monto_alto: monto cancelado=72.00,"Alerta tx 558 (folio 43767, cód PROPTI, monto -72.00): [CANCELACION_SOSPECHOSA] — cancelacion_monto_alto: monto cancelado=72.00 — | ctx: USUARIO_MODIFICACION: creado por 'ALM', modificado por 'LAR'"
240,135154,PROPTI,0.0,2025-09-04,True,True,False,MONTO_ATIPICO,,MEDIO,25,"monto_atipico: monto_abs=0.00, z=-2.03 (umbral ±2.0) para código 'PROPTI'","Alerta tx 240 (folio 135154, cód PROPTI, monto 0.00): [MONTO_ATIPICO] — monto_atipico: monto_abs=0.00, z=-2.03 (umbral ±2.0) para código 'PROPTI'"
517,2743,RENHAB,0.0,2021-04-10,True,True,False,DUPLICADO | MONTO_ATIPICO,"USUARIO_MODIFICACION: creado por 'FJL', modificado por 'KJG'",ALTO,65,"duplicado_exacto: 2 veces el mismo folio/código/monto/habitación/fecha | monto_atipico: monto_abs=0.00, z=-2.63 (umbral ±2.0) para código 'RENHAB'","Alerta tx 517 (folio 2743, cód RENHAB, monto 0.00): [DUPLICADO | MONTO_ATIPICO] — duplicado_exacto: 2 veces el mismo folio/código/monto/habitación/fecha; monto_atipico: monto_abs=0.00, z=-2.63 (umbral ±2.0) para código 'RENHAB' — | ctx: USUARIO_MODIFICACION: creado por 'FJL', modificado por 'KJG'"
233,98563,CANXFA,5499.28,2024-07-05,True,True,False,FUERA_DE_ESTANCIA | CONTEXTO_RESERVACION,,ALTO,55,"cargo_despues_checkout: fecha_cargo=2024-07-05, check-out=2024-07-04 | noches_inconsistentes: cargo=0, reserva=3.0","Alerta tx 233 (folio 98563, cód CANXFA, monto 5499.28): [FUERA_DE_ESTANCIA | CONTEXTO_RESERVACION] — cargo_despues_checkout: fecha_cargo=2024-07-05, check-out=2024-07-04; noches_inconsistentes: cargo=0, reserva=3.0"
299,59249,RENHAB,4193.6,2023-05-20,True,True,False,MONTO_ATIPICO,,MEDIO,25,"monto_atipico: monto_abs=4193.60, z=2.51 (umbral ±2.0) para código 'RENHAB'","Alerta tx 299 (folio 59249, cód RENHAB, monto 4193.60): [MONTO_ATIPICO] — monto_atipico: monto_abs=4193.60, z=2.51 (umbral ±2.0) para código 'RENHAB'"
173,135894,PROPTI,116.16,2025-09-19,True,True,False,MONTO_ATIPICO,,MEDIO,25,"monto_atipico: monto_abs=116.16, z=3.34 (umbral ±2.0) para código 'PROPTI'","Alerta tx 173 (folio 135894, cód PROPTI, monto 116.16): [MONTO_ATIPICO] — monto_atipico: monto_abs=116.16, z=3.34 (umbral ±2.0) para código 'PROPTI'"
5,46110,XFAC,13694.56,2023-01-02,True,True,False,MONTO_ATIPICO | CONTEXTO_RESERVACION,,MEDIO,45,"monto_atipico: monto_abs=13694.56, z=2.56 (umbral ±2.0) para código 'XFAC' | noches_inconsistentes: cargo=0, reserva=4.0","Alerta tx 5 (folio 46110, cód XFAC, monto 13694.56): [MONTO_ATIPICO | CONTEXTO_RESERVACION] — monto_atipico: monto_abs=13694.56, z=2.56 (umbral ±2.0) para código 'XFAC'; noches_inconsistentes: cargo=0, reserva=4.0"
679,53870,PROPTI,105.6,2023-04-02,True,True,False,MONTO_ATIPICO,,MEDIO,25,"monto_atipico: monto_abs=105.60, z=2.85 (umbral ±2.0) para código 'PROPTI'","Alerta tx 679 (folio 53870, cód PROPTI, monto 105.60): [MONTO_ATIPICO] — monto_atipico: monto_abs=105.60, z=2.85 (umbral ±2.0) para código 'PROPTI'"
41,64813,TARCRE,18412.24,2023-07-10,True,True,False,MONTO_ATIPICO,,MEDIO,25,"monto_atipico: monto_abs=18412.24, z=3.25 (umbral ±2.0) para código 'TARCRE'","Alerta tx 41 (folio 64813, cód TARCRE, monto 18412.24): [MONTO_ATIPICO] — monto_atipico: monto_abs=18412.24, z=3.25 (umbral ±2.0) para código 'TARCRE'"
4,124484,RENCOM,3650.0,2025-05-17,True,True,False,MONTO_ATIPICO,,MEDIO,25,"monto_atipico: monto_abs=3650.00, z=2.46 (umbral ±2.0) para código 'RENCOM'","Alerta tx 4 (folio 124484, cód RENCOM, monto 3650.00): [MONTO_ATIPICO] — monto_atipico: monto_abs=3650.00, z=2.46 (umbral ±2.0) para código 'RENCOM'"
72,60898,CANXFA,15003.85,2023-06-03,True,True,False,MONTO_ATIPICO | FUERA_DE_ESTANCIA | CONTEXTO_RESERVACION,,CRITICO,80,"monto_atipico: monto_abs=15003.85, z=2.80 (umbral ±2.0) para código 'CANXFA' | cargo_despues_checkout: fecha_cargo=2023-06-03, check-out=2023-06-02 | noches_inconsistentes: cargo=0, reserva=5.0","Alerta tx 72 (folio 60898, cód CANXFA, monto 15003.85): [MONTO_ATIPICO | FUERA_DE_ESTANCIA | CONTEXTO_RESERVACION] — monto_atipico: monto_abs=15003.85, z=2.80 (umbral ±2.0) para código 'CANXFA'; cargo_despues_checkout: fecha_cargo=2023-06-03, check-out=2023-06-02; noches_inconsistentes: cargo=0, reserva=5.0"
613,135013,RENHAB,-2211.92,2025-08-31,True,True,False,CANCELACION_SOSPECHOSA,"USUARIO_MODIFICACION: creado por 'DOB', modificado por 'CEV'",MEDIO,25,folio_alto_ratio_cancelaciones: 100% de movimientos cancelados,"Alerta tx 613 (folio 135013, cód RENHAB, monto -2211.92): [CANCELACION_SOSPECHOSA] — folio_alto_ratio_cancelaciones: 100% de movimientos cancelados — | ctx: USUARIO_MODIFICACION: creado por 'DOB', modificado por 'CEV'"
752,57236,RENHAB,3108.32,2023-04-29,True,True,False,CANCELACION_SOSPECHOSA,"USUARIO_MODIFICACION: creado por 'EGT', modificado por 'CEV' (monto alto)",MEDIO,25,cancelacion_monto_alto: monto cancelado=3108.32,"Alerta tx 752 (folio 57236, cód RENHAB, monto 3108.32): [CANCELACION_SOSPECHOSA] — cancelacion_monto_alto: monto cancelado=3108.32 — | ctx: USUARIO_MODIFICACION: creado por 'EGT', modificado por 'CEV' (monto alto)"
791,136799,RENHAB,-3795.38,2025-09-26,True,True,False,MONTO_ATIPICO | CANCELACION_SOSPECHOSA,"USUARIO_MODIFICACION: creado por 'EGT', modificado por 'MYB' (monto alto)",ALTO,50,"monto_atipico: monto_abs=3795.38, z=2.02 (umbral ±2.0) para código 'RENHAB' | cancelacion_monto_alto: monto cancelado=3795.38","Alerta tx 791 (folio 136799, cód RENHAB, monto -3795.38): [MONTO_ATIPICO | CANCELACION_SOSPECHOSA] — monto_atipico: monto_abs=3795.38, z=2.02 (umbral ±2.0) para código 'RENHAB'; cancelacion_monto_alto: monto cancelado=3795.38 — | ctx: USUARIO_MODIFICACION: creado por 'EGT', modificado por 'MYB' (monto alto)"
99,39268,CANXFA,2691.17,2022-09-06,True,True,False,FUERA_DE_ESTANCIA,,MEDIO,35,"cargo_despues_checkout: fecha_cargo=2022-09-06, check-out=2022-09-04","Alerta tx 99 (folio 39268, cód CANXFA, monto 2691.17): [FUERA_DE_ESTANCIA] — cargo_despues_checkout: fecha_cargo=2022-09-06, check-out=2022-09-04"
137,148847,MISCEL,900.0,2026-03-04,True,True,False,MONTO_ATIPICO,,MEDIO,25,"monto_atipico: monto_abs=900.00, z=4.61 (umbral ±2.0) para código 'MISCEL'","Alerta tx 137 (folio 148847, cód MISCEL, monto 900.00): [MONTO_ATIPICO] — monto_atipico: monto_abs=900.00, z=4.61 (umbral ±2.0) para código 'MISCEL'"
195,46167,DEPHAB,37000.0,2022-12-29,True,True,False,MONTO_ATIPICO,,MEDIO,25,"monto_atipico: monto_abs=37000.00, z=4.89 (umbral ±2.0) para código 'DEPHAB'","Alerta tx 195 (folio 46167, cód DEPHAB, monto 37000.00): [MONTO_ATIPICO] — monto_atipico: monto_abs=37000.00, z=4.89 (umbral ±2.0) para código 'DEPHAB'"
235,12062,PROPTI,-72.0,2021-09-12,True,True,False,CANCELACION_SOSPECHOSA,"USUARIO_MODIFICACION: creado por 'ALM', modificado por 'JEO'",MEDIO,25,cancelacion_monto_alto: monto cancelado=72.00,"Alerta tx 235 (folio 12062, cód PROPTI, monto -72.00): [CANCELACION_SOSPECHOSA] — cancelacion_monto_alto: monto cancelado=72.00 — | ctx: USUARIO_MODIFICACION: creado por 'ALM', modificado por 'JEO'"
616,6996,PROPTI,72.0,2021-06-19,True,True,False,CANCELACION_SOSPECHOSA,"USUARIO_MODIFICACION: creado por 'MCC', modificado por 'RFR'",MEDIO,25,cancelacion_monto_alto: monto cancelado=72.00,"Alerta tx 616 (folio 6996, cód PROPTI, monto 72.00): [CANCELACION_SOSPECHOSA] — cancelacion_monto_alto: monto cancelado=72.00 — | ctx: USUARIO_MODIFICACION: creado por 'MCC', modificado por 'RFR'"
179,27604,TRANSF,27899.84,2022-04-21,True,True,False,MONTO_ATIPICO,,MEDIO,25,"monto_atipico: monto_abs=27899.84, z=2.81 (umbral ±2.0) para código 'TRANSF'","Alerta tx 179 (folio 27604, cód TRANSF, monto 27899.84): [MONTO_ATIPICO] — monto_atipico: monto_abs=27899.84, z=2.81 (umbral ±2.0) para código 'TRANSF'"
140,119026,RENHAB,0.0,2025-03-25,True,True,False,MONTO_ATIPICO,,MEDIO,25,"monto_atipico: monto_abs=0.00, z=-2.63 (umbral ±2.0) para código 'RENHAB'","Alerta tx 140 (folio 119026, cód RENHAB, monto 0.00): [MONTO_ATIPICO] — monto_atipico: monto_abs=0.00, z=-2.63 (umbral ±2.0) para código 'RENHAB'"
253,54175,TARDEB,28331.34,2023-04-03,True,True,False,MONTO_ATIPICO | CANCELACION_SOSPECHOSA | CONTEXTO_RESERVACION,"USUARIO_MODIFICACION: creado por 'CMG', modificado por 'RFR' (monto alto)",ALTO,70,"monto_atipico: monto_abs=28331.34, z=3.46 (umbral ±2.0) para código 'TARDEB' | cancelacion_monto_alto: monto cancelado=28331.34 | noches_inconsistentes: cargo=0, reserva=3.0","Alerta tx 253 (folio 54175, cód TARDEB, monto 28331.34): [MONTO_ATIPICO | CANCELACION_SOSPECHOSA | CONTEXTO_RESERVACION] — monto_atipico: monto_abs=28331.34, z=3.46 (umbral ±2.0) para código 'TARDEB'; cancelacion_monto_alto: monto cancelado=28331.34; noches_inconsistentes: cargo=0, reserva=3.0 — | ctx: USUARIO_MODIFICACION: creado por 'CMG', modificado por 'RFR' (monto alto)"
18,121130,AJALEV,1430.0,2025-04-18,True,True,False,PAGO_PROVEEDOR_SOSPECHOSO,,MEDIO,30,referencia_poco_frecuente: 'A32433' (1 veces),"Alerta tx 18 (folio 121130, cód AJALEV, monto 1430.00): [PAGO_PROVEEDOR_SOSPECHOSO] — referencia_poco_frecuente: 'A32433' (1 veces)"
108,8598,TARCRE,18595.11,2021-07-14,True,True,False,MONTO_ATIPICO,,MEDIO,25,"monto_atipico: monto_abs=18595.11, z=3.30 (umbral ±2.0) para código 'TARCRE'","Alerta tx 108 (folio 8598, cód TARCRE, monto 18595.11): [MONTO_ATIPICO] — monto_atipico: monto_abs=18595.11, z=3.30 (umbral ±2.0) para código 'TARCRE'"
19,16053,DEPHAB,40000.0,2021-11-17,True,True,False,MONTO_ATIPICO,,MEDIO,25,"monto_atipico: monto_abs=40000.00, z=5.36 (umbral ±2.0) para código 'DEPHAB'","Alerta tx 19 (folio 16053, cód DEPHAB, monto 40000.00): [MONTO_ATIPICO] — monto_atipico: monto_abs=40000.00, z=5.36 (umbral ±2.0) para código 'DEPHAB'"
329,143332,RENHAB,4469.88,2025-12-30,True,True,False,MONTO_ATIPICO,,MEDIO,25,"monto_atipico: monto_abs=4469.88, z=2.85 (umbral ±2.0) para código 'RENHAB'","Alerta tx 329 (folio 143332, cód RENHAB, monto 4469.88): [MONTO_ATIPICO] — monto_atipico: monto_abs=4469.88, z=2.85 (umbral ±2.0) para código 'RENHAB'"
379,30059,RENHAB,4216.88,2022-05-25,True,True,False,MONTO_ATIPICO,,MEDIO,25,"monto_atipico: monto_abs=4216.88, z=2.54 (umbral ±2.0) para código 'RENHAB'","Alerta tx 379 (folio 30059, cód RENHAB, monto 4216.88): [MONTO_ATIPICO] — monto_atipico: monto_abs=4216.88, z=2.54 (umbral ±2.0) para código 'RENHAB'"
321,110299,RENHAB,0.0,2024-12-13,True,True,False,MONTO_ATIPICO,,MEDIO,25,"monto_atipico: monto_abs=0.00, z=-2.63 (umbral ±2.0) para código 'RENHAB'","Alerta tx 321 (folio 110299, cód RENHAB, monto 0.00): [MONTO_ATIPICO] — monto_atipico: monto_abs=0.00, z=-2.63 (umbral ±2.0) para código 'RENHAB'"
56,121856,CANXFA,6738.56,2025-04-22,True,True,False,FUERA_DE_ESTANCIA,,MEDIO,35,"cargo_despues_checkout: fecha_cargo=2025-04-22, check-out=2025-04-17","Alerta tx 56 (folio 121856, cód CANXFA, monto 6738.56): [FUERA_DE_ESTANCIA] — cargo_despues_checkout: fecha_cargo=2025-04-22, check-out=2025-04-17"
84,140650,RESDEP,60000.0,2025-11-23,True,True,False,MONTO_ATIPICO,,MEDIO,25,"monto_atipico: monto_abs=60000.00, z=6.39 (umbral ±2.0) para código 'RESDEP'","Alerta tx 84 (folio 140650, cód RESDEP, monto 60000.00): [MONTO_ATIPICO] — monto_atipico: monto_abs=60000.00, z=6.39 (umbral ±2.0) para código 'RESDEP'"
76,93168,CANXFA,6238.4,2024-05-16,True,True,False,FUERA_DE_ESTANCIA | CONTEXTO_RESERVACION,,ALTO,55,"cargo_despues_checkout: fecha_cargo=2024-05-16, check-out=2024-05-14 | noches_inconsistentes: cargo=0, reserva=3.0","Alerta tx 76 (folio 93168, cód CANXFA, monto 6238.40): [FUERA_DE_ESTANCIA | CONTEXTO_RESERVACION] — cargo_despues_checkout: fecha_cargo=2024-05-16, check-out=2024-05-14; noches_inconsistentes: cargo=0, reserva=3.0"
233,2743,RENHAB,0.0,2021-04-10,True,True,False,DUPLICADO | MONTO_ATIPICO,"USUARIO_MODIFICACION: creado por 'FJL', modificado por 'KJG'",ALTO,65,"duplicado_exacto: 2 veces el mismo folio/código/monto/habitación/fecha | monto_atipico: monto_abs=0.00, z=-2.63 (umbral ±2.0) para código 'RENHAB'","Alerta tx 233 (folio 2743, cód RENHAB, monto 0.00): [DUPLICADO | MONTO_ATIPICO] — duplicado_exacto: 2 veces el mismo folio/código/monto/habitación/fecha; monto_atipico: monto_abs=0.00, z=-2.63 (umbral ±2.0) para código 'RENHAB' — | ctx: USUARIO_MODIFICACION: creado por 'FJL', modificado por 'KJG'"
766,90486,PROPTI,116.16,2024-04-20,True,True,False,MONTO_ATIPICO,,MEDIO,25,"monto_atipico: monto_abs=116.16, z=3.34 (umbral ±2.0) para código 'PROPTI'","Alerta tx 766 (folio 90486, cód PROPTI, monto 116.16): [MONTO_ATIPICO] — monto_atipico: monto_abs=116.16, z=3.34 (umbral ±2.0) para código 'PROPTI'"
319,114583,RENHAB,0.0,2025-01-31,True,True,False,MONTO_ATIPICO,,MEDIO,25,"monto_atipico: monto_abs=0.00, z=-2.63 (umbral ±2.0) para código 'RENHAB'","Alerta tx 319 (folio 114583, cód RENHAB, monto 0.00): [MONTO_ATIPICO] — monto_atipico: monto_abs=0.00, z=-2.63 (umbral ±2.0) para código 'RENHAB'"
142,8570,RENHAB,3899.88,2021-07-14,True,True,False,MONTO_ATIPICO,,MEDIO,25,"monto_atipico: monto_abs=3899.88, z=2.15 (umbral ±2.0) para código 'RENHAB'","Alerta tx 142 (folio 8570, cód RENHAB, monto 3899.88): [MONTO_ATIPICO] — monto_atipico: monto_abs=3899.88, z=2.15 (umbral ±2.0) para código 'RENHAB'"
535,142334,RENHAB,-5520.39,2025-12-14,True,True,False,MONTO_ATIPICO | CANCELACION_SOSPECHOSA,"USUARIO_MODIFICACION: creado por 'CQ3', modificado por 'CEV' (monto alto)",ALTO,50,"monto_atipico: monto_abs=5520.39, z=4.14 (umbral ±2.0) para código 'RENHAB' | cancelacion_monto_alto: monto cancelado=5520.39","Alerta tx 535 (folio 142334, cód RENHAB, monto -5520.39): [MONTO_ATIPICO | CANCELACION_SOSPECHOSA] — monto_atipico: monto_abs=5520.39, z=4.14 (umbral ±2.0) para código 'RENHAB'; cancelacion_monto_alto: monto cancelado=5520.39 — | ctx: USUARIO_MODIFICACION: creado por 'CQ3', modificado por 'CEV' (monto alto)"
28,30764,RENCOM,3148.0,2022-06-06,True,True,False,MONTO_ATIPICO,,MEDIO,25,"monto_atipico: monto_abs=3148.00, z=2.06 (umbral ±2.0) para código 'RENCOM'","Alerta tx 28 (folio 30764, cód RENCOM, monto 3148.00): [MONTO_ATIPICO] — monto_atipico: monto_abs=3148.00, z=2.06 (umbral ±2.0) para código 'RENCOM'"
1098,122067,RENHAB,-3046.92,2025-04-23,True,True,False,CANCELACION_SOSPECHOSA,"USUARIO_MODIFICACION: creado por 'DOB', modificado por 'MBJ' (monto alto)",MEDIO,25,cancelacion_monto_alto: monto cancelado=3046.92,"Alerta tx 1098 (folio 122067, cód RENHAB, monto -3046.92): [CANCELACION_SOSPECHOSA] — cancelacion_monto_alto: monto cancelado=3046.92 — | ctx: USUARIO_MODIFICACION: creado por 'DOB', modificado por 'MBJ' (monto alto)"
197,4129,RENHAB,0.0,2021-05-03,True,True,False,MONTO_ATIPICO,,MEDIO,25,"monto_atipico: monto_abs=0.00, z=-2.63 (umbral ±2.0) para código 'RENHAB'","Alerta tx 197 (folio 4129, cód RENHAB, monto 0.00): [MONTO_ATIPICO] — monto_atipico: monto_abs=0.00, z=-2.63 (umbral ±2.0) para código 'RENHAB'"
170,108619,CANXFA,4424.52,2024-11-19,True,True,False,FUERA_DE_ESTANCIA,,MEDIO,35,"cargo_despues_checkout: fecha_cargo=2024-11-19, check-out=2024-11-18","Alerta tx 170 (folio 108619, cód CANXFA, monto 4424.52): [FUERA_DE_ESTANCIA] — cargo_despues_checkout: fecha_cargo=2024-11-19, check-out=2024-11-18"
282,15539,PROPTI,72.0,2021-11-10,True,True,False,CANCELACION_SOSPECHOSA,"USUARIO_MODIFICACION: creado por 'ALM', modificado por 'RFR'",MEDIO,25,cancelacion_monto_alto: monto cancelado=72.00,"Alerta tx 282 (folio 15539, cód PROPTI, monto 72.00): [CANCELACION_SOSPECHOSA] — cancelacion_monto_alto: monto cancelado=72.00 — | ctx: USUARIO_MODIFICACION: creado por 'ALM', modificado por 'RFR'"
124,78563,CANXFA,5098.94,2023-12-11,True,True,False,FUERA_DE_ESTANCIA | CONTEXTO_RESERVACION,,ALTO,55,"cargo_despues_checkout: fecha_cargo=2023-12-11, check-out=2023-12-10 | noches_inconsistentes: cargo=0, reserva=3.0","Alerta tx 124 (folio 78563, cód CANXFA, monto 5098.94): [FUERA_DE_ESTANCIA | CONTEXTO_RESERVACION] — cargo_despues_checkout: fecha_cargo=2023-12-11, check-out=2023-12-10; noches_inconsistentes: cargo=0, reserva=3.0"
147,102264,RENHAB,3828.96,2024-08-12,True,True,False,MONTO_ATIPICO,,MEDIO,25,"monto_atipico: monto_abs=3828.96, z=2.07 (umbral ±2.0) para código 'RENHAB'","Alerta tx 147 (folio 102264, cód RENHAB, monto 3828.96): [MONTO_ATIPICO] — monto_atipico: monto_abs=3828.96, z=2.07 (umbral ±2.0) para código 'RENHAB'"
94,1358,CANXFA,4197.78,2021-03-23,True,True,False,FUERA_DE_ESTANCIA | CONTEXTO_RESERVACION,,ALTO,55,"cargo_despues_checkout: fecha_cargo=2021-03-23, check-out=2021-03-19 | noches_inconsistentes: cargo=0, reserva=3.0","Alerta tx 94 (folio 1358, cód CANXFA, monto 4197.78): [FUERA_DE_ESTANCIA | CONTEXTO_RESERVACION] — cargo_despues_checkout: fecha_cargo=2021-03-23, check-out=2021-03-19; noches_inconsistentes: cargo=0, reserva=3.0"
30,132211,RENAJU,516.51,2025-09-03,True,True,False,FUERA_DE_ESTANCIA,,MEDIO,35,"cargo_despues_checkout: fecha_cargo=2025-09-03, check-out=2025-08-07","Alerta tx 30 (folio 132211, cód RENAJU, monto 516.51): [FUERA_DE_ESTANCIA] — cargo_despues_checkout: fecha_cargo=2025-09-03, check-out=2025-08-07"
636,145009,EFE,-10000.0,2026-01-09,True,True,False,CANCELACION_SOSPECHOSA,"USUARIO_MODIFICACION: creado por 'N01', modificado por 'CEV' (monto alto)",MEDIO,25,cancelacion_monto_alto: monto cancelado=10000.00,"Alerta tx 636 (folio 145009, cód EFE, monto -10000.00): [CANCELACION_SOSPECHOSA] — cancelacion_monto_alto: monto cancelado=10000.00 — | ctx: USUARIO_MODIFICACION: creado por 'N01', modificado por 'CEV' (monto alto)"
180,96339,MENEXT,1200.98,2024-06-16,True,True,False,CANCELACION_SOSPECHOSA | CONTEXTO_RESERVACION,,MEDIO,45,"cancelacion_monto_alto: monto cancelado=1200.98 | noches_inconsistentes: cargo=0, reserva=3.0","Alerta tx 180 (folio 96339, cód MENEXT, monto 1200.98): [CANCELACION_SOSPECHOSA | CONTEXTO_RESERVACION] — cancelacion_monto_alto: monto cancelado=1200.98; noches_inconsistentes: cargo=0, reserva=3.0"
700,46496,PROPTI,0.0,2023-01-03,True,True,False,MONTO_ATIPICO,,MEDIO,25,"monto_atipico: monto_abs=0.00, z=-2.03 (umbral ±2.0) para código 'PROPTI'","Alerta tx 700 (folio 46496, cód PROPTI, monto 0.00): [MONTO_ATIPICO] — monto_atipico: monto_abs=0.00, z=-2.03 (umbral ±2.0) para código 'PROPTI'"
628,18704,RENHAB,-5024.58,2022-01-01,True,True,False,MONTO_ATIPICO | CANCELACION_SOSPECHOSA,"USUARIO_MODIFICACION: creado por 'ALM', modificado por 'AGH' (monto alto)",ALTO,50,"monto_atipico: monto_abs=5024.58, z=3.53 (umbral ±2.0) para código 'RENHAB' | cancelacion_monto_alto: monto cancelado=5024.58","Alerta tx 628 (folio 18704, cód RENHAB, monto -5024.58): [MONTO_ATIPICO | CANCELACION_SOSPECHOSA] — monto_atipico: monto_abs=5024.58, z=3.53 (umbral ±2.0) para código 'RENHAB'; cancelacion_monto_alto: monto cancelado=5024.58 — | ctx: USUARIO_MODIFICACION: creado por 'ALM', modificado por 'AGH' (monto alto)"
361,51504,PROPTI,79.2,2023-03-08,True,True,False,CANCELACION_SOSPECHOSA,"USUARIO_MODIFICACION: creado por 'EGT', modificado por 'MCZ'",MEDIO,25,cancelacion_monto_alto: monto cancelado=79.20,"Alerta tx 361 (folio 51504, cód PROPTI, monto 79.20): [CANCELACION_SOSPECHOSA] — cancelacion_monto_alto: monto cancelado=79.20 — | ctx: USUARIO_MODIFICACION: creado por 'EGT', modificado por 'MCZ'"
169,65690,RENHAB,3342.71,2023-07-22,True,True,False,CANCELACION_SOSPECHOSA,"USUARIO_MODIFICACION: creado por 'EGT', modificado por 'RFR' (monto alto)",MEDIO,25,cancelacion_monto_alto: monto cancelado=3342.71,"Alerta tx 169 (folio 65690, cód RENHAB, monto 3342.71): [CANCELACION_SOSPECHOSA] — cancelacion_monto_alto: monto cancelado=3342.71 — | ctx: USUARIO_MODIFICACION: creado por 'EGT', modificado por 'RFR' (monto alto)"
163,76955,CANXFA,600.0,2023-11-20,True,True,False,FUERA_DE_ESTANCIA,,MEDIO,35,"cargo_despues_checkout: fecha_cargo=2023-11-20, check-out=2023-11-02","Alerta tx 163 (folio 76955, cód CANXFA, monto 600.00): [FUERA_DE_ESTANCIA] — cargo_despues_checkout: fecha_cargo=2023-11-20, check-out=2023-11-02"
525,74192,RENCOM,4735.0,2023-10-20,True,True,False,MONTO_ATIPICO | CONTEXTO_RESERVACION,"USUARIO_MODIFICACION: creado por 'RM2', modificado por 'JLS' (monto alto)",MEDIO,45,"monto_atipico: monto_abs=4735.00, z=3.32 (umbral ±2.0) para código 'RENCOM' | noches_inconsistentes: cargo=0, reserva=3.0","Alerta tx 525 (folio 74192, cód RENCOM, monto 4735.00): [MONTO_ATIPICO | CONTEXTO_RESERVACION] — monto_atipico: monto_abs=4735.00, z=3.32 (umbral ±2.0) para código 'RENCOM'; noches_inconsistentes: cargo=0, reserva=3.0 — | ctx: USUARIO_MODIFICACION: creado por 'RM2', modificado por 'JLS' (monto alto)"
719,104288,RENHAB,3912.15,2024-09-15,True,True,False,MONTO_ATIPICO,"USUARIO_MODIFICACION: creado por 'EGT', modificado por 'CEV' (monto alto)",MEDIO,25,"monto_atipico: monto_abs=3912.15, z=2.17 (umbral ±2.0) para código 'RENHAB'","Alerta tx 719 (folio 104288, cód RENHAB, monto 3912.15): [MONTO_ATIPICO] — monto_atipico: monto_abs=3912.15, z=2.17 (umbral ±2.0) para código 'RENHAB' — | ctx: USUARIO_MODIFICACION: creado por 'EGT', modificado por 'CEV' (monto alto)"
713,66082,PROPTI,105.6,2023-07-23,True,True,False,MONTO_ATIPICO,"USUARIO_MODIFICACION: creado por 'EGT', modificado por 'AB9'",MEDIO,25,"monto_atipico: monto_abs=105.60, z=2.85 (umbral ±2.0) para código 'PROPTI'","Alerta tx 713 (folio 66082, cód PROPTI, monto 105.60): [MONTO_ATIPICO] — monto_atipico: monto_abs=105.60, z=2.85 (umbral ±2.0) para código 'PROPTI' — | ctx: USUARIO_MODIFICACION: creado por 'EGT', modificado por 'AB9'"
541,57798,RENHAB,0.0,2023-05-03,True,True,False,MONTO_ATIPICO,,MEDIO,25,"monto_atipico: monto_abs=0.00, z=-2.63 (umbral ±2.0) para código 'RENHAB'","Alerta tx 541 (folio 57798, cód RENHAB, monto 0.00): [MONTO_ATIPICO] — monto_atipico: monto_abs=0.00, z=-2.63 (umbral ±2.0) para código 'RENHAB'"
75,113923,CANXFA,2270.29,2025-01-21,True,True,False,FUERA_DE_ESTANCIA,,MEDIO,35,"cargo_despues_checkout: fecha_cargo=2025-01-21, check-out=2025-01-19","Alerta tx 75 (folio 113923, cód CANXFA, monto 2270.29): [FUERA_DE_ESTANCIA] — cargo_despues_checkout: fecha_cargo=2025-01-21, check-out=2025-01-19"
617,18254,PROPTI,96.0,2021-12-21,True,True,False,MONTO_ATIPICO,,MEDIO,25,"monto_atipico: monto_abs=96.00, z=2.41 (umbral ±2.0) para código 'PROPTI'","Alerta tx 617 (folio 18254, cód PROPTI, monto 96.00): [MONTO_ATIPICO] — monto_atipico: monto_abs=96.00, z=2.41 (umbral ±2.0) para código 'PROPTI'"
17,112067,XFAC,15252.6,2025-01-02,True,True,False,MONTO_ATIPICO | CONTEXTO_RESERVACION,,MEDIO,45,"monto_atipico: monto_abs=15252.60, z=3.03 (umbral ±2.0) para código 'XFAC' | noches_inconsistentes: cargo=0, reserva=3.0","Alerta tx 17 (folio 112067, cód XFAC, monto 15252.60): [MONTO_ATIPICO | CONTEXTO_RESERVACION] — monto_atipico: monto_abs=15252.60, z=3.03 (umbral ±2.0) para código 'XFAC'; noches_inconsistentes: cargo=0, reserva=3.0"
514,8689,RENHAB,4117.0,2021-07-19,True,True,False,MONTO_ATIPICO,,MEDIO,25,"monto_atipico: monto_abs=4117.00, z=2.42 (umbral ±2.0) para código 'RENHAB'","Alerta tx 514 (folio 8689, cód RENHAB, monto 4117.00): [MONTO_ATIPICO] — monto_atipico: monto_abs=4117.00, z=2.42 (umbral ±2.0) para código 'RENHAB'"
65,93670,CANXFA,2156.6,2024-05-21,True,True,False,FUERA_DE_ESTANCIA,,MEDIO,35,"cargo_despues_checkout: fecha_cargo=2024-05-21, check-out=2024-05-18","Alerta tx 65 (folio 93670, cód CANXFA, monto 2156.60): [FUERA_DE_ESTANCIA] — cargo_despues_checkout: fecha_cargo=2024-05-21, check-out=2024-05-18"
127,91999,PROPTI,87.12,2024-05-04,True,True,False,CANCELACION_SOSPECHOSA,"USUARIO_MODIFICACION: creado por 'VN2', modificado por 'CEV'",MEDIO,25,cancelacion_monto_alto: monto cancelado=87.12,"Alerta tx 127 (folio 91999, cód PROPTI, monto 87.12): [CANCELACION_SOSPECHOSA] — cancelacion_monto_alto: monto cancelado=87.12 — | ctx: USUARIO_MODIFICACION: creado por 'VN2', modificado por 'CEV'"
470,79715,RENHAB,3820.8,2023-12-31,True,True,False,MONTO_ATIPICO,,MEDIO,25,"monto_atipico: monto_abs=3820.80, z=2.06 (umbral ±2.0) para código 'RENHAB'","Alerta tx 470 (folio 79715, cód RENHAB, monto 3820.80): [MONTO_ATIPICO] — monto_atipico: monto_abs=3820.80, z=2.06 (umbral ±2.0) para código 'RENHAB'"
422,106682,PROPTI,145.2,2024-10-24,True,True,False,MONTO_ATIPICO,,MEDIO,25,"monto_atipico: monto_abs=145.20, z=4.68 (umbral ±2.0) para código 'PROPTI'","Alerta tx 422 (folio 106682, cód PROPTI, monto 145.20): [MONTO_ATIPICO] — monto_atipico: monto_abs=145.20, z=4.68 (umbral ±2.0) para código 'PROPTI'"
243,55360,RENHAB,3342.71,2023-04-13,True,True,False,CANCELACION_SOSPECHOSA,"USUARIO_MODIFICACION: creado por 'EGT', modificado por 'AB9' (monto alto)",MEDIO,25,cancelacion_monto_alto: monto cancelado=3342.71,"Alerta tx 243 (folio 55360, cód RENHAB, monto 3342.71): [CANCELACION_SOSPECHOSA] — cancelacion_monto_alto: monto cancelado=3342.71 — | ctx: USUARIO_MODIFICACION: creado por 'EGT', modificado por 'AB9' (monto alto)"
51,43754,TARCRE,17142.57,2022-11-22,True,True,False,MONTO_ATIPICO,,MEDIO,25,"monto_atipico: monto_abs=17142.57, z=2.94 (umbral ±2.0) para código 'TARCRE'","Alerta tx 51 (folio 43754, cód TARCRE, monto 17142.57): [MONTO_ATIPICO] — monto_atipico: monto_abs=17142.57, z=2.94 (umbral ±2.0) para código 'TARCRE'"
403,71731,RENHAB,0.0,2023-09-16,True,True,False,MONTO_ATIPICO,,MEDIO,25,"monto_atipico: monto_abs=0.00, z=-2.63 (umbral ±2.0) para código 'RENHAB'","Alerta tx 403 (folio 71731, cód RENHAB, monto 0.00): [MONTO_ATIPICO] — monto_atipico: monto_abs=0.00, z=-2.63 (umbral ±2.0) para código 'RENHAB'"
672,143646,RENHAB,5419.28,2025-12-31,True,True,False,MONTO_ATIPICO,,MEDIO,25,"monto_atipico: monto_abs=5419.28, z=4.02 (umbral ±2.0) para código 'RENHAB'","Alerta tx 672 (folio 143646, cód RENHAB, monto 5419.28): [MONTO_ATIPICO] — monto_atipico: monto_abs=5419.28, z=4.02 (umbral ±2.0) para código 'RENHAB'"
765,78144,RENHAB,-2094.0,2023-12-08,True,True,False,CANCELACION_SOSPECHOSA,"USUARIO_MODIFICACION: creado por 'EGT', modificado por 'CEV'",MEDIO,25,folio_alto_ratio_cancelaciones: 100% de movimientos cancelados,"Alerta tx 765 (folio 78144, cód RENHAB, monto -2094.00): [CANCELACION_SOSPECHOSA] — folio_alto_ratio_cancelaciones: 100% de movimientos cancelados — | ctx: USUARIO_MODIFICACION: creado por 'EGT', modificado por 'CEV'"
703,108799,RENHAB,3848.36,2024-11-22,True,True,False,MONTO_ATIPICO,,MEDIO,25,"monto_atipico: monto_abs=3848.36, z=2.09 (umbral ±2.0) para código 'RENHAB'","Alerta tx 703 (folio 108799, cód RENHAB, monto 3848.36): [MONTO_ATIPICO] — monto_atipico: monto_abs=3848.36, z=2.09 (umbral ±2.0) para código 'RENHAB'"
53,74317,CANXFA,7105.96,2023-10-19,True,True,False,FUERA_DE_ESTANCIA | CONTEXTO_RESERVACION,,ALTO,55,"cargo_despues_checkout: fecha_cargo=2023-10-19, check-out=2023-10-18 | noches_inconsistentes: cargo=0, reserva=3.0","Alerta tx 53 (folio 74317, cód CANXFA, monto 7105.96): [FUERA_DE_ESTANCIA | CONTEXTO_RESERVACION] — cargo_despues_checkout: fecha_cargo=2023-10-19, check-out=2023-10-18; noches_inconsistentes: cargo=0, reserva=3.0"
615,55655,RENHAB,3916.69,2023-04-14,True,True,False,MONTO_ATIPICO,,MEDIO,25,"monto_atipico: monto_abs=3916.69, z=2.17 (umbral ±2.0) para código 'RENHAB'","Alerta tx 615 (folio 55655, cód RENHAB, monto 3916.69): [MONTO_ATIPICO] — monto_atipico: monto_abs=3916.69, z=2.17 (umbral ±2.0) para código 'RENHAB'"
180,147952,AJLAV,300.0,2026-02-18,True,True,False,PAGO_PROVEEDOR_SOSPECHOSO,,MEDIO,30,referencia_poco_frecuente: 'A34758' (1 veces),"Alerta tx 180 (folio 147952, cód AJLAV, monto 300.00): [PAGO_PROVEEDOR_SOSPECHOSO] — referencia_poco_frecuente: 'A34758' (1 veces)"
152,146601,EFE,12062.0,2026-02-09,True,True,False,MONTO_ATIPICO,,MEDIO,25,"monto_atipico: monto_abs=12062.00, z=2.05 (umbral ±2.0) para código 'EFE'","Alerta tx 152 (folio 146601, cód EFE, monto 12062.00): [MONTO_ATIPICO] — monto_atipico: monto_abs=12062.00, z=2.05 (umbral ±2.0) para código 'EFE'"
278,258,PROPTI,-72.0,2021-03-07,True,True,False,CANCELACION_SOSPECHOSA,"USUARIO_MODIFICACION: creado por 'FJL', modificado por 'KJG'",MEDIO,25,cancelacion_monto_alto: monto cancelado=72.00,"Alerta tx 278 (folio 258, cód PROPTI, monto -72.00): [CANCELACION_SOSPECHOSA] — cancelacion_monto_alto: monto cancelado=72.00 — | ctx: USUARIO_MODIFICACION: creado por 'FJL', modificado por 'KJG'"
809,129840,RENHAB,-4125.22,2025-07-18,True,True,False,MONTO_ATIPICO | CANCELACION_SOSPECHOSA,"USUARIO_MODIFICACION: creado por 'EGT', modificado por 'CEV' (monto alto)",ALTO,50,"monto_atipico: monto_abs=4125.22, z=2.43 (umbral ±2.0) para código 'RENHAB' | cancelacion_monto_alto: monto cancelado=4125.22","Alerta tx 809 (folio 129840, cód RENHAB, monto -4125.22): [MONTO_ATIPICO | CANCELACION_SOSPECHOSA] — monto_atipico: monto_abs=4125.22, z=2.43 (umbral ±2.0) para código 'RENHAB'; cancelacion_monto_alto: monto cancelado=4125.22 — | ctx: USUARIO_MODIFICACION: creado por 'EGT', modificado por 'CEV' (monto alto)"
218,60798,EFE,9595.0,2023-06-02,True,True,False,CANCELACION_SOSPECHOSA,"USUARIO_MODIFICACION: creado por 'MBJ', modificado por 'MCZ' (monto alto)",MEDIO,25,cancelacion_monto_alto: monto cancelado=9595.00,"Alerta tx 218 (folio 60798, cód EFE, monto 9595.00): [CANCELACION_SOSPECHOSA] — cancelacion_monto_alto: monto cancelado=9595.00 — | ctx: USUARIO_MODIFICACION: creado por 'MBJ', modificado por 'MCZ' (monto alto)"
89,104000,AJCUPN,-4250.0,2024-09-14,True,True,False,FUERA_DE_ESTANCIA | CANCELACION_SOSPECHOSA | CONTEXTO_RESERVACION,,CRITICO,80,"cargo_despues_checkout: fecha_cargo=2024-09-14, check-out=2024-09-12 | cancelacion_monto_alto: monto cancelado=4250.00 | noches_inconsistentes: cargo=0, reserva=3.0","Alerta tx 89 (folio 104000, cód AJCUPN, monto -4250.00): [FUERA_DE_ESTANCIA | CANCELACION_SOSPECHOSA | CONTEXTO_RESERVACION] — cargo_despues_checkout: fecha_cargo=2024-09-14, check-out=2024-09-12; cancelacion_monto_alto: monto cancelado=4250.00; noches_inconsistentes: cargo=0, reserva=3.0"
88,110631,DEPHAB,19500.0,2024-12-13,True,True,False,MONTO_ATIPICO,,MEDIO,25,"monto_atipico: monto_abs=19500.00, z=2.15 (umbral ±2.0) para código 'DEPHAB'","Alerta tx 88 (folio 110631, cód DEPHAB, monto 19500.00): [MONTO_ATIPICO] — monto_atipico: monto_abs=19500.00, z=2.15 (umbral ±2.0) para código 'DEPHAB'"
850,66603,RENHAB,0.0,2023-07-28,True,True,False,MONTO_ATIPICO,,MEDIO,25,"monto_atipico: monto_abs=0.00, z=-2.63 (umbral ±2.0) para código 'RENHAB'","Alerta tx 850 (folio 66603, cód RENHAB, monto 0.00): [MONTO_ATIPICO] — monto_atipico: monto_abs=0.00, z=-2.63 (umbral ±2.0) para código 'RENHAB'"
472,51241,PROPTI,79.2,2023-03-02,True,True,False,CANCELACION_SOSPECHOSA,"USUARIO_MODIFICACION: creado por 'EGT', modificado por 'CEV'",MEDIO,25,cancelacion_monto_alto: monto cancelado=79.20,"Alerta tx 472 (folio 51241, cód PROPTI, monto 79.20): [CANCELACION_SOSPECHOSA] — cancelacion_monto_alto: monto cancelado=79.20 — | ctx: USUARIO_MODIFICACION: creado por 'EGT', modificado por 'CEV'"
503,352,CXC,2922.84,2021-03-07,True,True,False,CANCELACION_SOSPECHOSA,"USUARIO_MODIFICACION: creado por 'KJG', modificado por 'FJL' (monto alto)",MEDIO,25,folio_alto_ratio_cancelaciones: 75% de movimientos cancelados,"Alerta tx 503 (folio 352, cód CXC, monto 2922.84): [CANCELACION_SOSPECHOSA] — folio_alto_ratio_cancelaciones: 75% de movimientos cancelados — | ctx: USUARIO_MODIFICACION: creado por 'KJG', modificado por 'FJL' (monto alto)"
561,70931,RENHAB,0.0,2023-09-01,True,True,False,MONTO_ATIPICO,,MEDIO,25,"monto_atipico: monto_abs=0.00, z=-2.63 (umbral ±2.0) para código 'RENHAB'","Alerta tx 561 (folio 70931, cód RENHAB, monto 0.00): [MONTO_ATIPICO] — monto_atipico: monto_abs=0.00, z=-2.63 (umbral ±2.0) para código 'RENHAB'"
571,135013,PROPTI,-29.04,2025-08-31,True,True,False,CANCELACION_SOSPECHOSA,"USUARIO_MODIFICACION: creado por 'DOB', modificado por 'CEV'",MEDIO,25,folio_alto_ratio_cancelaciones: 100% de movimientos cancelados,"Alerta tx 571 (folio 135013, cód PROPTI, monto -29.04): [CANCELACION_SOSPECHOSA] — folio_alto_ratio_cancelaciones: 100% de movimientos cancelados — | ctx: USUARIO_MODIFICACION: creado por 'DOB', modificado por 'CEV'"
574,99179,RENHAB,4425.32,2024-07-12,True,True,False,MONTO_ATIPICO,,MEDIO,25,"monto_atipico: monto_abs=4425.32, z=2.80 (umbral ±2.0) para código 'RENHAB'","Alerta tx 574 (folio 99179, cód RENHAB, monto 4425.32): [MONTO_ATIPICO] — monto_atipico: monto_abs=4425.32, z=2.80 (umbral ±2.0) para código 'RENHAB'"
15,48067,CANXFA,5729.36,2023-01-26,True,True,False,FUERA_DE_ESTANCIA,,MEDIO,35,"cargo_despues_checkout: fecha_cargo=2023-01-26, check-out=2023-01-22","Alerta tx 15 (folio 48067, cód CANXFA, monto 5729.36): [FUERA_DE_ESTANCIA] — cargo_despues_checkout: fecha_cargo=2023-01-26, check-out=2023-01-22"
699,63915,PROPTI,52.8,2023-07-03,True,True,False,DUPLICADO,"USUARIO_MODIFICACION: creado por 'EGT', modificado por 'JLS'",MEDIO,40,duplicado_exacto: 2 veces el mismo folio/código/monto/habitación/fecha,"Alerta tx 699 (folio 63915, cód PROPTI, monto 52.80): [DUPLICADO] — duplicado_exacto: 2 veces el mismo folio/código/monto/habitación/fecha — | ctx: USUARIO_MODIFICACION: creado por 'EGT', modificado por 'JLS'"
798,29491,RENHAB,426.0,2022-05-17,True,True,False,MONTO_ATIPICO,"USUARIO_MODIFICACION: creado por 'ALM', modificado por 'EGT'",MEDIO,25,"monto_atipico: monto_abs=426.00, z=-2.11 (umbral ±2.0) para código 'RENHAB'","Alerta tx 798 (folio 29491, cód RENHAB, monto 426.00): [MONTO_ATIPICO] — monto_atipico: monto_abs=426.00, z=-2.11 (umbral ±2.0) para código 'RENHAB' — | ctx: USUARIO_MODIFICACION: creado por 'ALM', modificado por 'EGT'"
143,14228,RENHAB,0.0,2021-10-23,True,True,False,MONTO_ATIPICO,,MEDIO,25,"monto_atipico: monto_abs=0.00, z=-2.63 (umbral ±2.0) para código 'RENHAB'","Alerta tx 143 (folio 14228, cód RENHAB, monto 0.00): [MONTO_ATIPICO] — monto_atipico: monto_abs=0.00, z=-2.63 (umbral ±2.0) para código 'RENHAB'"
69,1876,RENHAB,-46.0,2021-04-02,True,True,False,MONTO_ATIPICO,"USUARIO_MODIFICACION: creado por 'FJL', modificado por 'LBB'",MEDIO,25,"monto_atipico: monto_abs=46.00, z=-2.57 (umbral ±2.0) para código 'RENHAB'","Alerta tx 69 (folio 1876, cód RENHAB, monto -46.00): [MONTO_ATIPICO] — monto_atipico: monto_abs=46.00, z=-2.57 (umbral ±2.0) para código 'RENHAB' — | ctx: USUARIO_MODIFICACION: creado por 'FJL', modificado por 'LBB'"
762,60963,RENHAB,0.0,2023-06-03,True,True,False,MONTO_ATIPICO,,MEDIO,25,"monto_atipico: monto_abs=0.00, z=-2.63 (umbral ±2.0) para código 'RENHAB'","Alerta tx 762 (folio 60963, cód RENHAB, monto 0.00): [MONTO_ATIPICO] — monto_atipico: monto_abs=0.00, z=-2.63 (umbral ±2.0) para código 'RENHAB'"
230,136972,RENHAB,0.0,2025-10-01,True,True,False,MONTO_ATIPICO,,MEDIO,25,"monto_atipico: monto_abs=0.00, z=-2.63 (umbral ±2.0) para código 'RENHAB'","Alerta tx 230 (folio 136972, cód RENHAB, monto 0.00): [MONTO_ATIPICO] — monto_atipico: monto_abs=0.00, z=-2.63 (umbral ±2.0) para código 'RENHAB'"
89,106564,CANXFA,600.0,2024-10-22,True,True,False,FUERA_DE_ESTANCIA,,MEDIO,35,"cargo_despues_checkout: fecha_cargo=2024-10-22, check-out=2024-10-20","Alerta tx 89 (folio 106564, cód CANXFA, monto 600.00): [FUERA_DE_ESTANCIA] — cargo_despues_checkout: fecha_cargo=2024-10-22, check-out=2024-10-20"
380,80554,PROPTI,132.0,2024-01-05,True,True,False,MONTO_ATIPICO,,MEDIO,25,"monto_atipico: monto_abs=132.00, z=4.07 (umbral ±2.0) para código 'PROPTI'","Alerta tx 380 (folio 80554, cód PROPTI, monto 132.00): [MONTO_ATIPICO] — monto_atipico: monto_abs=132.00, z=4.07 (umbral ±2.0) para código 'PROPTI'"
202,146962,PROPTI,0.0,2026-02-06,True,True,False,MONTO_ATIPICO,,MEDIO,25,"monto_atipico: monto_abs=0.00, z=-2.03 (umbral ±2.0) para código 'PROPTI'","Alerta tx 202 (folio 146962, cód PROPTI, monto 0.00): [MONTO_ATIPICO] — monto_atipico: monto_abs=0.00, z=-2.03 (umbral ±2.0) para código 'PROPTI'"
121,14058,PROPTI,72.0,2021-10-17,True,True,False,CANCELACION_SOSPECHOSA,"USUARIO_MODIFICACION: creado por 'ALM', modificado por 'JEO'",MEDIO,25,cancelacion_monto_alto: monto cancelado=72.00,"Alerta tx 121 (folio 14058, cód PROPTI, monto 72.00): [CANCELACION_SOSPECHOSA] — cancelacion_monto_alto: monto cancelado=72.00 — | ctx: USUARIO_MODIFICACION: creado por 'ALM', modificado por 'JEO'"
26,3599,CANXFA,3083.78,2021-04-24,True,True,False,FUERA_DE_ESTANCIA,,MEDIO,35,"cargo_despues_checkout: fecha_cargo=2021-04-24, check-out=2021-04-18","Alerta tx 26 (folio 3599, cód CANXFA, monto 3083.78): [FUERA_DE_ESTANCIA] — cargo_despues_checkout: fecha_cargo=2021-04-24, check-out=2021-04-18"
160,135154,RENHAB,0.0,2025-09-04,True,True,False,MONTO_ATIPICO,,MEDIO,25,"monto_atipico: monto_abs=0.00, z=-2.63 (umbral ±2.0) para código 'RENHAB'","Alerta tx 160 (folio 135154, cód RENHAB, monto 0.00): [MONTO_ATIPICO] — monto_atipico: monto_abs=0.00, z=-2.63 (umbral ±2.0) para código 'RENHAB'"
971,123647,PROPTI,-87.12,2025-05-09,True,True,False,CANCELACION_SOSPECHOSA,"USUARIO_MODIFICACION: creado por 'EGT', modificado por 'CEV'",MEDIO,25,cancelacion_monto_alto: monto cancelado=87.12,"Alerta tx 971 (folio 123647, cód PROPTI, monto -87.12): [CANCELACION_SOSPECHOSA] — cancelacion_monto_alto: monto cancelado=87.12 — | ctx: USUARIO_MODIFICACION: creado por 'EGT', modificado por 'CEV'"
716,143943,PROPTI,-87.12,2026-01-01,True,True,False,CANCELACION_SOSPECHOSA,"USUARIO_MODIFICACION: creado por 'CQ3', modificado por 'CEV'",MEDIO,25,cancelacion_monto_alto: monto cancelado=87.12,"Alerta tx 716 (folio 143943, cód PROPTI, monto -87.12): [CANCELACION_SOSPECHOSA] — cancelacion_monto_alto: monto cancelado=87.12 — | ctx: USUARIO_MODIFICACION: creado por 'CQ3', modificado por 'CEV'"
863,98932,RENHAB,0.0,2024-07-12,True,True,False,MONTO_ATIPICO,,MEDIO,25,"monto_atipico: monto_abs=0.00, z=-2.63 (umbral ±2.0) para código 'RENHAB'","Alerta tx 863 (folio 98932, cód RENHAB, monto 0.00): [MONTO_ATIPICO] — monto_atipico: monto_abs=0.00, z=-2.63 (umbral ±2.0) para código 'RENHAB'"
1513,3905,RENHAB,0.0,2021-04-30,True,True,False,MONTO_ATIPICO,,MEDIO,25,"monto_atipico: monto_abs=0.00, z=-2.63 (umbral ±2.0) para código 'RENHAB'","Alerta tx 1513 (folio 3905, cód RENHAB, monto 0.00): [MONTO_ATIPICO] — monto_atipico: monto_abs=0.00, z=-2.63 (umbral ±2.0) para código 'RENHAB'"
269,115248,RENHAB,4041.88,2025-02-09,True,True,False,MONTO_ATIPICO,,MEDIO,25,"monto_atipico: monto_abs=4041.88, z=2.33 (umbral ±2.0) para código 'RENHAB'","Alerta tx 269 (folio 115248, cód RENHAB, monto 4041.88): [MONTO_ATIPICO] — monto_atipico: monto_abs=4041.88, z=2.33 (umbral ±2.0) para código 'RENHAB'"
661,8027,PROPTI,-72.0,2021-07-09,True,True,False,CANCELACION_SOSPECHOSA,"USUARIO_MODIFICACION: creado por 'MCC', modificado por 'RFR'",MEDIO,25,cancelacion_monto_alto: monto cancelado=72.00,"Alerta tx 661 (folio 8027, cód PROPTI, monto -72.00): [CANCELACION_SOSPECHOSA] — cancelacion_monto_alto: monto cancelado=72.00 — | ctx: USUARIO_MODIFICACION: creado por 'MCC', modificado por 'RFR'"
340,123285,RENHAB,3843.31,2025-05-04,True,True,False,MONTO_ATIPICO,,MEDIO,25,"monto_atipico: monto_abs=3843.31, z=2.08 (umbral ±2.0) para código 'RENHAB'","Alerta tx 340 (folio 123285, cód RENHAB, monto 3843.31): [MONTO_ATIPICO] — monto_atipico: monto_abs=3843.31, z=2.08 (umbral ±2.0) para código 'RENHAB'"
201,128147,RENHAB,4191.23,2025-06-21,True,True,False,MONTO_ATIPICO,,MEDIO,25,"monto_atipico: monto_abs=4191.23, z=2.51 (umbral ±2.0) para código 'RENHAB'","Alerta tx 201 (folio 128147, cód RENHAB, monto 4191.23): [MONTO_ATIPICO] — monto_atipico: monto_abs=4191.23, z=2.51 (umbral ±2.0) para código 'RENHAB'"
35,131419,CANXFA,11271.7,2025-07-30,True,True,False,FUERA_DE_ESTANCIA | CONTEXTO_RESERVACION,,ALTO,55,"cargo_despues_checkout: fecha_cargo=2025-07-30, check-out=2025-07-23 | noches_inconsistentes: cargo=0, reserva=3.0","Alerta tx 35 (folio 131419, cód CANXFA, monto 11271.70): [FUERA_DE_ESTANCIA | CONTEXTO_RESERVACION] — cargo_despues_checkout: fecha_cargo=2025-07-30, check-out=2025-07-23; noches_inconsistentes: cargo=0, reserva=3.0"
451,83123,RENHAB,-4329.4,2024-02-05,True,True,False,MONTO_ATIPICO | CANCELACION_SOSPECHOSA,"USUARIO_MODIFICACION: creado por 'EGT', modificado por 'CMG' (monto alto)",ALTO,50,"monto_atipico: monto_abs=4329.40, z=2.68 (umbral ±2.0) para código 'RENHAB' | cancelacion_monto_alto: monto cancelado=4329.40","Alerta tx 451 (folio 83123, cód RENHAB, monto -4329.40): [MONTO_ATIPICO | CANCELACION_SOSPECHOSA] — monto_atipico: monto_abs=4329.40, z=2.68 (umbral ±2.0) para código 'RENHAB'; cancelacion_monto_alto: monto cancelado=4329.40 — | ctx: USUARIO_MODIFICACION: creado por 'EGT', modificado por 'CMG' (monto alto)"
200,14891,PROPTI,0.0,2021-11-02,True,True,False,MONTO_ATIPICO,,MEDIO,25,"monto_atipico: monto_abs=0.00, z=-2.03 (umbral ±2.0) para código 'PROPTI'","Alerta tx 200 (folio 14891, cód PROPTI, monto 0.00): [MONTO_ATIPICO] — monto_atipico: monto_abs=0.00, z=-2.03 (umbral ±2.0) para código 'PROPTI'"
277,107082,PROPTI,116.16,2024-10-31,True,True,False,MONTO_ATIPICO,,MEDIO,25,"monto_atipico: monto_abs=116.16, z=3.34 (umbral ±2.0) para código 'PROPTI'","Alerta tx 277 (folio 107082, cód PROPTI, monto 116.16): [MONTO_ATIPICO] — monto_atipico: monto_abs=116.16, z=3.34 (umbral ±2.0) para código 'PROPTI'"
375,50892,RENHAB,0.0,2023-03-03,True,True,False,MONTO_ATIPICO,,MEDIO,25,"monto_atipico: monto_abs=0.00, z=-2.63 (umbral ±2.0) para código 'RENHAB'","Alerta tx 375 (folio 50892, cód RENHAB, monto 0.00): [MONTO_ATIPICO] — monto_atipico: monto_abs=0.00, z=-2.63 (umbral ±2.0) para código 'RENHAB'"
55,97607,CANXFA,8538.51,2024-06-26,True,True,False,FUERA_DE_ESTANCIA | CONTEXTO_RESERVACION,,ALTO,55,"cargo_despues_checkout: fecha_cargo=2024-06-26, check-out=2024-06-23 | noches_inconsistentes: cargo=0, reserva=3.0","Alerta tx 55 (folio 97607, cód CANXFA, monto 8538.51): [FUERA_DE_ESTANCIA | CONTEXTO_RESERVACION] — cargo_despues_checkout: fecha_cargo=2024-06-26, check-out=2024-06-23; noches_inconsistentes: cargo=0, reserva=3.0"
15,37752,CANXFA,4746.9,2022-08-16,True,True,False,FUERA_DE_ESTANCIA | CONTEXTO_RESERVACION,,ALTO,55,"cargo_despues_checkout: fecha_cargo=2022-08-16, check-out=2022-08-10 | noches_inconsistentes: cargo=0, reserva=3.0","Alerta tx 15 (folio 37752, cód CANXFA, monto 4746.90): [FUERA_DE_ESTANCIA | CONTEXTO_RESERVACION] — cargo_despues_checkout: fecha_cargo=2022-08-16, check-out=2022-08-10; noches_inconsistentes: cargo=0, reserva=3.0"
208,54424,TRANSF,25000.0,2023-04-05,True,True,False,MONTO_ATIPICO,,MEDIO,25,"monto_atipico: monto_abs=25000.00, z=2.42 (umbral ±2.0) para código 'TRANSF'","Alerta tx 208 (folio 54424, cód TRANSF, monto 25000.00): [MONTO_ATIPICO] — monto_atipico: monto_abs=25000.00, z=2.42 (umbral ±2.0) para código 'TRANSF'"
741,6048,PROPTI,-72.0,2021-06-06,True,True,False,CANCELACION_SOSPECHOSA,"USUARIO_MODIFICACION: creado por 'MCC', modificado por 'RFR'",MEDIO,25,cancelacion_monto_alto: monto cancelado=72.00,"Alerta tx 741 (folio 6048, cód PROPTI, monto -72.00): [CANCELACION_SOSPECHOSA] — cancelacion_monto_alto: monto cancelado=72.00 — | ctx: USUARIO_MODIFICACION: creado por 'MCC', modificado por 'RFR'"
1073,5584,RENHAB,4008.0,2021-05-28,True,True,False,MONTO_ATIPICO,,MEDIO,25,"monto_atipico: monto_abs=4008.00, z=2.28 (umbral ±2.0) para código 'RENHAB'","Alerta tx 1073 (folio 5584, cód RENHAB, monto 4008.00): [MONTO_ATIPICO] — monto_atipico: monto_abs=4008.00, z=2.28 (umbral ±2.0) para código 'RENHAB'"
68,59872,CANXFA,5313.93,2023-05-25,True,True,False,FUERA_DE_ESTANCIA | CONTEXTO_RESERVACION,,ALTO,55,"cargo_despues_checkout: fecha_cargo=2023-05-25, check-out=2023-05-24 | noches_inconsistentes: cargo=0, reserva=3.0","Alerta tx 68 (folio 59872, cód CANXFA, monto 5313.93): [FUERA_DE_ESTANCIA | CONTEXTO_RESERVACION] — cargo_despues_checkout: fecha_cargo=2023-05-25, check-out=2023-05-24; noches_inconsistentes: cargo=0, reserva=3.0"
617,147661,PROPTI,118.0,2026-02-17,True,True,False,MONTO_ATIPICO,,MEDIO,25,"monto_atipico: monto_abs=118.00, z=3.43 (umbral ±2.0) para código 'PROPTI'","Alerta tx 617 (folio 147661, cód PROPTI, monto 118.00): [MONTO_ATIPICO] — monto_atipico: monto_abs=118.00, z=3.43 (umbral ±2.0) para código 'PROPTI'"
700,16160,PROPTI,72.0,2021-11-18,True,True,False,CANCELACION_SOSPECHOSA,"USUARIO_MODIFICACION: creado por 'EGT', modificado por 'LBB'",MEDIO,25,cancelacion_monto_alto: monto cancelado=72.00,"Alerta tx 700 (folio 16160, cód PROPTI, monto 72.00): [CANCELACION_SOSPECHOSA] — cancelacion_monto_alto: monto cancelado=72.00 — | ctx: USUARIO_MODIFICACION: creado por 'EGT', modificado por 'LBB'"
707,15862,RENHAB,1669.72,2021-11-16,True,True,False,DUPLICADO | CANCELACION_SOSPECHOSA,"USUARIO_MODIFICACION: creado por 'ALM', modificado por 'AGH'",ALTO,65,duplicado_exacto: 2 veces el mismo folio/código/monto/habitación/fecha | folio_alto_ratio_cancelaciones: 100% de movimientos cancelados,"Alerta tx 707 (folio 15862, cód RENHAB, monto 1669.72): [DUPLICADO | CANCELACION_SOSPECHOSA] — duplicado_exacto: 2 veces el mismo folio/código/monto/habitación/fecha; folio_alto_ratio_cancelaciones: 100% de movimientos cancelados — | ctx: USUARIO_MODIFICACION: creado por 'ALM', modificado por 'AGH'"
109,97636,PEREXT,5644.45,2024-06-26,True,True,False,MONTO_ATIPICO | CONTEXTO_RESERVACION,,MEDIO,45,"monto_atipico: monto_abs=5644.45, z=4.49 (umbral ±2.0) para código 'PEREXT' | noches_inconsistentes: cargo=0, reserva=6.0","Alerta tx 109 (folio 97636, cód PEREXT, monto 5644.45): [MONTO_ATIPICO | CONTEXTO_RESERVACION] — monto_atipico: monto_abs=5644.45, z=4.49 (umbral ±2.0) para código 'PEREXT'; noches_inconsistentes: cargo=0, reserva=6.0"
140,118589,TARCRE,13749.64,2025-03-17,True,True,False,MONTO_ATIPICO,,MEDIO,25,"monto_atipico: monto_abs=13749.64, z=2.09 (umbral ±2.0) para código 'TARCRE'","Alerta tx 140 (folio 118589, cód TARCRE, monto 13749.64): [MONTO_ATIPICO] — monto_atipico: monto_abs=13749.64, z=2.09 (umbral ±2.0) para código 'TARCRE'"
31,92499,CANXFA,2273.28,2024-05-10,True,True,False,FUERA_DE_ESTANCIA,,MEDIO,35,"cargo_despues_checkout: fecha_cargo=2024-05-10, check-out=2024-05-02","Alerta tx 31 (folio 92499, cód CANXFA, monto 2273.28): [FUERA_DE_ESTANCIA] — cargo_despues_checkout: fecha_cargo=2024-05-10, check-out=2024-05-02"
139,53497,RESDEP,28276.0,2023-04-02,True,True,False,MONTO_ATIPICO,,MEDIO,25,"monto_atipico: monto_abs=28276.00, z=2.60 (umbral ±2.0) para código 'RESDEP'","Alerta tx 139 (folio 53497, cód RESDEP, monto 28276.00): [MONTO_ATIPICO] — monto_atipico: monto_abs=28276.00, z=2.60 (umbral ±2.0) para código 'RESDEP'"
250,15147,RENHAB,0.0,2021-11-02,True,True,False,MONTO_ATIPICO,,MEDIO,25,"monto_atipico: monto_abs=0.00, z=-2.63 (umbral ±2.0) para código 'RENHAB'","Alerta tx 250 (folio 15147, cód RENHAB, monto 0.00): [MONTO_ATIPICO] — monto_atipico: monto_abs=0.00, z=-2.63 (umbral ±2.0) para código 'RENHAB'"
11,5780,CANXFA,4327.94,2021-05-31,True,True,False,FUERA_DE_ESTANCIA,,MEDIO,35,"cargo_despues_checkout: fecha_cargo=2021-05-31, check-out=2021-05-28","Alerta tx 11 (folio 5780, cód CANXFA, monto 4327.94): [FUERA_DE_ESTANCIA] — cargo_despues_checkout: fecha_cargo=2021-05-31, check-out=2021-05-28"
181,139637,TRANSF,39459.0,2025-11-09,True,True,False,MONTO_ATIPICO,,MEDIO,25,"monto_atipico: monto_abs=39459.00, z=4.39 (umbral ±2.0) para código 'TRANSF'","Alerta tx 181 (folio 139637, cód TRANSF, monto 39459.00): [MONTO_ATIPICO] — monto_atipico: monto_abs=39459.00, z=4.39 (umbral ±2.0) para código 'TRANSF'"
765,27227,RENHAB,3595.58,2022-04-18,True,True,False,CANCELACION_SOSPECHOSA,"USUARIO_MODIFICACION: creado por 'AGH', modificado por 'EGT' (monto alto)",MEDIO,25,cancelacion_monto_alto: monto cancelado=3595.58,"Alerta tx 765 (folio 27227, cód RENHAB, monto 3595.58): [CANCELACION_SOSPECHOSA] — cancelacion_monto_alto: monto cancelado=3595.58 — | ctx: USUARIO_MODIFICACION: creado por 'AGH', modificado por 'EGT' (monto alto)"
122,43165,EFE,12490.0,2022-11-14,True,True,False,MONTO_ATIPICO,,MEDIO,25,"monto_atipico: monto_abs=12490.00, z=2.15 (umbral ±2.0) para código 'EFE'","Alerta tx 122 (folio 43165, cód EFE, monto 12490.00): [MONTO_ATIPICO] — monto_atipico: monto_abs=12490.00, z=2.15 (umbral ±2.0) para código 'EFE'"
809,100971,TARDEB,43307.12,2024-07-29,True,True,False,MONTO_ATIPICO | CANCELACION_SOSPECHOSA | CONTEXTO_RESERVACION,,ALTO,70,"monto_atipico: monto_abs=43307.12, z=5.73 (umbral ±2.0) para código 'TARDEB' | cancelacion_monto_alto: monto cancelado=43307.12 | noches_inconsistentes: cargo=0, reserva=6.0","Alerta tx 809 (folio 100971, cód TARDEB, monto 43307.12): [MONTO_ATIPICO | CANCELACION_SOSPECHOSA | CONTEXTO_RESERVACION] — monto_atipico: monto_abs=43307.12, z=5.73 (umbral ±2.0) para código 'TARDEB'; cancelacion_monto_alto: monto cancelado=43307.12; noches_inconsistentes: cargo=0, reserva=6.0"
456,18731,RENHAB,3265.66,2021-12-27,True,True,False,CANCELACION_SOSPECHOSA,"USUARIO_MODIFICACION: creado por 'ALM', modificado por 'AGH' (monto alto)",MEDIO,25,cancelacion_monto_alto: monto cancelado=3265.66,"Alerta tx 456 (folio 18731, cód RENHAB, monto 3265.66): [CANCELACION_SOSPECHOSA] — cancelacion_monto_alto: monto cancelado=3265.66 — | ctx: USUARIO_MODIFICACION: creado por 'ALM', modificado por 'AGH' (monto alto)"
70,77362,CANXFA,4418.23,2023-11-25,True,True,False,FUERA_DE_ESTANCIA | CONTEXTO_RESERVACION,,ALTO,55,"cargo_despues_checkout: fecha_cargo=2023-11-25, check-out=2023-11-23 | noches_inconsistentes: cargo=0, reserva=3.0","Alerta tx 70 (folio 77362, cód CANXFA, monto 4418.23): [FUERA_DE_ESTANCIA | CONTEXTO_RESERVACION] — cargo_despues_checkout: fecha_cargo=2023-11-25, check-out=2023-11-23; noches_inconsistentes: cargo=0, reserva=3.0"
804,98481,RENHAB,4232.88,2024-07-05,True,True,False,MONTO_ATIPICO,"USUARIO_MODIFICACION: creado por 'VN2', modificado por 'CEV' (monto alto)",MEDIO,25,"monto_atipico: monto_abs=4232.88, z=2.56 (umbral ±2.0) para código 'RENHAB'","Alerta tx 804 (folio 98481, cód RENHAB, monto 4232.88): [MONTO_ATIPICO] — monto_atipico: monto_abs=4232.88, z=2.56 (umbral ±2.0) para código 'RENHAB' — | ctx: USUARIO_MODIFICACION: creado por 'VN2', modificado por 'CEV' (monto alto)"
690,78144,PROPTI,52.8,2023-12-09,True,True,False,CANCELACION_SOSPECHOSA,"USUARIO_MODIFICACION: creado por 'EGT', modificado por 'CEV'",MEDIO,25,folio_alto_ratio_cancelaciones: 100% de movimientos cancelados,"Alerta tx 690 (folio 78144, cód PROPTI, monto 52.80): [CANCELACION_SOSPECHOSA] — folio_alto_ratio_cancelaciones: 100% de movimientos cancelados — | ctx: USUARIO_MODIFICACION: creado por 'EGT', modificado por 'CEV'"
720,55958,RENHAB,0.0,2023-04-21,True,True,False,MONTO_ATIPICO,,MEDIO,25,"monto_atipico: monto_abs=0.00, z=-2.63 (umbral ±2.0) para código 'RENHAB'","Alerta tx 720 (folio 55958, cód RENHAB, monto 0.00): [MONTO_ATIPICO] — monto_atipico: monto_abs=0.00, z=-2.63 (umbral ±2.0) para código 'RENHAB'"
560,54289,RENHAB,3916.8,2023-04-05,True,True,False,MONTO_ATIPICO | CANCELACION_SOSPECHOSA,"USUARIO_MODIFICACION: creado por 'EGT', modificado por 'RFR' (monto alto)",ALTO,50,"monto_atipico: monto_abs=3916.80, z=2.17 (umbral ±2.0) para código 'RENHAB' | cancelacion_monto_alto: monto cancelado=3916.80","Alerta tx 560 (folio 54289, cód RENHAB, monto 3916.80): [MONTO_ATIPICO | CANCELACION_SOSPECHOSA] — monto_atipico: monto_abs=3916.80, z=2.17 (umbral ±2.0) para código 'RENHAB'; cancelacion_monto_alto: monto cancelado=3916.80 — | ctx: USUARIO_MODIFICACION: creado por 'EGT', modificado por 'RFR' (monto alto)"
106,11492,TRANSF,40000.0,2021-08-26,True,True,False,MONTO_ATIPICO,,MEDIO,25,"monto_atipico: monto_abs=40000.00, z=4.47 (umbral ±2.0) para código 'TRANSF'","Alerta tx 106 (folio 11492, cód TRANSF, monto 40000.00): [MONTO_ATIPICO] — monto_atipico: monto_abs=40000.00, z=4.47 (umbral ±2.0) para código 'TRANSF'"
756,126197,RENHAB,5529.62,2025-05-31,True,True,False,MONTO_ATIPICO,,MEDIO,25,"monto_atipico: monto_abs=5529.62, z=4.15 (umbral ±2.0) para código 'RENHAB'","Alerta tx 756 (folio 126197, cód RENHAB, monto 5529.62): [MONTO_ATIPICO] — monto_atipico: monto_abs=5529.62, z=4.15 (umbral ±2.0) para código 'RENHAB'"
880,28174,RENHAB,-3409.56,2022-04-29,True,True,False,CANCELACION_SOSPECHOSA,"USUARIO_MODIFICACION: creado por 'AGH', modificado por 'EGT' (monto alto)",MEDIO,25,cancelacion_monto_alto: monto cancelado=3409.56,"Alerta tx 880 (folio 28174, cód RENHAB, monto -3409.56): [CANCELACION_SOSPECHOSA] — cancelacion_monto_alto: monto cancelado=3409.56 — | ctx: USUARIO_MODIFICACION: creado por 'AGH', modificado por 'EGT' (monto alto)"
36,109311,CXC,82461.98,2024-11-26,True,True,False,MONTO_ATIPICO,,MEDIO,25,"monto_atipico: monto_abs=82461.98, z=3.69 (umbral ±2.0) para código 'CXC'","Alerta tx 36 (folio 109311, cód CXC, monto 82461.98): [MONTO_ATIPICO] — monto_atipico: monto_abs=82461.98, z=3.69 (umbral ±2.0) para código 'CXC'"
672,4677,RENHAB,3837.6,2021-05-11,True,True,False,MONTO_ATIPICO,"USUARIO_MODIFICACION: creado por 'ALM', modificado por 'JML' (monto alto)",MEDIO,25,"monto_atipico: monto_abs=3837.60, z=2.08 (umbral ±2.0) para código 'RENHAB'","Alerta tx 672 (folio 4677, cód RENHAB, monto 3837.60): [MONTO_ATIPICO] — monto_atipico: monto_abs=3837.60, z=2.08 (umbral ±2.0) para código 'RENHAB' — | ctx: USUARIO_MODIFICACION: creado por 'ALM', modificado por 'JML' (monto alto)"
108,35458,TARCRE,17583.64,2022-07-24,True,True,False,MONTO_ATIPICO,,MEDIO,25,"monto_atipico: monto_abs=17583.64, z=3.05 (umbral ±2.0) para código 'TARCRE'","Alerta tx 108 (folio 35458, cód TARCRE, monto 17583.64): [MONTO_ATIPICO] — monto_atipico: monto_abs=17583.64, z=3.05 (umbral ±2.0) para código 'TARCRE'"
176,5413,PROPTI,72.0,2021-05-27,True,True,False,CANCELACION_SOSPECHOSA,"USUARIO_MODIFICACION: creado por 'MCC', modificado por 'JML'",MEDIO,25,cancelacion_monto_alto: monto cancelado=72.00,"Alerta tx 176 (folio 5413, cód PROPTI, monto 72.00): [CANCELACION_SOSPECHOSA] — cancelacion_monto_alto: monto cancelado=72.00 — | ctx: USUARIO_MODIFICACION: creado por 'MCC', modificado por 'JML'"
817,26150,RENHAB,-2977.59,2022-04-09,True,True,False,CANCELACION_SOSPECHOSA,"USUARIO_MODIFICACION: creado por 'AGH', modificado por 'EGT' (monto alto)",MEDIO,25,cancelacion_monto_alto: monto cancelado=2977.59,"Alerta tx 817 (folio 26150, cód RENHAB, monto -2977.59): [CANCELACION_SOSPECHOSA] — cancelacion_monto_alto: monto cancelado=2977.59 — | ctx: USUARIO_MODIFICACION: creado por 'AGH', modificado por 'EGT' (monto alto)"
534,57034,RENHAB,0.0,2023-05-02,True,True,False,MONTO_ATIPICO,,MEDIO,25,"monto_atipico: monto_abs=0.00, z=-2.63 (umbral ±2.0) para código 'RENHAB'","Alerta tx 534 (folio 57034, cód RENHAB, monto 0.00): [MONTO_ATIPICO] — monto_atipico: monto_abs=0.00, z=-2.63 (umbral ±2.0) para código 'RENHAB'"
539,146372,RENHAB,6585.33,2026-01-31,True,True,False,MONTO_ATIPICO | CANCELACION_SOSPECHOSA,"USUARIO_MODIFICACION: creado por 'CQ3', modificado por 'AQX' (monto alto)",ALTO,50,"monto_atipico: monto_abs=6585.33, z=5.45 (umbral ±2.0) para código 'RENHAB' | cancelacion_monto_alto: monto cancelado=6585.33","Alerta tx 539 (folio 146372, cód RENHAB, monto 6585.33): [MONTO_ATIPICO | CANCELACION_SOSPECHOSA] — monto_atipico: monto_abs=6585.33, z=5.45 (umbral ±2.0) para código 'RENHAB'; cancelacion_monto_alto: monto cancelado=6585.33 — | ctx: USUARIO_MODIFICACION: creado por 'CQ3', modificado por 'AQX' (monto alto)"
1923,352,CANCXC,-2192.82,2021-03-11,True,True,False,FUERA_DE_ESTANCIA | CANCELACION_SOSPECHOSA,"USUARIO_MODIFICACION: creado por 'ALM', modificado por 'FJL'",ALTO,60,"cargo_despues_checkout: fecha_cargo=2021-03-11, check-out=2021-03-07 | folio_alto_ratio_cancelaciones: 75% de movimientos cancelados","Alerta tx 1923 (folio 352, cód CANCXC, monto -2192.82): [FUERA_DE_ESTANCIA | CANCELACION_SOSPECHOSA] — cargo_despues_checkout: fecha_cargo=2021-03-11, check-out=2021-03-07; folio_alto_ratio_cancelaciones: 75% de movimientos cancelados — | ctx: USUARIO_MODIFICACION: creado por 'ALM', modificado por 'FJL'"
681,37684,PROPTI,96.0,2022-08-17,True,True,False,MONTO_ATIPICO,,MEDIO,25,"monto_atipico: monto_abs=96.00, z=2.41 (umbral ±2.0) para código 'PROPTI'","Alerta tx 681 (folio 37684, cód PROPTI, monto 96.00): [MONTO_ATIPICO] — monto_atipico: monto_abs=96.00, z=2.41 (umbral ±2.0) para código 'PROPTI'"
485,133567,RENHAB,4076.36,2025-08-17,True,True,False,MONTO_ATIPICO,,MEDIO,25,"monto_atipico: monto_abs=4076.36, z=2.37 (umbral ±2.0) para código 'RENHAB'","Alerta tx 485 (folio 133567, cód RENHAB, monto 4076.36): [MONTO_ATIPICO] — monto_atipico: monto_abs=4076.36, z=2.37 (umbral ±2.0) para código 'RENHAB'"
786,8722,PROPTI,72.0,2021-07-17,True,True,False,CANCELACION_SOSPECHOSA,"USUARIO_MODIFICACION: creado por 'MCC', modificado por 'RFR'",MEDIO,25,cancelacion_monto_alto: monto cancelado=72.00,"Alerta tx 786 (folio 8722, cód PROPTI, monto 72.00): [CANCELACION_SOSPECHOSA] — cancelacion_monto_alto: monto cancelado=72.00 — | ctx: USUARIO_MODIFICACION: creado por 'MCC', modificado por 'RFR'"
37,138863,DEPEFE,30000.0,2025-10-29,True,True,False,MONTO_ATIPICO,,MEDIO,25,"monto_atipico: monto_abs=30000.00, z=3.24 (umbral ±2.0) para código 'DEPEFE'","Alerta tx 37 (folio 138863, cód DEPEFE, monto 30000.00): [MONTO_ATIPICO] — monto_atipico: monto_abs=30000.00, z=3.24 (umbral ±2.0) para código 'DEPEFE'"
43,5590,CANXFA,2738.44,2021-05-28,True,True,False,FUERA_DE_ESTANCIA,,MEDIO,35,"cargo_despues_checkout: fecha_cargo=2021-05-28, check-out=2021-05-25","Alerta tx 43 (folio 5590, cód CANXFA, monto 2738.44): [FUERA_DE_ESTANCIA] — cargo_despues_checkout: fecha_cargo=2021-05-28, check-out=2021-05-25"
19,34980,CANXFA,3528.26,2022-07-20,True,True,False,FUERA_DE_ESTANCIA,,MEDIO,35,"cargo_despues_checkout: fecha_cargo=2022-07-20, check-out=2022-07-09","Alerta tx 19 (folio 34980, cód CANXFA, monto 3528.26): [FUERA_DE_ESTANCIA] — cargo_despues_checkout: fecha_cargo=2022-07-20, check-out=2022-07-09"
639,63915,PROPTI,52.8,2023-07-03,True,True,False,DUPLICADO,"USUARIO_MODIFICACION: creado por 'EGT', modificado por 'JLS'",MEDIO,40,duplicado_exacto: 2 veces el mismo folio/código/monto/habitación/fecha,"Alerta tx 639 (folio 63915, cód PROPTI, monto 52.80): [DUPLICADO] — duplicado_exacto: 2 veces el mismo folio/código/monto/habitación/fecha — | ctx: USUARIO_MODIFICACION: creado por 'EGT', modificado por 'JLS'"
69,1633,CANCXC,-5348.0,2021-04-13,True,True,False,FUERA_DE_ESTANCIA | CONTEXTO_RESERVACION,,ALTO,55,"cargo_despues_checkout: fecha_cargo=2021-04-13, check-out=2021-04-01 | noches_inconsistentes: cargo=0, reserva=4.0","Alerta tx 69 (folio 1633, cód CANCXC, monto -5348.00): [FUERA_DE_ESTANCIA | CONTEXTO_RESERVACION] — cargo_despues_checkout: fecha_cargo=2021-04-13, check-out=2021-04-01; noches_inconsistentes: cargo=0, reserva=4.0"
606,45954,PROPTI,120.0,2022-12-27,True,True,False,MONTO_ATIPICO,,MEDIO,25,"monto_atipico: monto_abs=120.00, z=3.52 (umbral ±2.0) para código 'PROPTI'","Alerta tx 606 (folio 45954, cód PROPTI, monto 120.00): [MONTO_ATIPICO] — monto_atipico: monto_abs=120.00, z=3.52 (umbral ±2.0) para código 'PROPTI'"
988,18712,PROPTI,-72.0,2021-12-27,True,True,False,CANCELACION_SOSPECHOSA,"USUARIO_MODIFICACION: creado por 'ALM', modificado por 'AGH'",MEDIO,25,cancelacion_monto_alto: monto cancelado=72.00,"Alerta tx 988 (folio 18712, cód PROPTI, monto -72.00): [CANCELACION_SOSPECHOSA] — cancelacion_monto_alto: monto cancelado=72.00 — | ctx: USUARIO_MODIFICACION: creado por 'ALM', modificado por 'AGH'"
312,147171,RENHAB,3881.51,2026-02-10,True,True,False,MONTO_ATIPICO,,MEDIO,25,"monto_atipico: monto_abs=3881.51, z=2.13 (umbral ±2.0) para código 'RENHAB'","Alerta tx 312 (folio 147171, cód RENHAB, monto 3881.51): [MONTO_ATIPICO] — monto_atipico: monto_abs=3881.51, z=2.13 (umbral ±2.0) para código 'RENHAB'"
361,89413,PROPTI,87.12,2024-04-09,True,True,False,CANCELACION_SOSPECHOSA,"USUARIO_MODIFICACION: creado por 'EGT', modificado por 'OLN'",MEDIO,25,cancelacion_monto_alto: monto cancelado=87.12,"Alerta tx 361 (folio 89413, cód PROPTI, monto 87.12): [CANCELACION_SOSPECHOSA] — cancelacion_monto_alto: monto cancelado=87.12 — | ctx: USUARIO_MODIFICACION: creado por 'EGT', modificado por 'OLN'"
91,65074,RESDEP,47000.0,2023-07-16,True,True,False,MONTO_ATIPICO,,MEDIO,25,"monto_atipico: monto_abs=47000.00, z=4.84 (umbral ±2.0) para código 'RESDEP'","Alerta tx 91 (folio 65074, cód RESDEP, monto 47000.00): [MONTO_ATIPICO] — monto_atipico: monto_abs=47000.00, z=4.84 (umbral ±2.0) para código 'RESDEP'"
39,41705,DEPEFE,30000.0,2022-10-18,True,True,False,MONTO_ATIPICO,,MEDIO,25,"monto_atipico: monto_abs=30000.00, z=3.24 (umbral ±2.0) para código 'DEPEFE'","Alerta tx 39 (folio 41705, cód DEPEFE, monto 30000.00): [MONTO_ATIPICO] — monto_atipico: monto_abs=30000.00, z=3.24 (umbral ±2.0) para código 'DEPEFE'"
604,99948,RENHAB,4003.28,2024-07-20,True,True,False,MONTO_ATIPICO,,MEDIO,25,"monto_atipico: monto_abs=4003.28, z=2.28 (umbral ±2.0) para código 'RENHAB'","Alerta tx 604 (folio 99948, cód RENHAB, monto 4003.28): [MONTO_ATIPICO] — monto_atipico: monto_abs=4003.28, z=2.28 (umbral ±2.0) para código 'RENHAB'"
574,23387,PROPTI,96.0,2022-03-02,True,True,False,MONTO_ATIPICO,,MEDIO,25,"monto_atipico: monto_abs=96.00, z=2.41 (umbral ±2.0) para código 'PROPTI'","Alerta tx 574 (folio 23387, cód PROPTI, monto 96.00): [MONTO_ATIPICO] — monto_atipico: monto_abs=96.00, z=2.41 (umbral ±2.0) para código 'PROPTI'"
839,121578,PROPTI,116.16,2025-04-21,True,True,False,MONTO_ATIPICO,,MEDIO,25,"monto_atipico: monto_abs=116.16, z=3.34 (umbral ±2.0) para código 'PROPTI'","Alerta tx 839 (folio 121578, cód PROPTI, monto 116.16): [MONTO_ATIPICO] — monto_atipico: monto_abs=116.16, z=3.34 (umbral ±2.0) para código 'PROPTI'"
144,40218,EFE,14310.0,2022-09-20,True,True,False,MONTO_ATIPICO,,MEDIO,25,"monto_atipico: monto_abs=14310.00, z=2.59 (umbral ±2.0) para código 'EFE'","Alerta tx 144 (folio 40218, cód EFE, monto 14310.00): [MONTO_ATIPICO] — monto_atipico: monto_abs=14310.00, z=2.59 (umbral ±2.0) para código 'EFE'"
52,21087,EFE,15229.0,2022-01-28,True,True,False,MONTO_ATIPICO,,MEDIO,25,"monto_atipico: monto_abs=15229.00, z=2.82 (umbral ±2.0) para código 'EFE'","Alerta tx 52 (folio 21087, cód EFE, monto 15229.00): [MONTO_ATIPICO] — monto_atipico: monto_abs=15229.00, z=2.82 (umbral ±2.0) para código 'EFE'"
564,18586,RENHAB,0.0,2021-12-25,True,True,False,MONTO_ATIPICO,,MEDIO,25,"monto_atipico: monto_abs=0.00, z=-2.63 (umbral ±2.0) para código 'RENHAB'","Alerta tx 564 (folio 18586, cód RENHAB, monto 0.00): [MONTO_ATIPICO] — monto_atipico: monto_abs=0.00, z=-2.63 (umbral ±2.0) para código 'RENHAB'"
179,37677,RENHAB,0.0,2022-08-22,True,True,False,MONTO_ATIPICO,,MEDIO,25,"monto_atipico: monto_abs=0.00, z=-2.63 (umbral ±2.0) para código 'RENHAB'","Alerta tx 179 (folio 37677, cód RENHAB, monto 0.00): [MONTO_ATIPICO] — monto_atipico: monto_abs=0.00, z=-2.63 (umbral ±2.0) para código 'RENHAB'"
414,147409,RENHAB,0.0,2026-02-16,True,True,False,MONTO_ATIPICO,,MEDIO,25,"monto_atipico: monto_abs=0.00, z=-2.63 (umbral ±2.0) para código 'RENHAB'","Alerta tx 414 (folio 147409, cód RENHAB, monto 0.00): [MONTO_ATIPICO] — monto_atipico: monto_abs=0.00, z=-2.63 (umbral ±2.0) para código 'RENHAB'"
92,103255,RENHAB,0.0,2024-08-26,True,True,False,MONTO_ATIPICO,,MEDIO,25,"monto_atipico: monto_abs=0.00, z=-2.63 (umbral ±2.0) para código 'RENHAB'","Alerta tx 92 (folio 103255, cód RENHAB, monto 0.00): [MONTO_ATIPICO] — monto_atipico: monto_abs=0.00, z=-2.63 (umbral ±2.0) para código 'RENHAB'"
760,54592,RENHAB,5311.8,2023-04-06,True,True,False,MONTO_ATIPICO,,MEDIO,25,"monto_atipico: monto_abs=5311.80, z=3.88 (umbral ±2.0) para código 'RENHAB'","Alerta tx 760 (folio 54592, cód RENHAB, monto 5311.80): [MONTO_ATIPICO] — monto_atipico: monto_abs=5311.80, z=3.88 (umbral ±2.0) para código 'RENHAB'"
632,46284,RENHAB,0.0,2022-12-31,True,True,False,MONTO_ATIPICO,,MEDIO,25,"monto_atipico: monto_abs=0.00, z=-2.63 (umbral ±2.0) para código 'RENHAB'","Alerta tx 632 (folio 46284, cód RENHAB, monto 0.00): [MONTO_ATIPICO] — monto_atipico: monto_abs=0.00, z=-2.63 (umbral ±2.0) para código 'RENHAB'"
185,145303,RENHAB,5110.34,2026-01-14,True,True,False,MONTO_ATIPICO,,MEDIO,25,"monto_atipico: monto_abs=5110.34, z=3.64 (umbral ±2.0) para código 'RENHAB'","Alerta tx 185 (folio 145303, cód RENHAB, monto 5110.34): [MONTO_ATIPICO] — monto_atipico: monto_abs=5110.34, z=3.64 (umbral ±2.0) para código 'RENHAB'"
462,148300,PROPTI,88.5,2026-02-22,True,True,False,MONTO_ATIPICO,,MEDIO,25,"monto_atipico: monto_abs=88.50, z=2.06 (umbral ±2.0) para código 'PROPTI'","Alerta tx 462 (folio 148300, cód PROPTI, monto 88.50): [MONTO_ATIPICO] — monto_atipico: monto_abs=88.50, z=2.06 (umbral ±2.0) para código 'PROPTI'"
150,DEP103,TRANSF,36430.0,2021-03-22,True,True,False,MONTO_ATIPICO,,MEDIO,25,"monto_atipico: monto_abs=36430.00, z=3.98 (umbral ±2.0) para código 'TRANSF'","Alerta tx 150 (folio DEP103, cód TRANSF, monto 36430.00): [MONTO_ATIPICO] — monto_atipico: monto_abs=36430.00, z=3.98 (umbral ±2.0) para código 'TRANSF'"
387,139616,RENHAB,4162.7,2025-11-07,True,True,False,MONTO_ATIPICO,,MEDIO,25,"monto_atipico: monto_abs=4162.70, z=2.47 (umbral ±2.0) para código 'RENHAB'","Alerta tx 387 (folio 139616, cód RENHAB, monto 4162.70): [MONTO_ATIPICO] — monto_atipico: monto_abs=4162.70, z=2.47 (umbral ±2.0) para código 'RENHAB'"
286,115385,PROPTI,87.12,2025-02-09,True,True,False,CANCELACION_SOSPECHOSA,"USUARIO_MODIFICACION: creado por 'AQX', modificado por 'OLN'",MEDIO,25,cancelacion_monto_alto: monto cancelado=87.12,"Alerta tx 286 (folio 115385, cód PROPTI, monto 87.12): [CANCELACION_SOSPECHOSA] — cancelacion_monto_alto: monto cancelado=87.12 — | ctx: USUARIO_MODIFICACION: creado por 'AQX', modificado por 'OLN'"
372,101001,RENHAB,0.0,2024-08-03,True,True,False,MONTO_ATIPICO,,MEDIO,25,"monto_atipico: monto_abs=0.00, z=-2.63 (umbral ±2.0) para código 'RENHAB'","Alerta tx 372 (folio 101001, cód RENHAB, monto 0.00): [MONTO_ATIPICO] — monto_atipico: monto_abs=0.00, z=-2.63 (umbral ±2.0) para código 'RENHAB'"
816,143109,RENHAB,5305.84,2025-12-26,True,True,False,MONTO_ATIPICO,,MEDIO,25,"monto_atipico: monto_abs=5305.84, z=3.88 (umbral ±2.0) para código 'RENHAB'","Alerta tx 816 (folio 143109, cód RENHAB, monto 5305.84): [MONTO_ATIPICO] — monto_atipico: monto_abs=5305.84, z=3.88 (umbral ±2.0) para código 'RENHAB'"
752,94324,PROPTI,87.12,2024-05-27,True,True,False,CANCELACION_SOSPECHOSA,"USUARIO_MODIFICACION: creado por 'EGT', modificado por 'CEV'",MEDIO,25,cancelacion_monto_alto: monto cancelado=87.12,"Alerta tx 752 (folio 94324, cód PROPTI, monto 87.12): [CANCELACION_SOSPECHOSA] — cancelacion_monto_alto: monto cancelado=87.12 — | ctx: USUARIO_MODIFICACION: creado por 'EGT', modificado por 'CEV'"
372,131098,RENHAB,4363.84,2025-07-30,True,True,False,MONTO_ATIPICO,,MEDIO,25,"monto_atipico: monto_abs=4363.84, z=2.72 (umbral ±2.0) para código 'RENHAB'","Alerta tx 372 (folio 131098, cód RENHAB, monto 4363.84): [MONTO_ATIPICO] — monto_atipico: monto_abs=4363.84, z=2.72 (umbral ±2.0) para código 'RENHAB'"
754,54191,PROPTI,-79.2,2023-04-04,True,True,False,CANCELACION_SOSPECHOSA,"USUARIO_MODIFICACION: creado por 'EGT', modificado por 'CEV'",MEDIO,25,cancelacion_monto_alto: monto cancelado=79.20,"Alerta tx 754 (folio 54191, cód PROPTI, monto -79.20): [CANCELACION_SOSPECHOSA] — cancelacion_monto_alto: monto cancelado=79.20 — | ctx: USUARIO_MODIFICACION: creado por 'EGT', modificado por 'CEV'"
524,73439,PROPTI,105.6,2023-10-06,True,True,False,MONTO_ATIPICO,,MEDIO,25,"monto_atipico: monto_abs=105.60, z=2.85 (umbral ±2.0) para código 'PROPTI'","Alerta tx 524 (folio 73439, cód PROPTI, monto 105.60): [MONTO_ATIPICO] — monto_atipico: monto_abs=105.60, z=2.85 (umbral ±2.0) para código 'PROPTI'"
543,143761,RENHAB,4016.18,2026-01-01,True,True,False,MONTO_ATIPICO,,MEDIO,25,"monto_atipico: monto_abs=4016.18, z=2.29 (umbral ±2.0) para código 'RENHAB'","Alerta tx 543 (folio 143761, cód RENHAB, monto 4016.18): [MONTO_ATIPICO] — monto_atipico: monto_abs=4016.18, z=2.29 (umbral ±2.0) para código 'RENHAB'"
140,132458,CANXFA,5512.59,2025-08-07,True,True,False,FUERA_DE_ESTANCIA,,MEDIO,35,"cargo_despues_checkout: fecha_cargo=2025-08-07, check-out=2025-08-03","Alerta tx 140 (folio 132458, cód CANXFA, monto 5512.59): [FUERA_DE_ESTANCIA] — cargo_despues_checkout: fecha_cargo=2025-08-07, check-out=2025-08-03"
317,49107,RENHAB,0.0,2023-02-10,True,True,False,MONTO_ATIPICO,,MEDIO,25,"monto_atipico: monto_abs=0.00, z=-2.63 (umbral ±2.0) para código 'RENHAB'","Alerta tx 317 (folio 49107, cód RENHAB, monto 0.00): [MONTO_ATIPICO] — monto_atipico: monto_abs=0.00, z=-2.63 (umbral ±2.0) para código 'RENHAB'"
938,15862,RENHAB,2164.5,2021-11-13,True,True,False,CANCELACION_SOSPECHOSA,"USUARIO_MODIFICACION: creado por 'ALM', modificado por 'AGH'",MEDIO,25,folio_alto_ratio_cancelaciones: 100% de movimientos cancelados,"Alerta tx 938 (folio 15862, cód RENHAB, monto 2164.50): [CANCELACION_SOSPECHOSA] — folio_alto_ratio_cancelaciones: 100% de movimientos cancelados — | ctx: USUARIO_MODIFICACION: creado por 'ALM', modificado por 'AGH'"
195,46896,RENHAB,352.0,2023-01-08,True,True,False,MONTO_ATIPICO,"USUARIO_MODIFICACION: creado por 'EGT', modificado por 'RFR'",MEDIO,25,"monto_atipico: monto_abs=352.00, z=-2.20 (umbral ±2.0) para código 'RENHAB'","Alerta tx 195 (folio 46896, cód RENHAB, monto 352.00): [MONTO_ATIPICO] — monto_atipico: monto_abs=352.00, z=-2.20 (umbral ±2.0) para código 'RENHAB' — | ctx: USUARIO_MODIFICACION: creado por 'EGT', modificado por 'RFR'"
255,132057,RENHAB,4282.99,2025-08-05,True,True,False,MONTO_ATIPICO,,MEDIO,25,"monto_atipico: monto_abs=4282.99, z=2.62 (umbral ±2.0) para código 'RENHAB'","Alerta tx 255 (folio 132057, cód RENHAB, monto 4282.99): [MONTO_ATIPICO] — monto_atipico: monto_abs=4282.99, z=2.62 (umbral ±2.0) para código 'RENHAB'"
599,4096,PROPTI,-72.0,2021-05-04,True,True,False,CANCELACION_SOSPECHOSA,"USUARIO_MODIFICACION: creado por 'MCC', modificado por 'JML'",MEDIO,25,cancelacion_monto_alto: monto cancelado=72.00,"Alerta tx 599 (folio 4096, cód PROPTI, monto -72.00): [CANCELACION_SOSPECHOSA] — cancelacion_monto_alto: monto cancelado=72.00 — | ctx: USUARIO_MODIFICACION: creado por 'MCC', modificado por 'JML'"
16,86029,EFE,29522.0,2024-03-11,True,True,False,MONTO_ATIPICO,,MEDIO,25,"monto_atipico: monto_abs=29522.00, z=6.30 (umbral ±2.0) para código 'EFE'","Alerta tx 16 (folio 86029, cód EFE, monto 29522.00): [MONTO_ATIPICO] — monto_atipico: monto_abs=29522.00, z=6.30 (umbral ±2.0) para código 'EFE'"
30,47640,MISCEL,500.0,2023-01-20,True,True,False,MONTO_ATIPICO,,MEDIO,25,"monto_atipico: monto_abs=500.00, z=2.08 (umbral ±2.0) para código 'MISCEL'","Alerta tx 30 (folio 47640, cód MISCEL, monto 500.00): [MONTO_ATIPICO] — monto_atipico: monto_abs=500.00, z=2.08 (umbral ±2.0) para código 'MISCEL'"
473,69595,RENHAB,0.0,2023-08-20,True,True,False,MONTO_ATIPICO,,MEDIO,25,"monto_atipico: monto_abs=0.00, z=-2.63 (umbral ±2.0) para código 'RENHAB'","Alerta tx 473 (folio 69595, cód RENHAB, monto 0.00): [MONTO_ATIPICO] — monto_atipico: monto_abs=0.00, z=-2.63 (umbral ±2.0) para código 'RENHAB'"
504,33467,RENHAB,4163.0,2022-07-06,True,True,False,MONTO_ATIPICO,,MEDIO,25,"monto_atipico: monto_abs=4163.00, z=2.47 (umbral ±2.0) para código 'RENHAB'","Alerta tx 504 (folio 33467, cód RENHAB, monto 4163.00): [MONTO_ATIPICO] — monto_atipico: monto_abs=4163.00, z=2.47 (umbral ±2.0) para código 'RENHAB'"
44,46926,CANXFA,12846.16,2023-01-09,True,True,False,MONTO_ATIPICO | FUERA_DE_ESTANCIA | CONTEXTO_RESERVACION,,CRITICO,80,"monto_atipico: monto_abs=12846.16, z=2.18 (umbral ±2.0) para código 'CANXFA' | cargo_despues_checkout: fecha_cargo=2023-01-09, check-out=2023-01-02 | noches_inconsistentes: cargo=0, reserva=3.0","Alerta tx 44 (folio 46926, cód CANXFA, monto 12846.16): [MONTO_ATIPICO | FUERA_DE_ESTANCIA | CONTEXTO_RESERVACION] — monto_atipico: monto_abs=12846.16, z=2.18 (umbral ±2.0) para código 'CANXFA'; cargo_despues_checkout: fecha_cargo=2023-01-09, check-out=2023-01-02; noches_inconsistentes: cargo=0, reserva=3.0"
620,122018,PROPTI,87.12,2025-04-24,True,True,False,CANCELACION_SOSPECHOSA,"USUARIO_MODIFICACION: creado por 'DOB', modificado por 'MBJ'",MEDIO,25,cancelacion_monto_alto: monto cancelado=87.12,"Alerta tx 620 (folio 122018, cód PROPTI, monto 87.12): [CANCELACION_SOSPECHOSA] — cancelacion_monto_alto: monto cancelado=87.12 — | ctx: USUARIO_MODIFICACION: creado por 'DOB', modificado por 'MBJ'"
158,131363,CANXFA,7317.14,2025-07-29,True,True,False,FUERA_DE_ESTANCIA | CONTEXTO_RESERVACION,,ALTO,55,"cargo_despues_checkout: fecha_cargo=2025-07-29, check-out=2025-07-21 | noches_inconsistentes: cargo=0, reserva=3.0","Alerta tx 158 (folio 131363, cód CANXFA, monto 7317.14): [FUERA_DE_ESTANCIA | CONTEXTO_RESERVACION] — cargo_despues_checkout: fecha_cargo=2025-07-29, check-out=2025-07-21; noches_inconsistentes: cargo=0, reserva=3.0"
204,57651,CANCXC,3996.0,2023-05-05,True,True,False,FUERA_DE_ESTANCIA,,MEDIO,35,"cargo_despues_checkout: fecha_cargo=2023-05-05, check-out=2023-05-04","Alerta tx 204 (folio 57651, cód CANCXC, monto 3996.00): [FUERA_DE_ESTANCIA] — cargo_despues_checkout: fecha_cargo=2023-05-05, check-out=2023-05-04"
110,16318,AJCUPN,2077.91,2021-11-23,True,True,False,FUERA_DE_ESTANCIA,,MEDIO,35,"cargo_despues_checkout: fecha_cargo=2021-11-23, check-out=2021-11-21","Alerta tx 110 (folio 16318, cód AJCUPN, monto 2077.91): [FUERA_DE_ESTANCIA] — cargo_despues_checkout: fecha_cargo=2021-11-23, check-out=2021-11-21"
156,78144,PROPTI,52.8,2023-12-09,True,True,False,CANCELACION_SOSPECHOSA,"USUARIO_MODIFICACION: creado por 'EGT', modificado por 'CEV'",MEDIO,25,folio_alto_ratio_cancelaciones: 100% de movimientos cancelados,"Alerta tx 156 (folio 78144, cód PROPTI, monto 52.80): [CANCELACION_SOSPECHOSA] — folio_alto_ratio_cancelaciones: 100% de movimientos cancelados — | ctx: USUARIO_MODIFICACION: creado por 'EGT', modificado por 'CEV'"
174,110281,RENHAB,0.0,2024-12-11,True,True,False,MONTO_ATIPICO,,MEDIO,25,"monto_atipico: monto_abs=0.00, z=-2.63 (umbral ±2.0) para código 'RENHAB'","Alerta tx 174 (folio 110281, cód RENHAB, monto 0.00): [MONTO_ATIPICO] — monto_atipico: monto_abs=0.00, z=-2.63 (umbral ±2.0) para código 'RENHAB'"
44,87690,CANXFA,3045.3,2024-03-25,True,True,False,FUERA_DE_ESTANCIA,,MEDIO,35,"cargo_despues_checkout: fecha_cargo=2024-03-25, check-out=2024-03-24","Alerta tx 44 (folio 87690, cód CANXFA, monto 3045.30): [FUERA_DE_ESTANCIA] — cargo_despues_checkout: fecha_cargo=2024-03-25, check-out=2024-03-24"
233,47711,RENHAB,0.0,2023-01-30,True,True,False,MONTO_ATIPICO | CONTEXTO_RESERVACION,,MEDIO,45,"monto_atipico: monto_abs=0.00, z=-2.63 (umbral ±2.0) para código 'RENHAB' | noches_inconsistentes: cargo=31, reserva=63.0","Alerta tx 233 (folio 47711, cód RENHAB, monto 0.00): [MONTO_ATIPICO | CONTEXTO_RESERVACION] — monto_atipico: monto_abs=0.00, z=-2.63 (umbral ±2.0) para código 'RENHAB'; noches_inconsistentes: cargo=31, reserva=63.0"
579,121368,RENHAB,5787.68,2025-04-17,True,True,False,MONTO_ATIPICO,,MEDIO,25,"monto_atipico: monto_abs=5787.68, z=4.47 (umbral ±2.0) para código 'RENHAB'","Alerta tx 579 (folio 121368, cód RENHAB, monto 5787.68): [MONTO_ATIPICO] — monto_atipico: monto_abs=5787.68, z=4.47 (umbral ±2.0) para código 'RENHAB'"
207,142475,CANXFA,600.0,2025-12-12,True,True,False,FUERA_DE_ESTANCIA | CONTEXTO_RESERVACION,,ALTO,55,"cargo_despues_checkout: fecha_cargo=2025-12-12, check-out=2025-12-10 | noches_inconsistentes: cargo=0, reserva=3.0","Alerta tx 207 (folio 142475, cód CANXFA, monto 600.00): [FUERA_DE_ESTANCIA | CONTEXTO_RESERVACION] — cargo_despues_checkout: fecha_cargo=2025-12-12, check-out=2025-12-10; noches_inconsistentes: cargo=0, reserva=3.0"
75,1357,CANXFA,5438.03,2021-03-23,True,True,False,FUERA_DE_ESTANCIA | CONTEXTO_RESERVACION,,ALTO,55,"cargo_despues_checkout: fecha_cargo=2021-03-23, check-out=2021-03-18 | noches_inconsistentes: cargo=0, reserva=4.0","Alerta tx 75 (folio 1357, cód CANXFA, monto 5438.03): [FUERA_DE_ESTANCIA | CONTEXTO_RESERVACION] — cargo_despues_checkout: fecha_cargo=2021-03-23, check-out=2021-03-18; noches_inconsistentes: cargo=0, reserva=4.0"
360,118864,CANXFA,7955.28,2025-03-20,True,True,False,FUERA_DE_ESTANCIA,,MEDIO,35,"cargo_despues_checkout: fecha_cargo=2025-03-20, check-out=2025-03-17","Alerta tx 360 (folio 118864, cód CANXFA, monto 7955.28): [FUERA_DE_ESTANCIA] — cargo_despues_checkout: fecha_cargo=2025-03-20, check-out=2025-03-17"
406,27481,PROPTI,72.0,2022-04-20,True,True,False,CANCELACION_SOSPECHOSA,"USUARIO_MODIFICACION: creado por 'AGH', modificado por 'EGT'",MEDIO,25,cancelacion_monto_alto: monto cancelado=72.00,"Alerta tx 406 (folio 27481, cód PROPTI, monto 72.00): [CANCELACION_SOSPECHOSA] — cancelacion_monto_alto: monto cancelado=72.00 — | ctx: USUARIO_MODIFICACION: creado por 'AGH', modificado por 'EGT'"
332,121573,RENHAB,4673.99,2025-04-20,True,True,False,MONTO_ATIPICO,,MEDIO,25,"monto_atipico: monto_abs=4673.99, z=3.10 (umbral ±2.0) para código 'RENHAB'","Alerta tx 332 (folio 121573, cód RENHAB, monto 4673.99): [MONTO_ATIPICO] — monto_atipico: monto_abs=4673.99, z=3.10 (umbral ±2.0) para código 'RENHAB'"
1036,5639,RENHAB,3850.91,2021-05-28,True,True,False,MONTO_ATIPICO,,MEDIO,25,"monto_atipico: monto_abs=3850.91, z=2.09 (umbral ±2.0) para código 'RENHAB'","Alerta tx 1036 (folio 5639, cód RENHAB, monto 3850.91): [MONTO_ATIPICO] — monto_atipico: monto_abs=3850.91, z=2.09 (umbral ±2.0) para código 'RENHAB'"
320,437,CANXFA,3723.98,2021-03-11,True,True,False,FUERA_DE_ESTANCIA,,MEDIO,35,"cargo_despues_checkout: fecha_cargo=2021-03-11, check-out=2021-03-07","Alerta tx 320 (folio 437, cód CANXFA, monto 3723.98): [FUERA_DE_ESTANCIA] — cargo_despues_checkout: fecha_cargo=2021-03-11, check-out=2021-03-07"
390,9891,PROPTI,72.0,2021-07-31,True,True,False,CANCELACION_SOSPECHOSA,"USUARIO_MODIFICACION: creado por 'MCC', modificado por 'IEP'",MEDIO,25,cancelacion_monto_alto: monto cancelado=72.00,"Alerta tx 390 (folio 9891, cód PROPTI, monto 72.00): [CANCELACION_SOSPECHOSA] — cancelacion_monto_alto: monto cancelado=72.00 — | ctx: USUARIO_MODIFICACION: creado por 'MCC', modificado por 'IEP'"
18,18838,CANXFA,5404.92,2021-12-28,True,True,False,FUERA_DE_ESTANCIA | CONTEXTO_RESERVACION,,ALTO,55,"cargo_despues_checkout: fecha_cargo=2021-12-28, check-out=2021-12-23 | noches_inconsistentes: cargo=0, reserva=4.0","Alerta tx 18 (folio 18838, cód CANXFA, monto 5404.92): [FUERA_DE_ESTANCIA | CONTEXTO_RESERVACION] — cargo_despues_checkout: fecha_cargo=2021-12-28, check-out=2021-12-23; noches_inconsistentes: cargo=0, reserva=4.0"
454,148173,RENHAB,0.0,2026-02-20,True,True,False,MONTO_ATIPICO,,MEDIO,25,"monto_atipico: monto_abs=0.00, z=-2.63 (umbral ±2.0) para código 'RENHAB'","Alerta tx 454 (folio 148173, cód RENHAB, monto 0.00): [MONTO_ATIPICO] — monto_atipico: monto_abs=0.00, z=-2.63 (umbral ±2.0) para código 'RENHAB'"
252,38556,RENHAB,3854.0,2022-08-25,True,True,False,MONTO_ATIPICO,,MEDIO,25,"monto_atipico: monto_abs=3854.00, z=2.10 (umbral ±2.0) para código 'RENHAB'","Alerta tx 252 (folio 38556, cód RENHAB, monto 3854.00): [MONTO_ATIPICO] — monto_atipico: monto_abs=3854.00, z=2.10 (umbral ±2.0) para código 'RENHAB'"
799,130300,PROPTI,116.16,2025-07-22,True,True,False,MONTO_ATIPICO,,MEDIO,25,"monto_atipico: monto_abs=116.16, z=3.34 (umbral ±2.0) para código 'PROPTI'","Alerta tx 799 (folio 130300, cód PROPTI, monto 116.16): [MONTO_ATIPICO] — monto_atipico: monto_abs=116.16, z=3.34 (umbral ±2.0) para código 'PROPTI'"
93,50113,CANXFA,6325.12,2023-02-19,True,True,False,FUERA_DE_ESTANCIA | CONTEXTO_RESERVACION,,ALTO,55,"cargo_despues_checkout: fecha_cargo=2023-02-19, check-out=2023-02-10 | noches_inconsistentes: cargo=0, reserva=4.0","Alerta tx 93 (folio 50113, cód CANXFA, monto 6325.12): [FUERA_DE_ESTANCIA | CONTEXTO_RESERVACION] — cargo_despues_checkout: fecha_cargo=2023-02-19, check-out=2023-02-10; noches_inconsistentes: cargo=0, reserva=4.0"
32,38581,DEPHAB,21920.0,2022-08-26,True,True,False,MONTO_ATIPICO,,MEDIO,25,"monto_atipico: monto_abs=21920.00, z=2.53 (umbral ±2.0) para código 'DEPHAB'","Alerta tx 32 (folio 38581, cód DEPHAB, monto 21920.00): [MONTO_ATIPICO] — monto_atipico: monto_abs=21920.00, z=2.53 (umbral ±2.0) para código 'DEPHAB'"
189,58703,CANCXC,400.0,2023-05-15,True,True,False,FUERA_DE_ESTANCIA,,MEDIO,35,"cargo_despues_checkout: fecha_cargo=2023-05-15, check-out=2023-05-14","Alerta tx 189 (folio 58703, cód CANCXC, monto 400.00): [FUERA_DE_ESTANCIA] — cargo_despues_checkout: fecha_cargo=2023-05-15, check-out=2023-05-14"
90,104,CUPON,927.74,2021-03-12,True,True,False,FUERA_DE_ESTANCIA,,MEDIO,35,"cargo_despues_checkout: fecha_cargo=2021-03-12, check-out=2021-03-06","Alerta tx 90 (folio 104, cód CUPON, monto 927.74): [FUERA_DE_ESTANCIA] — cargo_despues_checkout: fecha_cargo=2021-03-12, check-out=2021-03-06"
569,46215,RENHAB,4509.88,2022-12-31,True,True,False,MONTO_ATIPICO,,MEDIO,25,"monto_atipico: monto_abs=4509.88, z=2.90 (umbral ±2.0) para código 'RENHAB'","Alerta tx 569 (folio 46215, cód RENHAB, monto 4509.88): [MONTO_ATIPICO] — monto_atipico: monto_abs=4509.88, z=2.90 (umbral ±2.0) para código 'RENHAB'"
529,86618,PROPTI,116.16,2024-03-17,True,True,False,MONTO_ATIPICO,,MEDIO,25,"monto_atipico: monto_abs=116.16, z=3.34 (umbral ±2.0) para código 'PROPTI'","Alerta tx 529 (folio 86618, cód PROPTI, monto 116.16): [MONTO_ATIPICO] — monto_atipico: monto_abs=116.16, z=3.34 (umbral ±2.0) para código 'PROPTI'"
