id_transaccion,folio,codigo,monto,fecha,es_anomalia,es_alerta_operativa,es_senal_contexto,cluster_anomalia,senales_contexto,nivel_riesgo,score_riesgo,reglas_activadas,mensaje_alerta
589,24921,PROPTI,72.0,2022-03-22,True,False,False,,"USUARIO_MODIFICACION: creado por 'AGH', modificado por 'EGT'",BAJO,0,,"Alerta tx 589 (folio 24921, cód PROPTI, monto 72.00): | ctx: USUARIO_MODIFICACION: creado por 'AGH', modificado por 'EGT'"
816,143109,RENHAB,5305.84,2025-12-26,True,True,False,MONTO_ATIPICO,,MEDIO,25,"monto_atipico: monto_abs=5305.84, z=3.88 (umbral ±2.0) para código 'RENHAB'","Alerta tx 816 (folio 143109, cód RENHAB, monto 5305.84): [MONTO_ATIPICO] — monto_atipico: monto_abs=5305.84, z=3.88 (umbral ±2.0) para código 'RENHAB'"
1019,92617,PROPTI,-29.04,2024-05-10,True,False,False,,"USUARIO_MODIFICACION: creado por 'VN2', modificado por 'CMG'",BAJO,0,,"Alerta tx 1019 (folio 92617, cód PROPTI, monto -29.04): | ctx: USUARIO_MODIFICACION: creado por 'VN2', modificado por 'CMG'"
690,78144,PROPTI,52.8,2023-12-09,True,True,False,CANCELACION_SOSPECHOSA,"USUARIO_MODIFICACION: creado por 'EGT', modificado por 'CEV'",MEDIO,25,folio_alto_ratio_cancelaciones: 100% de movimientos cancelados,"Alerta tx 690 (folio 78144, cód PROPTI, monto 52.80): [CANCELACION_SOSPECHOSA] — folio_alto_ratio_cancelaciones: 100% de movimientos cancelados — | ctx: USUARIO_MODIFICACION: creado por 'EGT', modificado por 'CEV'"
748,132713,PROPTI,58.08,2025-08-09,True,False,False,,"USUARIO_MODIFICACION: creado por 'DOB', modificado por 'CEV'",BAJO,0,,"Alerta tx 748 (folio 132713, cód PROPTI, monto 58.08): | ctx: USUARIO_MODIFICACION: creado por 'DOB', modificado por 'CEV'"
224,75801,PROPTI,52.8,2023-11-08,True,False,False,,"USUARIO_MODIFICACION: creado por 'EGT', modificado por 'RM2'",BAJO,0,,"Alerta tx 224 (folio 75801, cód PROPTI, monto 52.80): | ctx: USUARIO_MODIFICACION: creado por 'EGT', modificado por 'RM2'"
371,47330,PROPTI,12.0,2023-01-16,True,False,False,,"USUARIO_MODIFICACION: creado por 'EGT', modificado por 'NGA'",BAJO,0,,"Alerta tx 371 (folio 47330, cód PROPTI, monto 12.00): | ctx: USUARIO_MODIFICACION: creado por 'EGT', modificado por 'NGA'"
294,41181,PROPTI,96.0,2022-10-08,True,True,False,MONTO_ATIPICO,,MEDIO,25,"monto_atipico: monto_abs=96.00, z=2.41 (umbral ±2.0) para código 'PROPTI'","Alerta tx 294 (folio 41181, cód PROPTI, monto 96.00): [MONTO_ATIPICO] — monto_atipico: monto_abs=96.00, z=2.41 (umbral ±2.0) para código 'PROPTI'"
610,89504,PROPTI,58.08,2024-04-11,True,False,False,,"USUARIO_MODIFICACION: creado por 'EGT', modificado por 'CEV'",BAJO,0,,"Alerta tx 610 (folio 89504, cód PROPTI, monto 58.08): | ctx: USUARIO_MODIFICACION: creado por 'EGT', modificado por 'CEV'"
180,96339,MENEXT,1200.98,2024-06-16,True,True,False,CANCELACION_SOSPECHOSA | CONTEXTO_RESERVACION,,MEDIO,45,"cancelacion_monto_alto: monto cancelado=1200.98 | noches_inconsistentes: cargo=0, reserva=3.0","Alerta tx 180 (folio 96339, cód MENEXT, monto 1200.98): [CANCELACION_SOSPECHOSA | CONTEXTO_RESERVACION] — cancelacion_monto_alto: monto cancelado=1200.98; noches_inconsistentes: cargo=0, reserva=3.0"
74,124189,CANXFA,500.0,2025-05-13,True,False,True,CONTEXTO_RESERVACION,,MEDIO,20,sin_reservacion_en_codigo_habitual: código 'CANXFA',"Alerta tx 74 (folio 124189, cód CANXFA, monto 500.00): [CONTEXTO_RESERVACION] — sin_reservacion_en_codigo_habitual: código 'CANXFA'"
717,126086,RENHAB,4712.84,2025-05-31,True,True,False,MONTO_ATIPICO,,MEDIO,25,"monto_atipico: monto_abs=4712.84, z=3.15 (umbral ±2.0) para código 'RENHAB'","Alerta tx 717 (folio 126086, cód RENHAB, monto 4712.84): [MONTO_ATIPICO] — monto_atipico: monto_abs=4712.84, z=3.15 (umbral ±2.0) para código 'RENHAB'"
637,96993,RENHAB,0.0,2024-06-22,True,True,False,MONTO_ATIPICO,,MEDIO,25,"monto_atipico: monto_abs=0.00, z=-2.63 (umbral ±2.0) para código 'RENHAB'","Alerta tx 637 (folio 96993, cód RENHAB, monto 0.00): [MONTO_ATIPICO] — monto_atipico: monto_abs=0.00, z=-2.63 (umbral ±2.0) para código 'RENHAB'"
433,75115,RENHAB,4674.31,2023-10-28,True,True,False,MONTO_ATIPICO,,MEDIO,25,"monto_atipico: monto_abs=4674.31, z=3.10 (umbral ±2.0) para código 'RENHAB'","Alerta tx 433 (folio 75115, cód RENHAB, monto 4674.31): [MONTO_ATIPICO] — monto_atipico: monto_abs=4674.31, z=3.10 (umbral ±2.0) para código 'RENHAB'"
398,9782,PROPTI,24.0,2021-07-30,True,False,False,,"USUARIO_MODIFICACION: creado por 'MCC', modificado por 'KJG'",BAJO,0,,"Alerta tx 398 (folio 9782, cód PROPTI, monto 24.00): | ctx: USUARIO_MODIFICACION: creado por 'MCC', modificado por 'KJG'"
582,5436,PROPTI,96.0,2021-05-24,True,True,False,MONTO_ATIPICO,,MEDIO,25,"monto_atipico: monto_abs=96.00, z=2.41 (umbral ±2.0) para código 'PROPTI'","Alerta tx 582 (folio 5436, cód PROPTI, monto 96.00): [MONTO_ATIPICO] — monto_atipico: monto_abs=96.00, z=2.41 (umbral ±2.0) para código 'PROPTI'"
164,124302,RESDEP,43260.0,2025-05-18,True,True,False,MONTO_ATIPICO,,MEDIO,25,"monto_atipico: monto_abs=43260.00, z=4.39 (umbral ±2.0) para código 'RESDEP'","Alerta tx 164 (folio 124302, cód RESDEP, monto 43260.00): [MONTO_ATIPICO] — monto_atipico: monto_abs=43260.00, z=4.39 (umbral ±2.0) para código 'RESDEP'"
849,3119,RENHAB,-1858.15,2021-04-17,True,False,False,,"USUARIO_MODIFICACION: creado por 'FJL', modificado por 'IEP'",BAJO,0,,"Alerta tx 849 (folio 3119, cód RENHAB, monto -1858.15): | ctx: USUARIO_MODIFICACION: creado por 'FJL', modificado por 'IEP'"
202,146962,PROPTI,0.0,2026-02-06,True,True,False,MONTO_ATIPICO,,MEDIO,25,"monto_atipico: monto_abs=0.00, z=-2.03 (umbral ±2.0) para código 'PROPTI'","Alerta tx 202 (folio 146962, cód PROPTI, monto 0.00): [MONTO_ATIPICO] — monto_atipico: monto_abs=0.00, z=-2.03 (umbral ±2.0) para código 'PROPTI'"
828,37708,PROPTI,72.0,2022-08-16,True,False,False,,"USUARIO_MODIFICACION: creado por 'ALM', modificado por 'EGT'",BAJO,0,,"Alerta tx 828 (folio 37708, cód PROPTI, monto 72.00): | ctx: USUARIO_MODIFICACION: creado por 'ALM', modificado por 'EGT'"
766,90486,PROPTI,116.16,2024-04-20,True,True,False,MONTO_ATIPICO,,MEDIO,25,"monto_atipico: monto_abs=116.16, z=3.34 (umbral ±2.0) para código 'PROPTI'","Alerta tx 766 (folio 90486, cód PROPTI, monto 116.16): [MONTO_ATIPICO] — monto_atipico: monto_abs=116.16, z=3.34 (umbral ±2.0) para código 'PROPTI'"
361,51504,PROPTI,79.2,2023-03-08,True,True,False,CANCELACION_SOSPECHOSA,"USUARIO_MODIFICACION: creado por 'EGT', modificado por 'MCZ'",MEDIO,25,cancelacion_monto_alto: monto cancelado=79.20,"Alerta tx 361 (folio 51504, cód PROPTI, monto 79.20): [CANCELACION_SOSPECHOSA] — cancelacion_monto_alto: monto cancelado=79.20 — | ctx: USUARIO_MODIFICACION: creado por 'EGT', modificado por 'MCZ'"
489,19120,RENHAB,4721.33,2022-01-02,True,True,False,MONTO_ATIPICO | CANCELACION_SOSPECHOSA,"USUARIO_MODIFICACION: creado por 'ALM', modificado por 'AGH' (monto alto)",ALTO,50,"monto_atipico: monto_abs=4721.33, z=3.16 (umbral ±2.0) para código 'RENHAB' | cancelacion_monto_alto: monto cancelado=4721.33","Alerta tx 489 (folio 19120, cód RENHAB, monto 4721.33): [MONTO_ATIPICO | CANCELACION_SOSPECHOSA] — monto_atipico: monto_abs=4721.33, z=3.16 (umbral ±2.0) para código 'RENHAB'; cancelacion_monto_alto: monto cancelado=4721.33 — | ctx: USUARIO_MODIFICACION: creado por 'ALM', modificado por 'AGH' (monto alto)"
315,134577,RENHAB,541.92,2025-08-27,True,False,False,,"USUARIO_MODIFICACION: creado por 'DOB', modificado por 'RM2'",BAJO,0,,"Alerta tx 315 (folio 134577, cód RENHAB, monto 541.92): | ctx: USUARIO_MODIFICACION: creado por 'DOB', modificado por 'RM2'"
939,36085,PROPTI,72.0,2022-07-29,True,False,False,,"USUARIO_MODIFICACION: creado por 'ALM', modificado por 'RFR'",BAJO,0,,"Alerta tx 939 (folio 36085, cód PROPTI, monto 72.00): | ctx: USUARIO_MODIFICACION: creado por 'ALM', modificado por 'RFR'"
173,135894,PROPTI,116.16,2025-09-19,True,True,False,MONTO_ATIPICO,,MEDIO,25,"monto_atipico: monto_abs=116.16, z=3.34 (umbral ±2.0) para código 'PROPTI'","Alerta tx 173 (folio 135894, cód PROPTI, monto 116.16): [MONTO_ATIPICO] — monto_atipico: monto_abs=116.16, z=3.34 (umbral ±2.0) para código 'PROPTI'"
127,91999,PROPTI,87.12,2024-05-04,True,True,False,CANCELACION_SOSPECHOSA,"USUARIO_MODIFICACION: creado por 'VN2', modificado por 'CEV'",MEDIO,25,cancelacion_monto_alto: monto cancelado=87.12,"Alerta tx 127 (folio 91999, cód PROPTI, monto 87.12): [CANCELACION_SOSPECHOSA] — cancelacion_monto_alto: monto cancelado=87.12 — | ctx: USUARIO_MODIFICACION: creado por 'VN2', modificado por 'CEV'"
518,74200,PROPTI,-39.6,2023-10-17,True,False,False,,"USUARIO_MODIFICACION: creado por 'EGT', modificado por 'CEV'",BAJO,0,,"Alerta tx 518 (folio 74200, cód PROPTI, monto -39.60): | ctx: USUARIO_MODIFICACION: creado por 'EGT', modificado por 'CEV'"
443,123427,RENHAB,1935.19,2025-05-08,True,False,False,,"USUARIO_MODIFICACION: creado por 'DOB', modificado por 'MBJ'",BAJO,0,,"Alerta tx 443 (folio 123427, cód RENHAB, monto 1935.19): | ctx: USUARIO_MODIFICACION: creado por 'DOB', modificado por 'MBJ'"
841,17276,RENHAB,2065.75,2021-12-06,True,False,False,,"USUARIO_MODIFICACION: creado por 'EGT', modificado por 'LBB'",BAJO,0,,"Alerta tx 841 (folio 17276, cód RENHAB, monto 2065.75): | ctx: USUARIO_MODIFICACION: creado por 'EGT', modificado por 'LBB'"
403,71731,RENHAB,0.0,2023-09-16,True,True,False,MONTO_ATIPICO,,MEDIO,25,"monto_atipico: monto_abs=0.00, z=-2.63 (umbral ±2.0) para código 'RENHAB'","Alerta tx 403 (folio 71731, cód RENHAB, monto 0.00): [MONTO_ATIPICO] — monto_atipico: monto_abs=0.00, z=-2.63 (umbral ±2.0) para código 'RENHAB'"
751,37725,RENHAB,1464.0,2022-08-17,True,False,False,,"USUARIO_MODIFICACION: creado por 'ALM', modificado por 'EGT'",BAJO,0,,"Alerta tx 751 (folio 37725, cód RENHAB, monto 1464.00): | ctx: USUARIO_MODIFICACION: creado por 'ALM', modificado por 'EGT'"
110,16318,AJCUPN,2077.91,2021-11-23,True,True,False,FUERA_DE_ESTANCIA,,MEDIO,35,"cargo_despues_checkout: fecha_cargo=2021-11-23, check-out=2021-11-21","Alerta tx 110 (folio 16318, cód AJCUPN, monto 2077.91): [FUERA_DE_ESTANCIA] — cargo_despues_checkout: fecha_cargo=2021-11-23, check-out=2021-11-21"
607,77197,RENHAB,-2377.2,2023-11-23,True,False,False,,"USUARIO_MODIFICACION: creado por 'EGT', modificado por 'CMG'",BAJO,0,,"Alerta tx 607 (folio 77197, cód RENHAB, monto -2377.20): | ctx: USUARIO_MODIFICACION: creado por 'EGT', modificado por 'CMG'"
319,114583,RENHAB,0.0,2025-01-31,True,True,False,MONTO_ATIPICO,,MEDIO,25,"monto_atipico: monto_abs=0.00, z=-2.63 (umbral ±2.0) para código 'RENHAB'","Alerta tx 319 (folio 114583, cód RENHAB, monto 0.00): [MONTO_ATIPICO] — monto_atipico: monto_abs=0.00, z=-2.63 (umbral ±2.0) para código 'RENHAB'"
559,5204,PROPTI,48.0,2021-05-21,True,False,False,,"USUARIO_MODIFICACION: creado por 'MCC', modificado por 'JML'",BAJO,0,,"Alerta tx 559 (folio 5204, cód PROPTI, monto 48.00): | ctx: USUARIO_MODIFICACION: creado por 'MCC', modificado por 'JML'"
709,66080,PROPTI,26.4,2023-07-23,True,False,False,,"USUARIO_MODIFICACION: creado por 'EGT', modificado por 'AB9'",BAJO,0,,"Alerta tx 709 (folio 66080, cód PROPTI, monto 26.40): | ctx: USUARIO_MODIFICACION: creado por 'EGT', modificado por 'AB9'"
913,96811,EFE,1696.0,2024-06-17,True,False,True,CONTEXTO_RESERVACION,"USUARIO_MODIFICACION: creado por 'OLN', modificado por 'CEV'",MEDIO,20,"noches_inconsistentes: cargo=0, reserva=3.0","Alerta tx 913 (folio 96811, cód EFE, monto 1696.00): [CONTEXTO_RESERVACION] — noches_inconsistentes: cargo=0, reserva=3.0 — | ctx: USUARIO_MODIFICACION: creado por 'OLN', modificado por 'CEV'"
497,135154,EFE,285.0,2025-09-05,True,False,True,CONTEXTO_RESERVACION,,MEDIO,20,"noches_inconsistentes: cargo=0, reserva=3.0","Alerta tx 497 (folio 135154, cód EFE, monto 285.00): [CONTEXTO_RESERVACION] — noches_inconsistentes: cargo=0, reserva=3.0"
811,29474,PEREXT,-955.0,2022-05-17,True,False,False,,"USUARIO_MODIFICACION: creado por 'ALM', modificado por 'EGT'",BAJO,0,,"Alerta tx 811 (folio 29474, cód PEREXT, monto -955.00): | ctx: USUARIO_MODIFICACION: creado por 'ALM', modificado por 'EGT'"
499,15574,RENHAB,1586.25,2021-11-10,True,False,False,,"USUARIO_MODIFICACION: creado por 'ALM', modificado por 'RFR'",BAJO,0,,"Alerta tx 499 (folio 15574, cód RENHAB, monto 1586.25): | ctx: USUARIO_MODIFICACION: creado por 'ALM', modificado por 'RFR'"
21,88336,CANXFA,6998.17,2024-03-30,True,True,False,FUERA_DE_ESTANCIA | CONTEXTO_RESERVACION,,ALTO,55,"cargo_despues_checkout: fecha_cargo=2024-03-30, check-out=2024-03-27 | noches_inconsistentes: cargo=0, reserva=3.0","Alerta tx 21 (folio 88336, cód CANXFA, monto 6998.17): [FUERA_DE_ESTANCIA | CONTEXTO_RESERVACION] — cargo_despues_checkout: fecha_cargo=2024-03-30, check-out=2024-03-27; noches_inconsistentes: cargo=0, reserva=3.0"
55,71301,DEPHAB,35600.0,2023-09-06,True,True,False,MONTO_ATIPICO,,MEDIO,25,"monto_atipico: monto_abs=35600.00, z=4.67 (umbral ±2.0) para código 'DEPHAB'","Alerta tx 55 (folio 71301, cód DEPHAB, monto 35600.00): [MONTO_ATIPICO] — monto_atipico: monto_abs=35600.00, z=4.67 (umbral ±2.0) para código 'DEPHAB'"
658,83012,PROPTI,-52.8,2024-02-04,True,False,False,,"USUARIO_MODIFICACION: creado por 'EGT', modificado por 'CMG'",BAJO,0,,"Alerta tx 658 (folio 83012, cód PROPTI, monto -52.80): | ctx: USUARIO_MODIFICACION: creado por 'EGT', modificado por 'CMG'"
600,17273,PROPTI,-48.0,2021-12-07,True,False,False,,"USUARIO_MODIFICACION: creado por 'ALM', modificado por 'LBB'",BAJO,0,,"Alerta tx 600 (folio 17273, cód PROPTI, monto -48.00): | ctx: USUARIO_MODIFICACION: creado por 'ALM', modificado por 'LBB'"
122,43165,EFE,12490.0,2022-11-14,True,True,False,MONTO_ATIPICO,,MEDIO,25,"monto_atipico: monto_abs=12490.00, z=2.15 (umbral ±2.0) para código 'EFE'","Alerta tx 122 (folio 43165, cód EFE, monto 12490.00): [MONTO_ATIPICO] — monto_atipico: monto_abs=12490.00, z=2.15 (umbral ±2.0) para código 'EFE'"
830,7825,RENHAB,-2303.94,2021-07-02,True,False,False,,"USUARIO_MODIFICACION: creado por 'MCC', modificado por 'RFR'",BAJO,0,,"Alerta tx 830 (folio 7825, cód RENHAB, monto -2303.94): | ctx: USUARIO_MODIFICACION: creado por 'MCC', modificado por 'RFR'"
853,18073,RENHAB,1444.2,2021-12-18,True,False,False,,"USUARIO_MODIFICACION: creado por 'ALM', modificado por 'AGH'",BAJO,0,,"Alerta tx 853 (folio 18073, cód RENHAB, monto 1444.20): | ctx: USUARIO_MODIFICACION: creado por 'ALM', modificado por 'AGH'"
553,78144,RENHAB,1897.2,2023-12-07,True,True,False,CANCELACION_SOSPECHOSA,"USUARIO_MODIFICACION: creado por 'EGT', modificado por 'CEV'",MEDIO,25,folio_alto_ratio_cancelaciones: 100% de movimientos cancelados,"Alerta tx 553 (folio 78144, cód RENHAB, monto 1897.20): [CANCELACION_SOSPECHOSA] — folio_alto_ratio_cancelaciones: 100% de movimientos cancelados — | ctx: USUARIO_MODIFICACION: creado por 'EGT', modificado por 'CEV'"
820,131782,PROPTI,-29.04,2025-08-02,True,False,False,,"USUARIO_MODIFICACION: creado por 'DOB', modificado por 'CEV'",BAJO,0,,"Alerta tx 820 (folio 131782, cód PROPTI, monto -29.04): | ctx: USUARIO_MODIFICACION: creado por 'DOB', modificado por 'CEV'"
503,352,CXC,2922.84,2021-03-07,True,True,False,CANCELACION_SOSPECHOSA,"USUARIO_MODIFICACION: creado por 'KJG', modificado por 'FJL' (monto alto)",MEDIO,25,folio_alto_ratio_cancelaciones: 75% de movimientos cancelados,"Alerta tx 503 (folio 352, cód CXC, monto 2922.84): [CANCELACION_SOSPECHOSA] — folio_alto_ratio_cancelaciones: 75% de movimientos cancelados — | ctx: USUARIO_MODIFICACION: creado por 'KJG', modificado por 'FJL' (monto alto)"
1170,9825,PROPTI,48.0,2021-08-01,True,False,False,,"USUARIO_MODIFICACION: creado por 'MCC', modificado por 'KJG'",BAJO,0,,"Alerta tx 1170 (folio 9825, cód PROPTI, monto 48.00): | ctx: USUARIO_MODIFICACION: creado por 'MCC', modificado por 'KJG'"
157,121497,RESDEP,25000.0,2025-04-21,True,True,False,MONTO_ATIPICO,,MEDIO,25,"monto_atipico: monto_abs=25000.00, z=2.20 (umbral ±2.0) para código 'RESDEP'","Alerta tx 157 (folio 121497, cód RESDEP, monto 25000.00): [MONTO_ATIPICO] — monto_atipico: monto_abs=25000.00, z=2.20 (umbral ±2.0) para código 'RESDEP'"
360,118864,CANXFA,7955.28,2025-03-20,True,True,False,FUERA_DE_ESTANCIA,,MEDIO,35,"cargo_despues_checkout: fecha_cargo=2025-03-20, check-out=2025-03-17","Alerta tx 360 (folio 118864, cód CANXFA, monto 7955.28): [FUERA_DE_ESTANCIA] — cargo_despues_checkout: fecha_cargo=2025-03-20, check-out=2025-03-17"
465,3246,RENHAB,1478.4,2021-04-19,True,False,False,,"USUARIO_MODIFICACION: creado por 'FJL', modificado por 'RFR'",BAJO,0,,"Alerta tx 465 (folio 3246, cód RENHAB, monto 1478.40): | ctx: USUARIO_MODIFICACION: creado por 'FJL', modificado por 'RFR'"
850,66603,RENHAB,0.0,2023-07-28,True,True,False,MONTO_ATIPICO,,MEDIO,25,"monto_atipico: monto_abs=0.00, z=-2.63 (umbral ±2.0) para código 'RENHAB'","Alerta tx 850 (folio 66603, cód RENHAB, monto 0.00): [MONTO_ATIPICO] — monto_atipico: monto_abs=0.00, z=-2.63 (umbral ±2.0) para código 'RENHAB'"
28,30764,RENCOM,3148.0,2022-06-06,True,True,False,MONTO_ATIPICO,,MEDIO,25,"monto_atipico: monto_abs=3148.00, z=2.06 (umbral ±2.0) para código 'RENCOM'","Alerta tx 28 (folio 30764, cód RENCOM, monto 3148.00): [MONTO_ATIPICO] — monto_atipico: monto_abs=3148.00, z=2.06 (umbral ±2.0) para código 'RENCOM'"
673,9695,PROPTI,-48.0,2021-07-30,True,False,False,,"USUARIO_MODIFICACION: creado por 'MCC', modificado por 'KJG'",BAJO,0,,"Alerta tx 673 (folio 9695, cód PROPTI, monto -48.00): | ctx: USUARIO_MODIFICACION: creado por 'MCC', modificado por 'KJG'"
70,77362,CANXFA,4418.23,2023-11-25,True,True,False,FUERA_DE_ESTANCIA | CONTEXTO_RESERVACION,,ALTO,55,"cargo_despues_checkout: fecha_cargo=2023-11-25, check-out=2023-11-23 | noches_inconsistentes: cargo=0, reserva=3.0","Alerta tx 70 (folio 77362, cód CANXFA, monto 4418.23): [FUERA_DE_ESTANCIA | CONTEXTO_RESERVACION] — cargo_despues_checkout: fecha_cargo=2023-11-25, check-out=2023-11-23; noches_inconsistentes: cargo=0, reserva=3.0"
112,110894,CANXFA,4575.0,2024-12-17,True,True,False,FUERA_DE_ESTANCIA,,MEDIO,35,"cargo_despues_checkout: fecha_cargo=2024-12-17, check-out=2024-12-08","Alerta tx 112 (folio 110894, cód CANXFA, monto 4575.00): [FUERA_DE_ESTANCIA] — cargo_despues_checkout: fecha_cargo=2024-12-17, check-out=2024-12-08"
324,4952,PROPTI,12.0,2021-05-16,True,False,False,,"USUARIO_MODIFICACION: creado por 'MCC', modificado por 'JML'",BAJO,0,,"Alerta tx 324 (folio 4952, cód PROPTI, monto 12.00): | ctx: USUARIO_MODIFICACION: creado por 'MCC', modificado por 'JML'"
654,22180,PROPTI,-48.0,2022-02-14,True,False,False,,"USUARIO_MODIFICACION: creado por 'AGH', modificado por 'EGT'",BAJO,0,,"Alerta tx 654 (folio 22180, cód PROPTI, monto -48.00): | ctx: USUARIO_MODIFICACION: creado por 'AGH', modificado por 'EGT'"
718,132081,RENHAB,-2594.61,2025-08-05,True,False,False,,"USUARIO_MODIFICACION: creado por 'DOB', modificado por 'MYD' (monto alto)",BAJO,0,,"Alerta tx 718 (folio 132081, cód RENHAB, monto -2594.61): | ctx: USUARIO_MODIFICACION: creado por 'DOB', modificado por 'MYD' (monto alto)"
1231,4807,TARDEB,20176.0,2021-05-13,True,True,False,MONTO_ATIPICO | CONTEXTO_RESERVACION,"USUARIO_MODIFICACION: creado por 'KJG', modificado por 'JML' (monto alto)",MEDIO,45,"monto_atipico: monto_abs=20176.00, z=2.22 (umbral ±2.0) para código 'TARDEB' | noches_inconsistentes: cargo=0, reserva=3.0","Alerta tx 1231 (folio 4807, cód TARDEB, monto 20176.00): [MONTO_ATIPICO | CONTEXTO_RESERVACION] — monto_atipico: monto_abs=20176.00, z=2.22 (umbral ±2.0) para código 'TARDEB'; noches_inconsistentes: cargo=0, reserva=3.0 — | ctx: USUARIO_MODIFICACION: creado por 'KJG', modificado por 'JML' (monto alto)"
529,86618,PROPTI,116.16,2024-03-17,True,True,False,MONTO_ATIPICO,,MEDIO,25,"monto_atipico: monto_abs=116.16, z=3.34 (umbral ±2.0) para código 'PROPTI'","Alerta tx 529 (folio 86618, cód PROPTI, monto 116.16): [MONTO_ATIPICO] — monto_atipico: monto_abs=116.16, z=3.34 (umbral ±2.0) para código 'PROPTI'"
1036,5639,RENHAB,3850.91,2021-05-28,True,True,False,MONTO_ATIPICO,,MEDIO,25,"monto_atipico: monto_abs=3850.91, z=2.09 (umbral ±2.0) para código 'RENHAB'","Alerta tx 1036 (folio 5639, cód RENHAB, monto 3850.91): [MONTO_ATIPICO] — monto_atipico: monto_abs=3850.91, z=2.09 (umbral ±2.0) para código 'RENHAB'"
65,145429,DEPHAB,23117.0,2026-01-16,True,True,False,MONTO_ATIPICO,,MEDIO,25,"monto_atipico: monto_abs=23117.00, z=2.71 (umbral ±2.0) para código 'DEPHAB'","Alerta tx 65 (folio 145429, cód DEPHAB, monto 23117.00): [MONTO_ATIPICO] — monto_atipico: monto_abs=23117.00, z=2.71 (umbral ±2.0) para código 'DEPHAB'"
407,44330,PROPTI,-48.0,2022-12-01,True,False,False,,"USUARIO_MODIFICACION: creado por 'EGT', modificado por 'NGA'",BAJO,0,,"Alerta tx 407 (folio 44330, cód PROPTI, monto -48.00): | ctx: USUARIO_MODIFICACION: creado por 'EGT', modificado por 'NGA'"
516,128695,MENEXT,165.0,2025-06-29,True,False,False,,"USUARIO_MODIFICACION: creado por 'DOB', modificado por 'CEV'",BAJO,0,,"Alerta tx 516 (folio 128695, cód MENEXT, monto 165.00): | ctx: USUARIO_MODIFICACION: creado por 'DOB', modificado por 'CEV'"
924,70094,RENHAB,-1915.3,2023-08-19,True,False,False,,"USUARIO_MODIFICACION: creado por 'EGT', modificado por 'CMG'",BAJO,0,,"Alerta tx 924 (folio 70094, cód RENHAB, monto -1915.30): | ctx: USUARIO_MODIFICACION: creado por 'EGT', modificado por 'CMG'"
75,113923,CANXFA,2270.29,2025-01-21,True,True,False,FUERA_DE_ESTANCIA,,MEDIO,35,"cargo_despues_checkout: fecha_cargo=2025-01-21, check-out=2025-01-19","Alerta tx 75 (folio 113923, cód CANXFA, monto 2270.29): [FUERA_DE_ESTANCIA] — cargo_despues_checkout: fecha_cargo=2025-01-21, check-out=2025-01-19"
56,71194,EFE,1586.25,2023-09-04,True,True,False,CANCELACION_SOSPECHOSA,"USUARIO_MODIFICACION: creado por 'RM2', modificado por 'RFR'",MEDIO,25,cancelacion_con_reposteo: mismo folio/código/monto tiene versión cancelada y activa el mismo día,"Alerta tx 56 (folio 71194, cód EFE, monto 1586.25): [CANCELACION_SOSPECHOSA] — cancelacion_con_reposteo: mismo folio/código/monto tiene versión cancelada y activa el mismo día — | ctx: USUARIO_MODIFICACION: creado por 'RM2', modificado por 'RFR'"
309,113928,RENHAB,0.0,2025-01-27,True,True,False,MONTO_ATIPICO,,MEDIO,25,"monto_atipico: monto_abs=0.00, z=-2.63 (umbral ±2.0) para código 'RENHAB'","Alerta tx 309 (folio 113928, cód RENHAB, monto 0.00): [MONTO_ATIPICO] — monto_atipico: monto_abs=0.00, z=-2.63 (umbral ±2.0) para código 'RENHAB'"
1251,1110,PROPTI,12.0,2021-03-18,True,False,False,,"USUARIO_MODIFICACION: creado por 'FJL', modificado por 'NCR'",BAJO,0,,"Alerta tx 1251 (folio 1110, cód PROPTI, monto 12.00): | ctx: USUARIO_MODIFICACION: creado por 'FJL', modificado por 'NCR'"
560,54289,RENHAB,3916.8,2023-04-05,True,True,False,MONTO_ATIPICO | CANCELACION_SOSPECHOSA,"USUARIO_MODIFICACION: creado por 'EGT', modificado por 'RFR' (monto alto)",ALTO,50,"monto_atipico: monto_abs=3916.80, z=2.17 (umbral ±2.0) para código 'RENHAB' | cancelacion_monto_alto: monto cancelado=3916.80","Alerta tx 560 (folio 54289, cód RENHAB, monto 3916.80): [MONTO_ATIPICO | CANCELACION_SOSPECHOSA] — monto_atipico: monto_abs=3916.80, z=2.17 (umbral ±2.0) para código 'RENHAB'; cancelacion_monto_alto: monto cancelado=3916.80 — | ctx: USUARIO_MODIFICACION: creado por 'EGT', modificado por 'RFR' (monto alto)"
1696,4419,RENHAB,1527.69,2021-05-07,True,False,False,,"USUARIO_MODIFICACION: creado por 'MCC', modificado por 'JML'",BAJO,0,,"Alerta tx 1696 (folio 4419, cód RENHAB, monto 1527.69): | ctx: USUARIO_MODIFICACION: creado por 'MCC', modificado por 'JML'"
580,133420,RENHAB,2498.16,2025-08-16,True,False,False,,"USUARIO_MODIFICACION: creado por 'EGT', modificado por 'CEV'",BAJO,0,,"Alerta tx 580 (folio 133420, cód RENHAB, monto 2498.16): | ctx: USUARIO_MODIFICACION: creado por 'EGT', modificado por 'CEV'"
722,80019,PROPTI,132.0,2023-12-30,True,True,False,MONTO_ATIPICO,,MEDIO,25,"monto_atipico: monto_abs=132.00, z=4.07 (umbral ±2.0) para código 'PROPTI'","Alerta tx 722 (folio 80019, cód PROPTI, monto 132.00): [MONTO_ATIPICO] — monto_atipico: monto_abs=132.00, z=4.07 (umbral ±2.0) para código 'PROPTI'"
501,11805,RENHAB,2110.4,2021-09-03,True,False,False,,"USUARIO_MODIFICACION: creado por 'ALM', modificado por 'RFR'",BAJO,0,,"Alerta tx 501 (folio 11805, cód RENHAB, monto 2110.40): | ctx: USUARIO_MODIFICACION: creado por 'ALM', modificado por 'RFR'"
758,36757,PEREXT,1711.0,2022-08-06,True,False,False,,"USUARIO_MODIFICACION: creado por 'ALM', modificado por 'NGA'",BAJO,0,,"Alerta tx 758 (folio 36757, cód PEREXT, monto 1711.00): | ctx: USUARIO_MODIFICACION: creado por 'ALM', modificado por 'NGA'"
638,137252,PROPTI,87.12,2025-10-03,True,False,False,,"USUARIO_MODIFICACION: creado por 'EGT', modificado por 'CEV'",BAJO,0,,"Alerta tx 638 (folio 137252, cód PROPTI, monto 87.12): | ctx: USUARIO_MODIFICACION: creado por 'EGT', modificado por 'CEV'"
50,33594,CANXFA,4274.46,2022-07-07,True,True,False,FUERA_DE_ESTANCIA | CONTEXTO_RESERVACION,,ALTO,55,"cargo_despues_checkout: fecha_cargo=2022-07-07, check-out=2022-07-01 | noches_inconsistentes: cargo=0, reserva=3.0","Alerta tx 50 (folio 33594, cód CANXFA, monto 4274.46): [FUERA_DE_ESTANCIA | CONTEXTO_RESERVACION] — cargo_despues_checkout: fecha_cargo=2022-07-07, check-out=2022-07-01; noches_inconsistentes: cargo=0, reserva=3.0"
834,7813,PROPTI,-12.0,2021-07-02,True,False,False,,"USUARIO_MODIFICACION: creado por 'MCC', modificado por 'RFR'",BAJO,0,,"Alerta tx 834 (folio 7813, cód PROPTI, monto -12.00): | ctx: USUARIO_MODIFICACION: creado por 'MCC', modificado por 'RFR'"
802,124778,RENHAB,2137.49,2025-05-19,True,False,False,,"USUARIO_MODIFICACION: creado por 'DOB', modificado por 'RFR'",BAJO,0,,"Alerta tx 802 (folio 124778, cód RENHAB, monto 2137.49): | ctx: USUARIO_MODIFICACION: creado por 'DOB', modificado por 'RFR'"
456,18731,RENHAB,3265.66,2021-12-27,True,True,False,CANCELACION_SOSPECHOSA,"USUARIO_MODIFICACION: creado por 'ALM', modificado por 'AGH' (monto alto)",MEDIO,25,cancelacion_monto_alto: monto cancelado=3265.66,"Alerta tx 456 (folio 18731, cód RENHAB, monto 3265.66): [CANCELACION_SOSPECHOSA] — cancelacion_monto_alto: monto cancelado=3265.66 — | ctx: USUARIO_MODIFICACION: creado por 'ALM', modificado por 'AGH' (monto alto)"
745,9498,RENHAB,1332.0,2021-07-26,True,False,False,,"USUARIO_MODIFICACION: creado por 'MCC', modificado por 'FJL'",BAJO,0,,"Alerta tx 745 (folio 9498, cód RENHAB, monto 1332.00): | ctx: USUARIO_MODIFICACION: creado por 'MCC', modificado por 'FJL'"
765,78144,RENHAB,-2094.0,2023-12-08,True,True,False,CANCELACION_SOSPECHOSA,"USUARIO_MODIFICACION: creado por 'EGT', modificado por 'CEV'",MEDIO,25,folio_alto_ratio_cancelaciones: 100% de movimientos cancelados,"Alerta tx 765 (folio 78144, cód RENHAB, monto -2094.00): [CANCELACION_SOSPECHOSA] — folio_alto_ratio_cancelaciones: 100% de movimientos cancelados — | ctx: USUARIO_MODIFICACION: creado por 'EGT', modificado por 'CEV'"
543,143761,RENHAB,4016.18,2026-01-01,True,True,False,MONTO_ATIPICO,,MEDIO,25,"monto_atipico: monto_abs=4016.18, z=2.29 (umbral ±2.0) para código 'RENHAB'","Alerta tx 543 (folio 143761, cód RENHAB, monto 4016.18): [MONTO_ATIPICO] — monto_atipico: monto_abs=4016.18, z=2.29 (umbral ±2.0) para código 'RENHAB'"
32,38581,DEPHAB,21920.0,2022-08-26,True,True,False,MONTO_ATIPICO,,MEDIO,25,"monto_atipico: monto_abs=21920.00, z=2.53 (umbral ±2.0) para código 'DEPHAB'","Alerta tx 32 (folio 38581, cód DEPHAB, monto 21920.00): [MONTO_ATIPICO] — monto_atipico: monto_abs=21920.00, z=2.53 (umbral ±2.0) para código 'DEPHAB'"
156,78144,PROPTI,52.8,2023-12-09,True,True,False,CANCELACION_SOSPECHOSA,"USUARIO_MODIFICACION: creado por 'EGT', modificado por 'CEV'",MEDIO,25,folio_alto_ratio_cancelaciones: 100% de movimientos cancelados,"Alerta tx 156 (folio 78144, cód PROPTI, monto 52.80): [CANCELACION_SOSPECHOSA] — folio_alto_ratio_cancelaciones: 100% de movimientos cancelados — | ctx: USUARIO_MODIFICACION: creado por 'EGT', modificado por 'CEV'"
584,24937,PEREXT,-1127.0,2022-03-24,True,False,False,,"USUARIO_MODIFICACION: creado por 'ALM', modificado por 'DLG'",BAJO,0,,"Alerta tx 584 (folio 24937, cód PEREXT, monto -1127.00): | ctx: USUARIO_MODIFICACION: creado por 'ALM', modificado por 'DLG'"
893,19864,RENHAB,-2026.0,2022-01-10,True,False,False,,"USUARIO_MODIFICACION: creado por 'ALM', modificado por 'ALH'",BAJO,0,,"Alerta tx 893 (folio 19864, cód RENHAB, monto -2026.00): | ctx: USUARIO_MODIFICACION: creado por 'ALM', modificado por 'ALH'"
669,15862,RENHAB,1669.72,2021-11-16,True,True,False,DUPLICADO | CANCELACION_SOSPECHOSA,"USUARIO_MODIFICACION: creado por 'ALM', modificado por 'AGH'",ALTO,65,duplicado_exacto: 2 veces el mismo folio/código/monto/habitación/fecha | folio_alto_ratio_cancelaciones: 100% de movimientos cancelados,"Alerta tx 669 (folio 15862, cód RENHAB, monto 1669.72): [DUPLICADO | CANCELACION_SOSPECHOSA] — duplicado_exacto: 2 veces el mismo folio/código/monto/habitación/fecha; folio_alto_ratio_cancelaciones: 100% de movimientos cancelados — | ctx: USUARIO_MODIFICACION: creado por 'ALM', modificado por 'AGH'"
716,143943,PROPTI,-87.12,2026-01-01,True,True,False,CANCELACION_SOSPECHOSA,"USUARIO_MODIFICACION: creado por 'CQ3', modificado por 'CEV'",MEDIO,25,cancelacion_monto_alto: monto cancelado=87.12,"Alerta tx 716 (folio 143943, cód PROPTI, monto -87.12): [CANCELACION_SOSPECHOSA] — cancelacion_monto_alto: monto cancelado=87.12 — | ctx: USUARIO_MODIFICACION: creado por 'CQ3', modificado por 'CEV'"
418,122401,PROPTI,87.12,2025-04-26,True,True,False,CANCELACION_SOSPECHOSA,"USUARIO_MODIFICACION: creado por 'DOB', modificado por 'MBJ'",MEDIO,25,cancelacion_monto_alto: monto cancelado=87.12,"Alerta tx 418 (folio 122401, cód PROPTI, monto 87.12): [CANCELACION_SOSPECHOSA] — cancelacion_monto_alto: monto cancelado=87.12 — | ctx: USUARIO_MODIFICACION: creado por 'DOB', modificado por 'MBJ'"
772,29746,PROPTI,-48.0,2022-05-20,True,False,False,,"USUARIO_MODIFICACION: creado por 'ALM', modificado por 'EGT'",BAJO,0,,"Alerta tx 772 (folio 29746, cód PROPTI, monto -48.00): | ctx: USUARIO_MODIFICACION: creado por 'ALM', modificado por 'EGT'"
606,45954,PROPTI,120.0,2022-12-27,True,True,False,MONTO_ATIPICO,,MEDIO,25,"monto_atipico: monto_abs=120.00, z=3.52 (umbral ±2.0) para código 'PROPTI'","Alerta tx 606 (folio 45954, cód PROPTI, monto 120.00): [MONTO_ATIPICO] — monto_atipico: monto_abs=120.00, z=3.52 (umbral ±2.0) para código 'PROPTI'"
879,5237,TRANSF,10347.5,2021-05-21,True,False,False,,"USUARIO_MODIFICACION: creado por 'IVL', modificado por 'KJG' (monto alto)",BAJO,0,,"Alerta tx 879 (folio 5237, cód TRANSF, monto 10347.50): | ctx: USUARIO_MODIFICACION: creado por 'IVL', modificado por 'KJG' (monto alto)"
872,6852,RENHAB,-1365.0,2021-06-17,True,False,False,,"USUARIO_MODIFICACION: creado por 'MCC', modificado por 'RFR'",BAJO,0,,"Alerta tx 872 (folio 6852, cód RENHAB, monto -1365.00): | ctx: USUARIO_MODIFICACION: creado por 'MCC', modificado por 'RFR'"
916,9371,RENHAB,1974.75,2021-07-24,True,False,False,,"USUARIO_MODIFICACION: creado por 'MCC', modificado por 'FJL'",BAJO,0,,"Alerta tx 916 (folio 9371, cód RENHAB, monto 1974.75): | ctx: USUARIO_MODIFICACION: creado por 'MCC', modificado por 'FJL'"
31,92499,CANXFA,2273.28,2024-05-10,True,True,False,FUERA_DE_ESTANCIA,,MEDIO,35,"cargo_despues_checkout: fecha_cargo=2024-05-10, check-out=2024-05-02","Alerta tx 31 (folio 92499, cód CANXFA, monto 2273.28): [FUERA_DE_ESTANCIA] — cargo_despues_checkout: fecha_cargo=2024-05-10, check-out=2024-05-02"
1,122730,RENCOM,0.3,2025-05-01,True,False,True,CONTEXTO_RESERVACION,,MEDIO,20,"noches_inconsistentes: cargo=0, reserva=3.0","Alerta tx 1 (folio 122730, cód RENCOM, monto 0.30): [CONTEXTO_RESERVACION] — noches_inconsistentes: cargo=0, reserva=3.0"
349,99595,PROPTI,58.08,2024-07-17,True,False,False,,"USUARIO_MODIFICACION: creado por 'EGT', modificado por 'MBJ'",BAJO,0,,"Alerta tx 349 (folio 99595, cód PROPTI, monto 58.08): | ctx: USUARIO_MODIFICACION: creado por 'EGT', modificado por 'MBJ'"
855,87474,PROPTI,29.04,2024-03-23,True,False,False,,"USUARIO_MODIFICACION: creado por 'EGT', modificado por 'MCZ'",BAJO,0,,"Alerta tx 855 (folio 87474, cód PROPTI, monto 29.04): | ctx: USUARIO_MODIFICACION: creado por 'EGT', modificado por 'MCZ'"
733,3768,RENHAB,1831.75,2021-04-28,True,False,False,,"USUARIO_MODIFICACION: creado por 'MCC', modificado por 'JML'",BAJO,0,,"Alerta tx 733 (folio 3768, cód RENHAB, monto 1831.75): | ctx: USUARIO_MODIFICACION: creado por 'MCC', modificado por 'JML'"
800,5280,PROPTI,-96.0,2021-05-22,True,True,False,MONTO_ATIPICO | CANCELACION_SOSPECHOSA,"USUARIO_MODIFICACION: creado por 'MCC', modificado por 'KJG'",ALTO,50,"monto_atipico: monto_abs=96.00, z=2.41 (umbral ±2.0) para código 'PROPTI' | cancelacion_monto_alto: monto cancelado=96.00","Alerta tx 800 (folio 5280, cód PROPTI, monto -96.00): [MONTO_ATIPICO | CANCELACION_SOSPECHOSA] — monto_atipico: monto_abs=96.00, z=2.41 (umbral ±2.0) para código 'PROPTI'; cancelacion_monto_alto: monto cancelado=96.00 — | ctx: USUARIO_MODIFICACION: creado por 'MCC', modificado por 'KJG'"
37,138863,DEPEFE,30000.0,2025-10-29,True,True,False,MONTO_ATIPICO,,MEDIO,25,"monto_atipico: monto_abs=30000.00, z=3.24 (umbral ±2.0) para código 'DEPEFE'","Alerta tx 37 (folio 138863, cód DEPEFE, monto 30000.00): [MONTO_ATIPICO] — monto_atipico: monto_abs=30000.00, z=3.24 (umbral ±2.0) para código 'DEPEFE'"
299,59249,RENHAB,4193.6,2023-05-20,True,True,False,MONTO_ATIPICO,,MEDIO,25,"monto_atipico: monto_abs=4193.60, z=2.51 (umbral ±2.0) para código 'RENHAB'","Alerta tx 299 (folio 59249, cód RENHAB, monto 4193.60): [MONTO_ATIPICO] — monto_atipico: monto_abs=4193.60, z=2.51 (umbral ±2.0) para código 'RENHAB'"
317,49107,RENHAB,0.0,2023-02-10,True,True,False,MONTO_ATIPICO,,MEDIO,25,"monto_atipico: monto_abs=0.00, z=-2.63 (umbral ±2.0) para código 'RENHAB'","Alerta tx 317 (folio 49107, cód RENHAB, monto 0.00): [MONTO_ATIPICO] — monto_atipico: monto_abs=0.00, z=-2.63 (umbral ±2.0) para código 'RENHAB'"
945,2065,RENHAB,1629.71,2021-04-01,True,False,False,,"USUARIO_MODIFICACION: creado por 'FJL', modificado por 'LBB'",BAJO,0,,"Alerta tx 945 (folio 2065, cód RENHAB, monto 1629.71): | ctx: USUARIO_MODIFICACION: creado por 'FJL', modificado por 'LBB'"
39,1739,CANXFA,4668.81,2021-03-29,True,True,False,FUERA_DE_ESTANCIA | CONTEXTO_RESERVACION,,ALTO,55,"cargo_despues_checkout: fecha_cargo=2021-03-29, check-out=2021-03-28 | noches_inconsistentes: cargo=0, reserva=3.0","Alerta tx 39 (folio 1739, cód CANXFA, monto 4668.81): [FUERA_DE_ESTANCIA | CONTEXTO_RESERVACION] — cargo_despues_checkout: fecha_cargo=2021-03-29, check-out=2021-03-28; noches_inconsistentes: cargo=0, reserva=3.0"
864,882,PROPTI,48.0,2021-03-17,True,False,False,,"USUARIO_MODIFICACION: creado por 'FJL', modificado por 'NCR'",BAJO,0,,"Alerta tx 864 (folio 882, cód PROPTI, monto 48.00): | ctx: USUARIO_MODIFICACION: creado por 'FJL', modificado por 'NCR'"
302,132263,RENHAB,3094.22,2025-08-06,True,True,False,CANCELACION_SOSPECHOSA,"USUARIO_MODIFICACION: creado por 'DOB', modificado por 'CEV' (monto alto)",MEDIO,25,cancelacion_monto_alto: monto cancelado=3094.22,"Alerta tx 302 (folio 132263, cód RENHAB, monto 3094.22): [CANCELACION_SOSPECHOSA] — cancelacion_monto_alto: monto cancelado=3094.22 — | ctx: USUARIO_MODIFICACION: creado por 'DOB', modificado por 'CEV' (monto alto)"
1590,3334,PROPTI,-48.0,2021-04-21,True,False,False,,"USUARIO_MODIFICACION: creado por 'FJL', modificado por 'KJG'",BAJO,0,,"Alerta tx 1590 (folio 3334, cód PROPTI, monto -48.00): | ctx: USUARIO_MODIFICACION: creado por 'FJL', modificado por 'KJG'"
397,9161,PROPTI,12.0,2021-07-23,True,False,False,,"USUARIO_MODIFICACION: creado por 'MCC', modificado por 'LBB'",BAJO,0,,"Alerta tx 397 (folio 9161, cód PROPTI, monto 12.00): | ctx: USUARIO_MODIFICACION: creado por 'MCC', modificado por 'LBB'"
137,148847,MISCEL,900.0,2026-03-04,True,True,False,MONTO_ATIPICO,,MEDIO,25,"monto_atipico: monto_abs=900.00, z=4.61 (umbral ±2.0) para código 'MISCEL'","Alerta tx 137 (folio 148847, cód MISCEL, monto 900.00): [MONTO_ATIPICO] — monto_atipico: monto_abs=900.00, z=4.61 (umbral ±2.0) para código 'MISCEL'"
476,103319,PROPTI,58.08,2024-08-24,True,False,False,,"USUARIO_MODIFICACION: creado por 'EGT', modificado por 'MBJ'",BAJO,0,,"Alerta tx 476 (folio 103319, cód PROPTI, monto 58.08): | ctx: USUARIO_MODIFICACION: creado por 'EGT', modificado por 'MBJ'"
10,27070,RENCOM,0.04,2022-04-19,True,False,True,CONTEXTO_RESERVACION,,MEDIO,20,"noches_inconsistentes: cargo=0, reserva=3.0","Alerta tx 10 (folio 27070, cód RENCOM, monto 0.04): [CONTEXTO_RESERVACION] — noches_inconsistentes: cargo=0, reserva=3.0"
320,437,CANXFA,3723.98,2021-03-11,True,True,False,FUERA_DE_ESTANCIA,,MEDIO,35,"cargo_despues_checkout: fecha_cargo=2021-03-11, check-out=2021-03-07","Alerta tx 320 (folio 437, cód CANXFA, monto 3723.98): [FUERA_DE_ESTANCIA] — cargo_despues_checkout: fecha_cargo=2021-03-11, check-out=2021-03-07"
804,98481,RENHAB,4232.88,2024-07-05,True,True,False,MONTO_ATIPICO,"USUARIO_MODIFICACION: creado por 'VN2', modificado por 'CEV' (monto alto)",MEDIO,25,"monto_atipico: monto_abs=4232.88, z=2.56 (umbral ±2.0) para código 'RENHAB'","Alerta tx 804 (folio 98481, cód RENHAB, monto 4232.88): [MONTO_ATIPICO] — monto_atipico: monto_abs=4232.88, z=2.56 (umbral ±2.0) para código 'RENHAB' — | ctx: USUARIO_MODIFICACION: creado por 'VN2', modificado por 'CEV' (monto alto)"
124,78563,CANXFA,5098.94,2023-12-11,True,True,False,FUERA_DE_ESTANCIA | CONTEXTO_RESERVACION,,ALTO,55,"cargo_despues_checkout: fecha_cargo=2023-12-11, check-out=2023-12-10 | noches_inconsistentes: cargo=0, reserva=3.0","Alerta tx 124 (folio 78563, cód CANXFA, monto 5098.94): [FUERA_DE_ESTANCIA | CONTEXTO_RESERVACION] — cargo_despues_checkout: fecha_cargo=2023-12-11, check-out=2023-12-10; noches_inconsistentes: cargo=0, reserva=3.0"
500,89146,RENHAB,2621.6,2024-04-05,True,False,False,,"USUARIO_MODIFICACION: creado por 'EGT', modificado por 'RFR' (monto alto)",BAJO,0,,"Alerta tx 500 (folio 89146, cód RENHAB, monto 2621.60): | ctx: USUARIO_MODIFICACION: creado por 'EGT', modificado por 'RFR' (monto alto)"
392,101226,PROPTI,14.52,2024-08-01,True,False,False,,"USUARIO_MODIFICACION: creado por 'EGT', modificado por 'AB9'",BAJO,0,,"Alerta tx 392 (folio 101226, cód PROPTI, monto 14.52): | ctx: USUARIO_MODIFICACION: creado por 'EGT', modificado por 'AB9'"
36,109311,CXC,82461.98,2024-11-26,True,True,False,MONTO_ATIPICO,,MEDIO,25,"monto_atipico: monto_abs=82461.98, z=3.69 (umbral ±2.0) para código 'CXC'","Alerta tx 36 (folio 109311, cód CXC, monto 82461.98): [MONTO_ATIPICO] — monto_atipico: monto_abs=82461.98, z=3.69 (umbral ±2.0) para código 'CXC'"
736,54835,TARCRE,-2900.0,2023-04-09,True,False,False,,"USUARIO_MODIFICACION: creado por 'AB9', modificado por 'CEV' (monto alto)",BAJO,0,,"Alerta tx 736 (folio 54835, cód TARCRE, monto -2900.00): | ctx: USUARIO_MODIFICACION: creado por 'AB9', modificado por 'CEV' (monto alto)"
769,52498,RENHAB,-2621.2,2023-03-19,True,False,False,,"USUARIO_MODIFICACION: creado por 'EGT', modificado por 'RFR' (monto alto)",BAJO,0,,"Alerta tx 769 (folio 52498, cód RENHAB, monto -2621.20): | ctx: USUARIO_MODIFICACION: creado por 'EGT', modificado por 'RFR' (monto alto)"
506,21857,RENHAB,2081.3,2022-02-08,True,False,True,CONTEXTO_RESERVACION,,MEDIO,20,"noches_inconsistentes: cargo=2, reserva=6.0","Alerta tx 506 (folio 21857, cód RENHAB, monto 2081.30): [CONTEXTO_RESERVACION] — noches_inconsistentes: cargo=2, reserva=6.0"
685,1959,PROPTI,-72.0,2021-04-02,True,True,False,CANCELACION_SOSPECHOSA,"USUARIO_MODIFICACION: creado por 'FJL', modificado por 'RFR'",MEDIO,25,cancelacion_monto_alto: monto cancelado=72.00,"Alerta tx 685 (folio 1959, cód PROPTI, monto -72.00): [CANCELACION_SOSPECHOSA] — cancelacion_monto_alto: monto cancelado=72.00 — | ctx: USUARIO_MODIFICACION: creado por 'FJL', modificado por 'RFR'"
1891,352,TARCRE,-7964.0,2021-03-11,True,True,False,CANCELACION_SOSPECHOSA,"USUARIO_MODIFICACION: creado por 'RFR', modificado por 'FJL' (monto alto)",MEDIO,25,folio_alto_ratio_cancelaciones: 75% de movimientos cancelados,"Alerta tx 1891 (folio 352, cód TARCRE, monto -7964.00): [CANCELACION_SOSPECHOSA] — folio_alto_ratio_cancelaciones: 75% de movimientos cancelados — | ctx: USUARIO_MODIFICACION: creado por 'RFR', modificado por 'FJL' (monto alto)"
613,135013,RENHAB,-2211.92,2025-08-31,True,True,False,CANCELACION_SOSPECHOSA,"USUARIO_MODIFICACION: creado por 'DOB', modificado por 'CEV'",MEDIO,25,folio_alto_ratio_cancelaciones: 100% de movimientos cancelados,"Alerta tx 613 (folio 135013, cód RENHAB, monto -2211.92): [CANCELACION_SOSPECHOSA] — folio_alto_ratio_cancelaciones: 100% de movimientos cancelados — | ctx: USUARIO_MODIFICACION: creado por 'DOB', modificado por 'CEV'"
803,29759,RENHAB,-2026.0,2022-05-21,True,False,False,,"USUARIO_MODIFICACION: creado por 'ALM', modificado por 'SSL'",BAJO,0,,"Alerta tx 803 (folio 29759, cód RENHAB, monto -2026.00): | ctx: USUARIO_MODIFICACION: creado por 'ALM', modificado por 'SSL'"
69,1876,RENHAB,-46.0,2021-04-02,True,True,False,MONTO_ATIPICO,"USUARIO_MODIFICACION: creado por 'FJL', modificado por 'LBB'",MEDIO,25,"monto_atipico: monto_abs=46.00, z=-2.57 (umbral ±2.0) para código 'RENHAB'","Alerta tx 69 (folio 1876, cód RENHAB, monto -46.00): [MONTO_ATIPICO] — monto_atipico: monto_abs=46.00, z=-2.57 (umbral ±2.0) para código 'RENHAB' — | ctx: USUARIO_MODIFICACION: creado por 'FJL', modificado por 'LBB'"
760,54592,RENHAB,5311.8,2023-04-06,True,True,False,MONTO_ATIPICO,,MEDIO,25,"monto_atipico: monto_abs=5311.80, z=3.88 (umbral ±2.0) para código 'RENHAB'","Alerta tx 760 (folio 54592, cód RENHAB, monto 5311.80): [MONTO_ATIPICO] — monto_atipico: monto_abs=5311.80, z=3.88 (umbral ±2.0) para código 'RENHAB'"
705,7997,CXC,-4713.43,2021-07-08,True,False,True,CONTEXTO_RESERVACION,"USUARIO_MODIFICACION: creado por 'KJG', modificado por 'ALM' (monto alto)",MEDIO,20,"noches_inconsistentes: cargo=0, reserva=3.0","Alerta tx 705 (folio 7997, cód CXC, monto -4713.43): [CONTEXTO_RESERVACION] — noches_inconsistentes: cargo=0, reserva=3.0 — | ctx: USUARIO_MODIFICACION: creado por 'KJG', modificado por 'ALM' (monto alto)"
595,44318,PROPTI,12.0,2022-11-30,True,False,False,,"USUARIO_MODIFICACION: creado por 'EGT', modificado por 'NGA'",BAJO,0,,"Alerta tx 595 (folio 44318, cód PROPTI, monto 12.00): | ctx: USUARIO_MODIFICACION: creado por 'EGT', modificado por 'NGA'"
134,73182,PROPTI,52.8,2023-10-03,True,False,False,,"USUARIO_MODIFICACION: creado por 'EGT', modificado por 'MBJ'",BAJO,0,,"Alerta tx 134 (folio 73182, cód PROPTI, monto 52.80): | ctx: USUARIO_MODIFICACION: creado por 'EGT', modificado por 'MBJ'"
426,12762,PROPTI,48.0,2021-09-27,True,False,False,,"USUARIO_MODIFICACION: creado por 'ALM', modificado por 'RFR'",BAJO,0,,"Alerta tx 426 (folio 12762, cód PROPTI, monto 48.00): | ctx: USUARIO_MODIFICACION: creado por 'ALM', modificado por 'RFR'"
889,1187,RENHAB,2360.7,2021-03-21,True,False,False,,"USUARIO_MODIFICACION: creado por 'FJL', modificado por 'AGV'",BAJO,0,,"Alerta tx 889 (folio 1187, cód RENHAB, monto 2360.70): | ctx: USUARIO_MODIFICACION: creado por 'FJL', modificado por 'AGV'"
740,32609,PROPTI,-48.0,2022-06-27,True,False,False,,"USUARIO_MODIFICACION: creado por 'ALM', modificado por 'EGT'",BAJO,0,,"Alerta tx 740 (folio 32609, cód PROPTI, monto -48.00): | ctx: USUARIO_MODIFICACION: creado por 'ALM', modificado por 'EGT'"
412,19861,RENHAB,2027.92,2022-01-11,True,False,False,,"USUARIO_MODIFICACION: creado por 'ALM', modificado por 'ALH'",BAJO,0,,"Alerta tx 412 (folio 19861, cód RENHAB, monto 2027.92): | ctx: USUARIO_MODIFICACION: creado por 'ALM', modificado por 'ALH'"
515,86029,PROPTI,14.52,2024-03-12,True,False,False,,"USUARIO_MODIFICACION: creado por 'VN2', modificado por 'RFR'",BAJO,0,,"Alerta tx 515 (folio 86029, cód PROPTI, monto 14.52): | ctx: USUARIO_MODIFICACION: creado por 'VN2', modificado por 'RFR'"
832,111103,RENHAB,3091.34,2024-12-19,True,False,False,,"USUARIO_MODIFICACION: creado por 'EGT', modificado por 'RFR' (monto alto)",BAJO,0,,"Alerta tx 832 (folio 111103, cód RENHAB, monto 3091.34): | ctx: USUARIO_MODIFICACION: creado por 'EGT', modificado por 'RFR' (monto alto)"
491,71194,EFE,1586.25,2023-09-04,True,True,False,CANCELACION_SOSPECHOSA,"USUARIO_MODIFICACION: creado por 'RM2', modificado por 'RFR'",MEDIO,25,cancelacion_con_reposteo: mismo folio/código/monto tiene versión cancelada y activa el mismo día,"Alerta tx 491 (folio 71194, cód EFE, monto 1586.25): [CANCELACION_SOSPECHOSA] — cancelacion_con_reposteo: mismo folio/código/monto tiene versión cancelada y activa el mismo día — | ctx: USUARIO_MODIFICACION: creado por 'RM2', modificado por 'RFR'"
1055,92599,PROPTI,-87.12,2024-05-10,True,True,False,CANCELACION_SOSPECHOSA,"USUARIO_MODIFICACION: creado por 'VN2', modificado por 'RM2'",MEDIO,25,cancelacion_monto_alto: monto cancelado=87.12,"Alerta tx 1055 (folio 92599, cód PROPTI, monto -87.12): [CANCELACION_SOSPECHOSA] — cancelacion_monto_alto: monto cancelado=87.12 — | ctx: USUARIO_MODIFICACION: creado por 'VN2', modificado por 'RM2'"
701,25243,RENHAB,-2483.0,2022-03-26,True,False,False,,"USUARIO_MODIFICACION: creado por 'AGH', modificado por 'GAH'",BAJO,0,,"Alerta tx 701 (folio 25243, cód RENHAB, monto -2483.00): | ctx: USUARIO_MODIFICACION: creado por 'AGH', modificado por 'GAH'"
265,129373,RENHAB,0.0,2025-07-17,True,True,False,MONTO_ATIPICO | CONTEXTO_RESERVACION,,MEDIO,45,"monto_atipico: monto_abs=0.00, z=-2.63 (umbral ±2.0) para código 'RENHAB' | noches_inconsistentes: cargo=13, reserva=16.0","Alerta tx 265 (folio 129373, cód RENHAB, monto 0.00): [MONTO_ATIPICO | CONTEXTO_RESERVACION] — monto_atipico: monto_abs=0.00, z=-2.63 (umbral ±2.0) para código 'RENHAB'; noches_inconsistentes: cargo=13, reserva=16.0"
383,74484,PROPTI,105.6,2023-10-22,True,True,False,MONTO_ATIPICO,,MEDIO,25,"monto_atipico: monto_abs=105.60, z=2.85 (umbral ±2.0) para código 'PROPTI'","Alerta tx 383 (folio 74484, cód PROPTI, monto 105.60): [MONTO_ATIPICO] — monto_atipico: monto_abs=105.60, z=2.85 (umbral ±2.0) para código 'PROPTI'"
252,38556,RENHAB,3854.0,2022-08-25,True,True,False,MONTO_ATIPICO,,MEDIO,25,"monto_atipico: monto_abs=3854.00, z=2.10 (umbral ±2.0) para código 'RENHAB'","Alerta tx 252 (folio 38556, cód RENHAB, monto 3854.00): [MONTO_ATIPICO] — monto_atipico: monto_abs=3854.00, z=2.10 (umbral ±2.0) para código 'RENHAB'"
12,102634,RENCOM,0.4,2024-08-19,True,False,True,CONTEXTO_RESERVACION,,MEDIO,20,"noches_inconsistentes: cargo=0, reserva=3.0","Alerta tx 12 (folio 102634, cód RENCOM, monto 0.40): [CONTEXTO_RESERVACION] — noches_inconsistentes: cargo=0, reserva=3.0"
382,99664,RENHAB,2821.85,2024-07-20,True,False,False,,"USUARIO_MODIFICACION: creado por 'EGT', modificado por 'RFR' (monto alto)",BAJO,0,,"Alerta tx 382 (folio 99664, cód RENHAB, monto 2821.85): | ctx: USUARIO_MODIFICACION: creado por 'EGT', modificado por 'RFR' (monto alto)"
1234,4768,RENHAB,-2353.33,2021-05-13,True,False,False,,"USUARIO_MODIFICACION: creado por 'MCC', modificado por 'JML'",BAJO,0,,"Alerta tx 1234 (folio 4768, cód RENHAB, monto -2353.33): | ctx: USUARIO_MODIFICACION: creado por 'MCC', modificado por 'JML'"
66,12346,EFE,6865.0,2021-09-17,True,False,False,,"USUARIO_MODIFICACION: creado por 'PMM', modificado por 'HMR' (monto alto)",BAJO,0,,"Alerta tx 66 (folio 12346, cód EFE, monto 6865.00): | ctx: USUARIO_MODIFICACION: creado por 'PMM', modificado por 'HMR' (monto alto)"
586,98100,RENHAB,-3820.71,2024-07-03,True,True,False,MONTO_ATIPICO | CANCELACION_SOSPECHOSA,"USUARIO_MODIFICACION: creado por 'EGT', modificado por 'MBJ' (monto alto)",ALTO,50,"monto_atipico: monto_abs=3820.71, z=2.06 (umbral ±2.0) para código 'RENHAB' | cancelacion_monto_alto: monto cancelado=3820.71","Alerta tx 586 (folio 98100, cód RENHAB, monto -3820.71): [MONTO_ATIPICO | CANCELACION_SOSPECHOSA] — monto_atipico: monto_abs=3820.71, z=2.06 (umbral ±2.0) para código 'RENHAB'; cancelacion_monto_alto: monto cancelado=3820.71 — | ctx: USUARIO_MODIFICACION: creado por 'EGT', modificado por 'MBJ' (monto alto)"
788,19359,PROPTI,48.0,2022-01-03,True,False,False,,"USUARIO_MODIFICACION: creado por 'ALM', modificado por 'EGT'",BAJO,0,,"Alerta tx 788 (folio 19359, cód PROPTI, monto 48.00): | ctx: USUARIO_MODIFICACION: creado por 'ALM', modificado por 'EGT'"
368,72373,RENHAB,1562.0,2023-09-22,True,False,False,,"USUARIO_MODIFICACION: creado por 'EGT', modificado por 'RM2'",BAJO,0,,"Alerta tx 368 (folio 72373, cód RENHAB, monto 1562.00): | ctx: USUARIO_MODIFICACION: creado por 'EGT', modificado por 'RM2'"
362,117364,RENHAB,0.0,2025-03-08,True,True,False,MONTO_ATIPICO,,MEDIO,25,"monto_atipico: monto_abs=0.00, z=-2.63 (umbral ±2.0) para código 'RENHAB'","Alerta tx 362 (folio 117364, cód RENHAB, monto 0.00): [MONTO_ATIPICO] — monto_atipico: monto_abs=0.00, z=-2.63 (umbral ±2.0) para código 'RENHAB'"
896,56475,RENHAB,-3110.72,2023-04-21,True,True,False,CANCELACION_SOSPECHOSA,"USUARIO_MODIFICACION: creado por 'EGT', modificado por 'MCZ' (monto alto)",MEDIO,25,cancelacion_monto_alto: monto cancelado=3110.72,"Alerta tx 896 (folio 56475, cód RENHAB, monto -3110.72): [CANCELACION_SOSPECHOSA] — cancelacion_monto_alto: monto cancelado=3110.72 — | ctx: USUARIO_MODIFICACION: creado por 'EGT', modificado por 'MCZ' (monto alto)"
902,100563,RENHAB,2651.92,2024-07-27,True,False,False,,"USUARIO_MODIFICACION: creado por 'JLS', modificado por 'CEV' (monto alto)",BAJO,0,,"Alerta tx 902 (folio 100563, cód RENHAB, monto 2651.92): | ctx: USUARIO_MODIFICACION: creado por 'JLS', modificado por 'CEV' (monto alto)"
223,9948,PROPTI,12.0,2021-07-31,True,False,False,,"USUARIO_MODIFICACION: creado por 'MCC', modificado por 'KJG'",BAJO,0,,"Alerta tx 223 (folio 9948, cód PROPTI, monto 12.00): | ctx: USUARIO_MODIFICACION: creado por 'MCC', modificado por 'KJG'"
785,15759,RENHAB,-1654.06,2021-11-13,True,False,False,,"USUARIO_MODIFICACION: creado por 'ALM', modificado por 'RFR'",BAJO,0,,"Alerta tx 785 (folio 15759, cód RENHAB, monto -1654.06): | ctx: USUARIO_MODIFICACION: creado por 'ALM', modificado por 'RFR'"
201,128147,RENHAB,4191.23,2025-06-21,True,True,False,MONTO_ATIPICO,,MEDIO,25,"monto_atipico: monto_abs=4191.23, z=2.51 (umbral ±2.0) para código 'RENHAB'","Alerta tx 201 (folio 128147, cód RENHAB, monto 4191.23): [MONTO_ATIPICO] — monto_atipico: monto_abs=4191.23, z=2.51 (umbral ±2.0) para código 'RENHAB'"
959,35627,PROPTI,48.0,2022-07-26,True,False,False,,"USUARIO_MODIFICACION: creado por 'ALM', modificado por 'RFR'",BAJO,0,,"Alerta tx 959 (folio 35627, cód PROPTI, monto 48.00): | ctx: USUARIO_MODIFICACION: creado por 'ALM', modificado por 'RFR'"
579,121368,RENHAB,5787.68,2025-04-17,True,True,False,MONTO_ATIPICO,,MEDIO,25,"monto_atipico: monto_abs=5787.68, z=4.47 (umbral ±2.0) para código 'RENHAB'","Alerta tx 579 (folio 121368, cód RENHAB, monto 5787.68): [MONTO_ATIPICO] — monto_atipico: monto_abs=5787.68, z=4.47 (umbral ±2.0) para código 'RENHAB'"
197,4129,RENHAB,0.0,2021-05-03,True,True,False,MONTO_ATIPICO,,MEDIO,25,"monto_atipico: monto_abs=0.00, z=-2.63 (umbral ±2.0) para código 'RENHAB'","Alerta tx 197 (folio 4129, cód RENHAB, monto 0.00): [MONTO_ATIPICO] — monto_atipico: monto_abs=0.00, z=-2.63 (umbral ±2.0) para código 'RENHAB'"
604,99948,RENHAB,4003.28,2024-07-20,True,True,False,MONTO_ATIPICO,,MEDIO,25,"monto_atipico: monto_abs=4003.28, z=2.28 (umbral ±2.0) para código 'RENHAB'","Alerta tx 604 (folio 99948, cód RENHAB, monto 4003.28): [MONTO_ATIPICO] — monto_atipico: monto_abs=4003.28, z=2.28 (umbral ±2.0) para código 'RENHAB'"
597,95406,PROPTI,-58.08,2024-06-06,True,False,False,,"USUARIO_MODIFICACION: creado por 'VN2', modificado por 'RFR'",BAJO,0,,"Alerta tx 597 (folio 95406, cód PROPTI, monto -58.08): | ctx: USUARIO_MODIFICACION: creado por 'VN2', modificado por 'RFR'"
561,70931,RENHAB,0.0,2023-09-01,True,True,False,MONTO_ATIPICO,,MEDIO,25,"monto_atipico: monto_abs=0.00, z=-2.63 (umbral ±2.0) para código 'RENHAB'","Alerta tx 561 (folio 70931, cód RENHAB, monto 0.00): [MONTO_ATIPICO] — monto_atipico: monto_abs=0.00, z=-2.63 (umbral ±2.0) para código 'RENHAB'"
253,41002,RENHAB,0.0,2022-10-04,True,True,False,MONTO_ATIPICO,,MEDIO,25,"monto_atipico: monto_abs=0.00, z=-2.63 (umbral ±2.0) para código 'RENHAB'","Alerta tx 253 (folio 41002, cód RENHAB, monto 0.00): [MONTO_ATIPICO] — monto_atipico: monto_abs=0.00, z=-2.63 (umbral ±2.0) para código 'RENHAB'"
109,97636,PEREXT,5644.45,2024-06-26,True,True,False,MONTO_ATIPICO | CONTEXTO_RESERVACION,,MEDIO,45,"monto_atipico: monto_abs=5644.45, z=4.49 (umbral ±2.0) para código 'PEREXT' | noches_inconsistentes: cargo=0, reserva=6.0","Alerta tx 109 (folio 97636, cód PEREXT, monto 5644.45): [MONTO_ATIPICO | CONTEXTO_RESERVACION] — monto_atipico: monto_abs=5644.45, z=4.49 (umbral ±2.0) para código 'PEREXT'; noches_inconsistentes: cargo=0, reserva=6.0"
926,131782,PROPTI,-58.08,2025-08-01,True,False,False,,"USUARIO_MODIFICACION: creado por 'EGT', modificado por 'CEV'",BAJO,0,,"Alerta tx 926 (folio 131782, cód PROPTI, monto -58.08): | ctx: USUARIO_MODIFICACION: creado por 'EGT', modificado por 'CEV'"
739,856,PROPTI,24.0,2021-03-16,True,False,False,,"USUARIO_MODIFICACION: creado por 'FJL', modificado por 'LBB'",BAJO,0,,"Alerta tx 739 (folio 856, cód PROPTI, monto 24.00): | ctx: USUARIO_MODIFICACION: creado por 'FJL', modificado por 'LBB'"
662,10539,RENHAB,2618.5,2021-08-09,True,False,False,,"USUARIO_MODIFICACION: creado por 'ALM', modificado por 'JEO' (monto alto)",BAJO,0,,"Alerta tx 662 (folio 10539, cód RENHAB, monto 2618.50): | ctx: USUARIO_MODIFICACION: creado por 'ALM', modificado por 'JEO' (monto alto)"
203,34322,PROPTI,48.0,2022-07-16,True,False,False,,"USUARIO_MODIFICACION: creado por 'ALM', modificado por 'NGA'",BAJO,0,,"Alerta tx 203 (folio 34322, cód PROPTI, monto 48.00): | ctx: USUARIO_MODIFICACION: creado por 'ALM', modificado por 'NGA'"
77,53289,CANXFA,6046.02,2023-03-26,True,True,False,FUERA_DE_ESTANCIA,,MEDIO,35,"cargo_despues_checkout: fecha_cargo=2023-03-26, check-out=2023-03-22","Alerta tx 77 (folio 53289, cód CANXFA, monto 6046.02): [FUERA_DE_ESTANCIA] — cargo_despues_checkout: fecha_cargo=2023-03-26, check-out=2023-03-22"
699,63915,PROPTI,52.8,2023-07-03,True,True,False,DUPLICADO,"USUARIO_MODIFICACION: creado por 'EGT', modificado por 'JLS'",MEDIO,40,duplicado_exacto: 2 veces el mismo folio/código/monto/habitación/fecha,"Alerta tx 699 (folio 63915, cód PROPTI, monto 52.80): [DUPLICADO] — duplicado_exacto: 2 veces el mismo folio/código/monto/habitación/fecha — | ctx: USUARIO_MODIFICACION: creado por 'EGT', modificado por 'JLS'"
402,139886,PROPTI,-29.04,2025-11-13,True,False,False,,"USUARIO_MODIFICACION: creado por 'EGT', modificado por 'MYB'",BAJO,0,,"Alerta tx 402 (folio 139886, cód PROPTI, monto -29.04): | ctx: USUARIO_MODIFICACION: creado por 'EGT', modificado por 'MYB'"
901,68368,RENHAB,-1405.54,2023-08-10,True,False,False,,"USUARIO_MODIFICACION: creado por 'EGT', modificado por 'CEV'",BAJO,0,,"Alerta tx 901 (folio 68368, cód RENHAB, monto -1405.54): | ctx: USUARIO_MODIFICACION: creado por 'EGT', modificado por 'CEV'"
262,51044,PROPTI,52.8,2023-03-03,True,False,False,,"USUARIO_MODIFICACION: creado por 'EGT', modificado por 'AB9'",BAJO,0,,"Alerta tx 262 (folio 51044, cód PROPTI, monto 52.80): | ctx: USUARIO_MODIFICACION: creado por 'EGT', modificado por 'AB9'"
1005,91942,PROPTI,58.08,2024-05-03,True,False,False,,"USUARIO_MODIFICACION: creado por 'EGT', modificado por 'RFR'",BAJO,0,,"Alerta tx 1005 (folio 91942, cód PROPTI, monto 58.08): | ctx: USUARIO_MODIFICACION: creado por 'EGT', modificado por 'RFR'"
938,15862,RENHAB,2164.5,2021-11-13,True,True,False,CANCELACION_SOSPECHOSA,"USUARIO_MODIFICACION: creado por 'ALM', modificado por 'AGH'",MEDIO,25,folio_alto_ratio_cancelaciones: 100% de movimientos cancelados,"Alerta tx 938 (folio 15862, cód RENHAB, monto 2164.50): [CANCELACION_SOSPECHOSA] — folio_alto_ratio_cancelaciones: 100% de movimientos cancelados — | ctx: USUARIO_MODIFICACION: creado por 'ALM', modificado por 'AGH'"
571,135013,PROPTI,-29.04,2025-08-31,True,True,False,CANCELACION_SOSPECHOSA,"USUARIO_MODIFICACION: creado por 'DOB', modificado por 'CEV'",MEDIO,25,folio_alto_ratio_cancelaciones: 100% de movimientos cancelados,"Alerta tx 571 (folio 135013, cód PROPTI, monto -29.04): [CANCELACION_SOSPECHOSA] — folio_alto_ratio_cancelaciones: 100% de movimientos cancelados — | ctx: USUARIO_MODIFICACION: creado por 'DOB', modificado por 'CEV'"
817,26150,RENHAB,-2977.59,2022-04-09,True,True,False,CANCELACION_SOSPECHOSA,"USUARIO_MODIFICACION: creado por 'AGH', modificado por 'EGT' (monto alto)",MEDIO,25,cancelacion_monto_alto: monto cancelado=2977.59,"Alerta tx 817 (folio 26150, cód RENHAB, monto -2977.59): [CANCELACION_SOSPECHOSA] — cancelacion_monto_alto: monto cancelado=2977.59 — | ctx: USUARIO_MODIFICACION: creado por 'AGH', modificado por 'EGT' (monto alto)"
713,66082,PROPTI,105.6,2023-07-23,True,True,False,MONTO_ATIPICO,"USUARIO_MODIFICACION: creado por 'EGT', modificado por 'AB9'",MEDIO,25,"monto_atipico: monto_abs=105.60, z=2.85 (umbral ±2.0) para código 'PROPTI'","Alerta tx 713 (folio 66082, cód PROPTI, monto 105.60): [MONTO_ATIPICO] — monto_atipico: monto_abs=105.60, z=2.85 (umbral ±2.0) para código 'PROPTI' — | ctx: USUARIO_MODIFICACION: creado por 'EGT', modificado por 'AB9'"
91,21272,CANXFA,3398.28,2022-01-31,True,True,False,FUERA_DE_ESTANCIA | CONTEXTO_RESERVACION,,ALTO,55,"cargo_despues_checkout: fecha_cargo=2022-01-31, check-out=2022-01-27 | noches_inconsistentes: cargo=0, reserva=3.0","Alerta tx 91 (folio 21272, cód CANXFA, monto 3398.28): [FUERA_DE_ESTANCIA | CONTEXTO_RESERVACION] — cargo_despues_checkout: fecha_cargo=2022-01-31, check-out=2022-01-27; noches_inconsistentes: cargo=0, reserva=3.0"
103,54881,RENMAN,0.01,2023-05-25,True,True,False,FUERA_DE_ESTANCIA,,MEDIO,35,"cargo_despues_checkout: fecha_cargo=2023-05-25, check-out=2023-04-11","Alerta tx 103 (folio 54881, cód RENMAN, monto 0.01): [FUERA_DE_ESTANCIA] — cargo_despues_checkout: fecha_cargo=2023-05-25, check-out=2023-04-11"
608,50210,PEREXT,963.0,2023-02-20,True,False,False,,"USUARIO_MODIFICACION: creado por 'EGT', modificado por 'EJN'",BAJO,0,,"Alerta tx 608 (folio 50210, cód PEREXT, monto 963.00): | ctx: USUARIO_MODIFICACION: creado por 'EGT', modificado por 'EJN'"
8,DEP103,DEPRES,66300.0,2021-03-22,True,True,False,MONTO_ATIPICO,,MEDIO,25,"monto_atipico: monto_abs=66300.00, z=3.11 (umbral ±2.0) para código 'DEPRES'","Alerta tx 8 (folio DEP103, cód DEPRES, monto 66300.00): [MONTO_ATIPICO] — monto_atipico: monto_abs=66300.00, z=3.11 (umbral ±2.0) para código 'DEPRES'"
200,147832,CANXFA,600.0,2026-02-17,True,True,False,FUERA_DE_ESTANCIA,,MEDIO,35,"cargo_despues_checkout: fecha_cargo=2026-02-17, check-out=2026-02-10","Alerta tx 200 (folio 147832, cód CANXFA, monto 600.00): [FUERA_DE_ESTANCIA] — cargo_despues_checkout: fecha_cargo=2026-02-17, check-out=2026-02-10"
375,50892,RENHAB,0.0,2023-03-03,True,True,False,MONTO_ATIPICO,,MEDIO,25,"monto_atipico: monto_abs=0.00, z=-2.63 (umbral ±2.0) para código 'RENHAB'","Alerta tx 375 (folio 50892, cód RENHAB, monto 0.00): [MONTO_ATIPICO] — monto_atipico: monto_abs=0.00, z=-2.63 (umbral ±2.0) para código 'RENHAB'"
22,3065,RENCOM,0.06,2021-04-19,True,False,True,CONTEXTO_RESERVACION,,MEDIO,20,"noches_inconsistentes: cargo=0, reserva=3.0","Alerta tx 22 (folio 3065, cód RENCOM, monto 0.06): [CONTEXTO_RESERVACION] — noches_inconsistentes: cargo=0, reserva=3.0"
1017,112562,PROPTI,-87.12,2025-01-03,True,True,False,CANCELACION_SOSPECHOSA,"USUARIO_MODIFICACION: creado por 'EGT', modificado por 'RFR'",MEDIO,25,cancelacion_monto_alto: monto cancelado=87.12,"Alerta tx 1017 (folio 112562, cód PROPTI, monto -87.12): [CANCELACION_SOSPECHOSA] — cancelacion_monto_alto: monto cancelado=87.12 — | ctx: USUARIO_MODIFICACION: creado por 'EGT', modificado por 'RFR'"
793,5584,RENHAB,1986.0,2021-05-28,True,False,True,CONTEXTO_RESERVACION,,MEDIO,20,"personas_inconsistentes: cargo=4, reserva=2.0","Alerta tx 793 (folio 5584, cód RENHAB, monto 1986.00): [CONTEXTO_RESERVACION] — personas_inconsistentes: cargo=4, reserva=2.0"
99,39268,CANXFA,2691.17,2022-09-06,True,True,False,FUERA_DE_ESTANCIA,,MEDIO,35,"cargo_despues_checkout: fecha_cargo=2022-09-06, check-out=2022-09-04","Alerta tx 99 (folio 39268, cód CANXFA, monto 2691.17): [FUERA_DE_ESTANCIA] — cargo_despues_checkout: fecha_cargo=2022-09-06, check-out=2022-09-04"
712,5473,RENHAB,1664.0,2021-05-25,True,False,False,,"USUARIO_MODIFICACION: creado por 'ALM', modificado por 'JML'",BAJO,0,,"Alerta tx 712 (folio 5473, cód RENHAB, monto 1664.00): | ctx: USUARIO_MODIFICACION: creado por 'ALM', modificado por 'JML'"
215,25463,RENHAB,1963.44,2022-03-31,True,False,False,,"USUARIO_MODIFICACION: creado por 'AGH', modificado por 'EGT'",BAJO,0,,"Alerta tx 215 (folio 25463, cód RENHAB, monto 1963.44): | ctx: USUARIO_MODIFICACION: creado por 'AGH', modificado por 'EGT'"
126,77742,RESDEP,35000.0,2023-11-30,True,True,False,MONTO_ATIPICO,,MEDIO,25,"monto_atipico: monto_abs=35000.00, z=3.40 (umbral ±2.0) para código 'RESDEP'","Alerta tx 126 (folio 77742, cód RESDEP, monto 35000.00): [MONTO_ATIPICO] — monto_atipico: monto_abs=35000.00, z=3.40 (umbral ±2.0) para código 'RESDEP'"
548,111462,RENHAB,5778.36,2024-12-31,True,True,False,MONTO_ATIPICO,,MEDIO,25,"monto_atipico: monto_abs=5778.36, z=4.46 (umbral ±2.0) para código 'RENHAB'","Alerta tx 548 (folio 111462, cód RENHAB, monto 5778.36): [MONTO_ATIPICO] — monto_atipico: monto_abs=5778.36, z=4.46 (umbral ±2.0) para código 'RENHAB'"
812,78910,RENHAB,-2930.2,2023-12-20,True,False,False,,"USUARIO_MODIFICACION: creado por 'EGT', modificado por 'OLN' (monto alto)",BAJO,0,,"Alerta tx 812 (folio 78910, cód RENHAB, monto -2930.20): | ctx: USUARIO_MODIFICACION: creado por 'EGT', modificado por 'OLN' (monto alto)"
181,139637,TRANSF,39459.0,2025-11-09,True,True,False,MONTO_ATIPICO,,MEDIO,25,"monto_atipico: monto_abs=39459.00, z=4.39 (umbral ±2.0) para código 'TRANSF'","Alerta tx 181 (folio 139637, cód TRANSF, monto 39459.00): [MONTO_ATIPICO] — monto_atipico: monto_abs=39459.00, z=4.39 (umbral ±2.0) para código 'TRANSF'"
576,5094,PROPTI,-48.0,2021-05-18,True,False,False,,"USUARIO_MODIFICACION: creado por 'ALM', modificado por 'JML'",BAJO,0,,"Alerta tx 576 (folio 5094, cód PROPTI, monto -48.00): | ctx: USUARIO_MODIFICACION: creado por 'ALM', modificado por 'JML'"
868,27069,RENHAB,-1894.52,2022-04-18,True,False,False,,"USUARIO_MODIFICACION: creado por 'AGH', modificado por 'EGT'",BAJO,0,,"Alerta tx 868 (folio 27069, cód RENHAB, monto -1894.52): | ctx: USUARIO_MODIFICACION: creado por 'AGH', modificado por 'EGT'"
430,9323,RENHAB,1684.76,2021-07-24,True,False,False,,"USUARIO_MODIFICACION: creado por 'MCC', modificado por 'RFR'",BAJO,0,,"Alerta tx 430 (folio 9323, cód RENHAB, monto 1684.76): | ctx: USUARIO_MODIFICACION: creado por 'MCC', modificado por 'RFR'"
856,56488,PROPTI,-13.2,2023-04-22,True,False,False,,"USUARIO_MODIFICACION: creado por 'JLS', modificado por 'CEV'",BAJO,0,,"Alerta tx 856 (folio 56488, cód PROPTI, monto -13.20): | ctx: USUARIO_MODIFICACION: creado por 'JLS', modificado por 'CEV'"
80,109388,CANXFA,600.0,2024-11-27,True,True,False,FUERA_DE_ESTANCIA,,MEDIO,35,"cargo_despues_checkout: fecha_cargo=2024-11-27, check-out=2024-11-26","Alerta tx 80 (folio 109388, cód CANXFA, monto 600.00): [FUERA_DE_ESTANCIA] — cargo_despues_checkout: fecha_cargo=2024-11-27, check-out=2024-11-26"
3,148183,XFAC,7534.25,2026-02-23,True,False,True,CONTEXTO_RESERVACION,,MEDIO,20,"noches_inconsistentes: cargo=0, reserva=3.0","Alerta tx 3 (folio 148183, cód XFAC, monto 7534.25): [CONTEXTO_RESERVACION] — noches_inconsistentes: cargo=0, reserva=3.0"
791,136799,RENHAB,-3795.38,2025-09-26,True,True,False,MONTO_ATIPICO | CANCELACION_SOSPECHOSA,"USUARIO_MODIFICACION: creado por 'EGT', modificado por 'MYB' (monto alto)",ALTO,50,"monto_atipico: monto_abs=3795.38, z=2.02 (umbral ±2.0) para código 'RENHAB' | cancelacion_monto_alto: monto cancelado=3795.38","Alerta tx 791 (folio 136799, cód RENHAB, monto -3795.38): [MONTO_ATIPICO | CANCELACION_SOSPECHOSA] — monto_atipico: monto_abs=3795.38, z=2.02 (umbral ±2.0) para código 'RENHAB'; cancelacion_monto_alto: monto cancelado=3795.38 — | ctx: USUARIO_MODIFICACION: creado por 'EGT', modificado por 'MYB' (monto alto)"
665,15862,PROPTI,-48.0,2021-11-18,True,True,False,CANCELACION_SOSPECHOSA,"USUARIO_MODIFICACION: creado por 'EGT', modificado por 'ALM'",MEDIO,25,folio_alto_ratio_cancelaciones: 100% de movimientos cancelados,"Alerta tx 665 (folio 15862, cód PROPTI, monto -48.00): [CANCELACION_SOSPECHOSA] — folio_alto_ratio_cancelaciones: 100% de movimientos cancelados — | ctx: USUARIO_MODIFICACION: creado por 'EGT', modificado por 'ALM'"
798,29491,RENHAB,426.0,2022-05-17,True,True,False,MONTO_ATIPICO,"USUARIO_MODIFICACION: creado por 'ALM', modificado por 'EGT'",MEDIO,25,"monto_atipico: monto_abs=426.00, z=-2.11 (umbral ±2.0) para código 'RENHAB'","Alerta tx 798 (folio 29491, cód RENHAB, monto 426.00): [MONTO_ATIPICO] — monto_atipico: monto_abs=426.00, z=-2.11 (umbral ±2.0) para código 'RENHAB' — | ctx: USUARIO_MODIFICACION: creado por 'ALM', modificado por 'EGT'"
599,4096,PROPTI,-72.0,2021-05-04,True,True,False,CANCELACION_SOSPECHOSA,"USUARIO_MODIFICACION: creado por 'MCC', modificado por 'JML'",MEDIO,25,cancelacion_monto_alto: monto cancelado=72.00,"Alerta tx 599 (folio 4096, cód PROPTI, monto -72.00): [CANCELACION_SOSPECHOSA] — cancelacion_monto_alto: monto cancelado=72.00 — | ctx: USUARIO_MODIFICACION: creado por 'MCC', modificado por 'JML'"
207,142475,CANXFA,600.0,2025-12-12,True,True,False,FUERA_DE_ESTANCIA | CONTEXTO_RESERVACION,,ALTO,55,"cargo_despues_checkout: fecha_cargo=2025-12-12, check-out=2025-12-10 | noches_inconsistentes: cargo=0, reserva=3.0","Alerta tx 207 (folio 142475, cód CANXFA, monto 600.00): [FUERA_DE_ESTANCIA | CONTEXTO_RESERVACION] — cargo_despues_checkout: fecha_cargo=2025-12-12, check-out=2025-12-10; noches_inconsistentes: cargo=0, reserva=3.0"
413,100745,PROPTI,87.12,2024-07-27,True,True,False,CANCELACION_SOSPECHOSA,"USUARIO_MODIFICACION: creado por 'JLS', modificado por 'OLN'",MEDIO,25,cancelacion_monto_alto: monto cancelado=87.12,"Alerta tx 413 (folio 100745, cód PROPTI, monto 87.12): [CANCELACION_SOSPECHOSA] — cancelacion_monto_alto: monto cancelado=87.12 — | ctx: USUARIO_MODIFICACION: creado por 'JLS', modificado por 'OLN'"
951,6971,RENHAB,-2299.0,2021-06-18,True,False,False,,"USUARIO_MODIFICACION: creado por 'MCC', modificado por 'RFR'",BAJO,0,,"Alerta tx 951 (folio 6971, cód RENHAB, monto -2299.00): | ctx: USUARIO_MODIFICACION: creado por 'MCC', modificado por 'RFR'"
633,39999,PROPTI,-48.0,2022-09-17,True,False,False,,"USUARIO_MODIFICACION: creado por 'EGT', modificado por 'SSL'",BAJO,0,,"Alerta tx 633 (folio 39999, cód PROPTI, monto -48.00): | ctx: USUARIO_MODIFICACION: creado por 'EGT', modificado por 'SSL'"
636,145009,EFE,-10000.0,2026-01-09,True,True,False,CANCELACION_SOSPECHOSA,"USUARIO_MODIFICACION: creado por 'N01', modificado por 'CEV' (monto alto)",MEDIO,25,cancelacion_monto_alto: monto cancelado=10000.00,"Alerta tx 636 (folio 145009, cód EFE, monto -10000.00): [CANCELACION_SOSPECHOSA] — cancelacion_monto_alto: monto cancelado=10000.00 — | ctx: USUARIO_MODIFICACION: creado por 'N01', modificado por 'CEV' (monto alto)"
734,89521,PROPTI,58.08,2024-04-09,True,False,False,,"USUARIO_MODIFICACION: creado por 'EGT', modificado por 'OLN'",BAJO,0,,"Alerta tx 734 (folio 89521, cód PROPTI, monto 58.08): | ctx: USUARIO_MODIFICACION: creado por 'EGT', modificado por 'OLN'"
479,74109,RENHAB,3092.8,2023-10-17,True,False,False,,"USUARIO_MODIFICACION: creado por 'EGT', modificado por 'RFR' (monto alto)",BAJO,0,,"Alerta tx 479 (folio 74109, cód RENHAB, monto 3092.80): | ctx: USUARIO_MODIFICACION: creado por 'EGT', modificado por 'RFR' (monto alto)"
629,287,RENHAB,1640.0,2021-03-06,True,False,False,,"USUARIO_MODIFICACION: creado por 'FJL', modificado por 'NCR'",BAJO,0,,"Alerta tx 629 (folio 287, cód RENHAB, monto 1640.00): | ctx: USUARIO_MODIFICACION: creado por 'FJL', modificado por 'NCR'"
551,21021,RENHAB,1842.02,2022-01-29,True,False,False,,"USUARIO_MODIFICACION: creado por 'AGH', modificado por 'GER'",BAJO,0,,"Alerta tx 551 (folio 21021, cód RENHAB, monto 1842.02): | ctx: USUARIO_MODIFICACION: creado por 'AGH', modificado por 'GER'"
42,146899,EFE,2810.0,2026-02-08,True,False,False,,"USUARIO_MODIFICACION: creado por 'SN2', modificado por 'AQX' (monto alto)",BAJO,0,,"Alerta tx 42 (folio 146899, cód EFE, monto 2810.00): | ctx: USUARIO_MODIFICACION: creado por 'SN2', modificado por 'AQX' (monto alto)"
874,5933,PROPTI,24.0,2021-06-02,True,False,False,,"USUARIO_MODIFICACION: creado por 'MCC', modificado por 'RFR'",BAJO,0,,"Alerta tx 874 (folio 5933, cód PROPTI, monto 24.00): | ctx: USUARIO_MODIFICACION: creado por 'MCC', modificado por 'RFR'"
291,32127,PROPTI,48.0,2022-06-22,True,False,False,,"USUARIO_MODIFICACION: creado por 'ALM', modificado por 'RRN'",BAJO,0,,"Alerta tx 291 (folio 32127, cód PROPTI, monto 48.00): | ctx: USUARIO_MODIFICACION: creado por 'ALM', modificado por 'RRN'"
767,112115,PROPTI,29.04,2024-12-31,True,False,False,,"USUARIO_MODIFICACION: creado por 'AQX', modificado por 'RFR'",BAJO,0,,"Alerta tx 767 (folio 112115, cód PROPTI, monto 29.04): | ctx: USUARIO_MODIFICACION: creado por 'AQX', modificado por 'RFR'"
53,74317,CANXFA,7105.96,2023-10-19,True,True,False,FUERA_DE_ESTANCIA | CONTEXTO_RESERVACION,,ALTO,55,"cargo_despues_checkout: fecha_cargo=2023-10-19, check-out=2023-10-18 | noches_inconsistentes: cargo=0, reserva=3.0","Alerta tx 53 (folio 74317, cód CANXFA, monto 7105.96): [FUERA_DE_ESTANCIA | CONTEXTO_RESERVACION] — cargo_despues_checkout: fecha_cargo=2023-10-19, check-out=2023-10-18; noches_inconsistentes: cargo=0, reserva=3.0"
255,5281,RENHAB,0.0,2021-05-23,True,True,False,MONTO_ATIPICO,,MEDIO,25,"monto_atipico: monto_abs=0.00, z=-2.63 (umbral ±2.0) para código 'RENHAB'","Alerta tx 255 (folio 5281, cód RENHAB, monto 0.00): [MONTO_ATIPICO] — monto_atipico: monto_abs=0.00, z=-2.63 (umbral ±2.0) para código 'RENHAB'"
238,47883,PROPTI,12.0,2023-01-24,True,False,False,,"USUARIO_MODIFICACION: creado por 'EGT', modificado por 'NGA'",BAJO,0,,"Alerta tx 238 (folio 47883, cód PROPTI, monto 12.00): | ctx: USUARIO_MODIFICACION: creado por 'EGT', modificado por 'NGA'"
661,56488,PROPTI,79.2,2023-04-22,True,True,False,CANCELACION_SOSPECHOSA,"USUARIO_MODIFICACION: creado por 'JLS', modificado por 'CEV'",MEDIO,25,cancelacion_monto_alto: monto cancelado=79.20,"Alerta tx 661 (folio 56488, cód PROPTI, monto 79.20): [CANCELACION_SOSPECHOSA] — cancelacion_monto_alto: monto cancelado=79.20 — | ctx: USUARIO_MODIFICACION: creado por 'JLS', modificado por 'CEV'"
519,135013,PROPTI,-43.56,2025-08-31,True,True,False,CANCELACION_SOSPECHOSA,"USUARIO_MODIFICACION: creado por 'DOB', modificado por 'CEV'",MEDIO,25,folio_alto_ratio_cancelaciones: 100% de movimientos cancelados,"Alerta tx 519 (folio 135013, cód PROPTI, monto -43.56): [CANCELACION_SOSPECHOSA] — folio_alto_ratio_cancelaciones: 100% de movimientos cancelados — | ctx: USUARIO_MODIFICACION: creado por 'DOB', modificado por 'CEV'"
790,37693,RENHAB,-1772.04,2022-08-17,True,False,False,,"USUARIO_MODIFICACION: creado por 'ALM', modificado por 'EGT'",BAJO,0,,"Alerta tx 790 (folio 37693, cód RENHAB, monto -1772.04): | ctx: USUARIO_MODIFICACION: creado por 'ALM', modificado por 'EGT'"
666,13344,PROPTI,24.0,2021-10-08,True,False,False,,"USUARIO_MODIFICACION: creado por 'ALM', modificado por 'LBB'",BAJO,0,,"Alerta tx 666 (folio 13344, cód PROPTI, monto 24.00): | ctx: USUARIO_MODIFICACION: creado por 'ALM', modificado por 'LBB'"
233,98563,CANXFA,5499.28,2024-07-05,True,True,False,FUERA_DE_ESTANCIA | CONTEXTO_RESERVACION,,ALTO,55,"cargo_despues_checkout: fecha_cargo=2024-07-05, check-out=2024-07-04 | noches_inconsistentes: cargo=0, reserva=3.0","Alerta tx 233 (folio 98563, cód CANXFA, monto 5499.28): [FUERA_DE_ESTANCIA | CONTEXTO_RESERVACION] — cargo_despues_checkout: fecha_cargo=2024-07-05, check-out=2024-07-04; noches_inconsistentes: cargo=0, reserva=3.0"
523,44523,RENHAB,2206.0,2022-12-04,True,False,False,,"USUARIO_MODIFICACION: creado por 'EGT', modificado por 'NGA'",BAJO,0,,"Alerta tx 523 (folio 44523, cód RENHAB, monto 2206.00): | ctx: USUARIO_MODIFICACION: creado por 'EGT', modificado por 'NGA'"
269,115248,RENHAB,4041.88,2025-02-09,True,True,False,MONTO_ATIPICO,,MEDIO,25,"monto_atipico: monto_abs=4041.88, z=2.33 (umbral ±2.0) para código 'RENHAB'","Alerta tx 269 (folio 115248, cód RENHAB, monto 4041.88): [MONTO_ATIPICO] — monto_atipico: monto_abs=4041.88, z=2.33 (umbral ±2.0) para código 'RENHAB'"
1224,1507,PEREXT,-789.0,2021-03-27,True,False,False,,"USUARIO_MODIFICACION: creado por 'FJL', modificado por 'BEM'",BAJO,0,,"Alerta tx 1224 (folio 1507, cód PEREXT, monto -789.00): | ctx: USUARIO_MODIFICACION: creado por 'FJL', modificado por 'BEM'"
400,65681,PROPTI,13.2,2023-07-20,True,False,False,,"USUARIO_MODIFICACION: creado por 'EGT', modificado por 'OLN'",BAJO,0,,"Alerta tx 400 (folio 65681, cód PROPTI, monto 13.20): | ctx: USUARIO_MODIFICACION: creado por 'EGT', modificado por 'OLN'"
331,17715,PEREXT,735.72,2021-12-11,True,False,False,,"USUARIO_MODIFICACION: creado por 'EGT', modificado por 'AGH'",BAJO,0,,"Alerta tx 331 (folio 17715, cód PEREXT, monto 735.72): | ctx: USUARIO_MODIFICACION: creado por 'EGT', modificado por 'AGH'"
564,18586,RENHAB,0.0,2021-12-25,True,True,False,MONTO_ATIPICO,,MEDIO,25,"monto_atipico: monto_abs=0.00, z=-2.63 (umbral ±2.0) para código 'RENHAB'","Alerta tx 564 (folio 18586, cód RENHAB, monto 0.00): [MONTO_ATIPICO] — monto_atipico: monto_abs=0.00, z=-2.63 (umbral ±2.0) para código 'RENHAB'"
780,61934,PROPTI,52.8,2023-06-16,True,False,False,,"USUARIO_MODIFICACION: creado por 'EGT', modificado por 'GDM'",BAJO,0,,"Alerta tx 780 (folio 61934, cód PROPTI, monto 52.80): | ctx: USUARIO_MODIFICACION: creado por 'EGT', modificado por 'GDM'"
257,85081,RENHAB,527.4,2024-02-28,True,False,False,,"USUARIO_MODIFICACION: creado por 'EGT', modificado por 'MBJ'",BAJO,0,,"Alerta tx 257 (folio 85081, cód RENHAB, monto 527.40): | ctx: USUARIO_MODIFICACION: creado por 'EGT', modificado por 'MBJ'"
72,58881,CANXFA,17640.0,2024-10-22,True,True,False,MONTO_ATIPICO | CONTEXTO_RESERVACION,,MEDIO,45,"monto_atipico: monto_abs=17640.00, z=3.55 (umbral ±2.0) para código 'CANXFA' | sin_reservacion_en_codigo_habitual: código 'CANXFA'","Alerta tx 72 (folio 58881, cód CANXFA, monto 17640.00): [MONTO_ATIPICO | CONTEXTO_RESERVACION] — monto_atipico: monto_abs=17640.00, z=3.55 (umbral ±2.0) para código 'CANXFA'; sin_reservacion_en_codigo_habitual: código 'CANXFA'"
1853,4449,PROPTI,24.0,2021-05-08,True,False,False,,"USUARIO_MODIFICACION: creado por 'MCC', modificado por 'JML'",BAJO,0,,"Alerta tx 1853 (folio 4449, cód PROPTI, monto 24.00): | ctx: USUARIO_MODIFICACION: creado por 'MCC', modificado por 'JML'"
435,71023,PROPTI,52.8,2023-09-03,True,False,False,,"USUARIO_MODIFICACION: creado por 'EGT', modificado por 'OLN'",BAJO,0,,"Alerta tx 435 (folio 71023, cód PROPTI, monto 52.80): | ctx: USUARIO_MODIFICACION: creado por 'EGT', modificado por 'OLN'"
676,37968,PEREXT,1574.0,2022-08-19,True,False,False,,"USUARIO_MODIFICACION: creado por 'ALM', modificado por 'NGA'",BAJO,0,,"Alerta tx 676 (folio 37968, cód PEREXT, monto 1574.00): | ctx: USUARIO_MODIFICACION: creado por 'ALM', modificado por 'NGA'"
52,21087,EFE,15229.0,2022-01-28,True,True,False,MONTO_ATIPICO,,MEDIO,25,"monto_atipico: monto_abs=15229.00, z=2.82 (umbral ±2.0) para código 'EFE'","Alerta tx 52 (folio 21087, cód EFE, monto 15229.00): [MONTO_ATIPICO] — monto_atipico: monto_abs=15229.00, z=2.82 (umbral ±2.0) para código 'EFE'"
260,30944,PROPTI,24.0,2022-06-06,True,False,False,,"USUARIO_MODIFICACION: creado por 'ALM', modificado por 'RRN'",BAJO,0,,"Alerta tx 260 (folio 30944, cód PROPTI, monto 24.00): | ctx: USUARIO_MODIFICACION: creado por 'ALM', modificado por 'RRN'"
537,13681,PROPTI,48.0,2021-10-07,True,False,False,,"USUARIO_MODIFICACION: creado por 'ALM', modificado por 'HMR'",BAJO,0,,"Alerta tx 537 (folio 13681, cód PROPTI, monto 48.00): | ctx: USUARIO_MODIFICACION: creado por 'ALM', modificado por 'HMR'"
436,120961,RENHAB,4912.83,2025-04-14,True,True,False,MONTO_ATIPICO,,MEDIO,25,"monto_atipico: monto_abs=4912.83, z=3.39 (umbral ±2.0) para código 'RENHAB'","Alerta tx 436 (folio 120961, cód RENHAB, monto 4912.83): [MONTO_ATIPICO] — monto_atipico: monto_abs=4912.83, z=3.39 (umbral ±2.0) para código 'RENHAB'"
267,48904,PROPTI,48.0,2023-02-05,True,False,False,,"USUARIO_MODIFICACION: creado por 'EGT', modificado por 'RM2'",BAJO,0,,"Alerta tx 267 (folio 48904, cód PROPTI, monto 48.00): | ctx: USUARIO_MODIFICACION: creado por 'EGT', modificado por 'RM2'"
869,56528,PROPTI,52.8,2023-04-22,True,False,False,,"USUARIO_MODIFICACION: creado por 'JLS', modificado por 'RFR'",BAJO,0,,"Alerta tx 869 (folio 56528, cód PROPTI, monto 52.80): | ctx: USUARIO_MODIFICACION: creado por 'JLS', modificado por 'RFR'"
6,93826,XFAC,9140.78,2024-05-25,True,False,True,CONTEXTO_RESERVACION,,MEDIO,20,"noches_inconsistentes: cargo=0, reserva=3.0","Alerta tx 6 (folio 93826, cód XFAC, monto 9140.78): [CONTEXTO_RESERVACION] — noches_inconsistentes: cargo=0, reserva=3.0"
570,63647,RENHAB,2046.4,2023-06-27,True,False,False,,"USUARIO_MODIFICACION: creado por 'JLS', modificado por 'MBJ'",BAJO,0,,"Alerta tx 570 (folio 63647, cód RENHAB, monto 2046.40): | ctx: USUARIO_MODIFICACION: creado por 'JLS', modificado por 'MBJ'"
1024,3705,RENHAB,1445.25,2021-04-28,True,False,False,,"USUARIO_MODIFICACION: creado por 'MCC', modificado por 'JML'",BAJO,0,,"Alerta tx 1024 (folio 3705, cód RENHAB, monto 1445.25): | ctx: USUARIO_MODIFICACION: creado por 'MCC', modificado por 'JML'"
256,51852,RENHAB,2388.9,2023-03-13,True,False,False,,"USUARIO_MODIFICACION: creado por 'EGT', modificado por 'CEV'",BAJO,0,,"Alerta tx 256 (folio 51852, cód RENHAB, monto 2388.90): | ctx: USUARIO_MODIFICACION: creado por 'EGT', modificado por 'CEV'"
169,65690,RENHAB,3342.71,2023-07-22,True,True,False,CANCELACION_SOSPECHOSA,"USUARIO_MODIFICACION: creado por 'EGT', modificado por 'RFR' (monto alto)",MEDIO,25,cancelacion_monto_alto: monto cancelado=3342.71,"Alerta tx 169 (folio 65690, cód RENHAB, monto 3342.71): [CANCELACION_SOSPECHOSA] — cancelacion_monto_alto: monto cancelado=3342.71 — | ctx: USUARIO_MODIFICACION: creado por 'EGT', modificado por 'RFR' (monto alto)"
18,121130,AJALEV,1430.0,2025-04-18,True,True,False,PAGO_PROVEEDOR_SOSPECHOSO,,MEDIO,30,referencia_poco_frecuente: 'A32433' (1 veces),"Alerta tx 18 (folio 121130, cód AJALEV, monto 1430.00): [PAGO_PROVEEDOR_SOSPECHOSO] — referencia_poco_frecuente: 'A32433' (1 veces)"
744,18178,PROPTI,48.0,2021-12-20,True,False,False,,"USUARIO_MODIFICACION: creado por 'ALM', modificado por 'EGT'",BAJO,0,,"Alerta tx 744 (folio 18178, cód PROPTI, monto 48.00): | ctx: USUARIO_MODIFICACION: creado por 'ALM', modificado por 'EGT'"
768,60280,PROPTI,26.4,2023-05-28,True,False,False,,"USUARIO_MODIFICACION: creado por 'EGT', modificado por 'OLN'",BAJO,0,,"Alerta tx 768 (folio 60280, cód PROPTI, monto 26.40): | ctx: USUARIO_MODIFICACION: creado por 'EGT', modificado por 'OLN'"
762,60963,RENHAB,0.0,2023-06-03,True,True,False,MONTO_ATIPICO,,MEDIO,25,"monto_atipico: monto_abs=0.00, z=-2.63 (umbral ±2.0) para código 'RENHAB'","Alerta tx 762 (folio 60963, cód RENHAB, monto 0.00): [MONTO_ATIPICO] — monto_atipico: monto_abs=0.00, z=-2.63 (umbral ±2.0) para código 'RENHAB'"
815,130129,RENHAB,-2821.94,2025-07-18,True,False,False,,"USUARIO_MODIFICACION: creado por 'EGT', modificado por 'CEV' (monto alto)",BAJO,0,,"Alerta tx 815 (folio 130129, cód RENHAB, monto -2821.94): | ctx: USUARIO_MODIFICACION: creado por 'EGT', modificado por 'CEV' (monto alto)"
837,80276,PROPTI,52.8,2024-01-03,True,False,False,,"USUARIO_MODIFICACION: creado por 'JLS', modificado por 'MCZ'",BAJO,0,,"Alerta tx 837 (folio 80276, cód PROPTI, monto 52.80): | ctx: USUARIO_MODIFICACION: creado por 'JLS', modificado por 'MCZ'"
742,66173,RENHAB,-2127.27,2023-07-23,True,False,False,,"USUARIO_MODIFICACION: creado por 'EGT', modificado por 'MCZ'",BAJO,0,,"Alerta tx 742 (folio 66173, cód RENHAB, monto -2127.27): | ctx: USUARIO_MODIFICACION: creado por 'EGT', modificado por 'MCZ'"
301,99605,RENHAB,1156.44,2024-07-16,True,False,False,,"USUARIO_MODIFICACION: creado por 'EGT', modificado por 'RFR'",BAJO,0,,"Alerta tx 301 (folio 99605, cód RENHAB, monto 1156.44): | ctx: USUARIO_MODIFICACION: creado por 'EGT', modificado por 'RFR'"
884,90630,PROPTI,58.08,2024-04-19,True,False,False,,"USUARIO_MODIFICACION: creado por 'VN2', modificado por 'RFR'",BAJO,0,,"Alerta tx 884 (folio 90630, cód PROPTI, monto 58.08): | ctx: USUARIO_MODIFICACION: creado por 'VN2', modificado por 'RFR'"
147,102264,RENHAB,3828.96,2024-08-12,True,True,False,MONTO_ATIPICO,,MEDIO,25,"monto_atipico: monto_abs=3828.96, z=2.07 (umbral ±2.0) para código 'RENHAB'","Alerta tx 147 (folio 102264, cód RENHAB, monto 3828.96): [MONTO_ATIPICO] — monto_atipico: monto_abs=3828.96, z=2.07 (umbral ±2.0) para código 'RENHAB'"
288,83127,RENHAB,-3430.74,2024-02-07,True,True,False,CANCELACION_SOSPECHOSA,"USUARIO_MODIFICACION: creado por 'EGT', modificado por 'CMG' (monto alto)",MEDIO,25,cancelacion_monto_alto: monto cancelado=3430.74,"Alerta tx 288 (folio 83127, cód RENHAB, monto -3430.74): [CANCELACION_SOSPECHOSA] — cancelacion_monto_alto: monto cancelado=3430.74 — | ctx: USUARIO_MODIFICACION: creado por 'EGT', modificado por 'CMG' (monto alto)"
89,104000,AJCUPN,-4250.0,2024-09-14,True,True,False,FUERA_DE_ESTANCIA | CANCELACION_SOSPECHOSA | CONTEXTO_RESERVACION,,CRITICO,80,"cargo_despues_checkout: fecha_cargo=2024-09-14, check-out=2024-09-12 | cancelacion_monto_alto: monto cancelado=4250.00 | noches_inconsistentes: cargo=0, reserva=3.0","Alerta tx 89 (folio 104000, cód AJCUPN, monto -4250.00): [FUERA_DE_ESTANCIA | CANCELACION_SOSPECHOSA | CONTEXTO_RESERVACION] — cargo_despues_checkout: fecha_cargo=2024-09-14, check-out=2024-09-12; cancelacion_monto_alto: monto cancelado=4250.00; noches_inconsistentes: cargo=0, reserva=3.0"
352,65388,RENHAB,2300.8,2023-07-16,True,False,False,,"USUARIO_MODIFICACION: creado por 'EGT', modificado por 'RFR'",BAJO,0,,"Alerta tx 352 (folio 65388, cód RENHAB, monto 2300.80): | ctx: USUARIO_MODIFICACION: creado por 'EGT', modificado por 'RFR'"
458,45427,RENHAB,1606.0,2022-12-19,True,False,False,,"USUARIO_MODIFICACION: creado por 'EGT', modificado por 'NGA'",BAJO,0,,"Alerta tx 458 (folio 45427, cód RENHAB, monto 1606.00): | ctx: USUARIO_MODIFICACION: creado por 'EGT', modificado por 'NGA'"
17,136585,RESDEP,35000.0,2025-09-26,True,True,False,MONTO_ATIPICO,,MEDIO,25,"monto_atipico: monto_abs=35000.00, z=3.40 (umbral ±2.0) para código 'RESDEP'","Alerta tx 17 (folio 136585, cód RESDEP, monto 35000.00): [MONTO_ATIPICO] — monto_atipico: monto_abs=35000.00, z=3.40 (umbral ±2.0) para código 'RESDEP'"
419,113327,RENHAB,2532.88,2025-01-12,True,False,False,,"USUARIO_MODIFICACION: creado por 'EGT', modificado por 'OLN' (monto alto)",BAJO,0,,"Alerta tx 419 (folio 113327, cód RENHAB, monto 2532.88): | ctx: USUARIO_MODIFICACION: creado por 'EGT', modificado por 'OLN' (monto alto)"
526,89437,RENHAB,1862.88,2024-04-10,True,False,False,,"USUARIO_MODIFICACION: creado por 'EGT', modificado por 'OLN'",BAJO,0,,"Alerta tx 526 (folio 89437, cód RENHAB, monto 1862.88): | ctx: USUARIO_MODIFICACION: creado por 'EGT', modificado por 'OLN'"
585,120318,RENHAB,-2547.18,2025-04-07,True,False,False,,"USUARIO_MODIFICACION: creado por 'DOB', modificado por 'MBJ' (monto alto)",BAJO,0,,"Alerta tx 585 (folio 120318, cód RENHAB, monto -2547.18): | ctx: USUARIO_MODIFICACION: creado por 'DOB', modificado por 'MBJ' (monto alto)"
995,13681,PROPTI,-48.0,2021-10-09,True,False,False,,"USUARIO_MODIFICACION: creado por 'ALM', modificado por 'HMR'",BAJO,0,,"Alerta tx 995 (folio 13681, cód PROPTI, monto -48.00): | ctx: USUARIO_MODIFICACION: creado por 'ALM', modificado por 'HMR'"
754,54191,PROPTI,-79.2,2023-04-04,True,True,False,CANCELACION_SOSPECHOSA,"USUARIO_MODIFICACION: creado por 'EGT', modificado por 'CEV'",MEDIO,25,cancelacion_monto_alto: monto cancelado=79.20,"Alerta tx 754 (folio 54191, cód PROPTI, monto -79.20): [CANCELACION_SOSPECHOSA] — cancelacion_monto_alto: monto cancelado=79.20 — | ctx: USUARIO_MODIFICACION: creado por 'EGT', modificado por 'CEV'"
711,30203,RENHAB,-1155.92,2022-05-26,True,False,False,,"USUARIO_MODIFICACION: creado por 'ALM', modificado por 'EGT'",BAJO,0,,"Alerta tx 711 (folio 30203, cód RENHAB, monto -1155.92): | ctx: USUARIO_MODIFICACION: creado por 'ALM', modificado por 'EGT'"
90,104,CUPON,927.74,2021-03-12,True,True,False,FUERA_DE_ESTANCIA,,MEDIO,35,"cargo_despues_checkout: fecha_cargo=2021-03-12, check-out=2021-03-06","Alerta tx 90 (folio 104, cód CUPON, monto 927.74): [FUERA_DE_ESTANCIA] — cargo_despues_checkout: fecha_cargo=2021-03-12, check-out=2021-03-06"
541,57798,RENHAB,0.0,2023-05-03,True,True,False,MONTO_ATIPICO,,MEDIO,25,"monto_atipico: monto_abs=0.00, z=-2.63 (umbral ±2.0) para código 'RENHAB'","Alerta tx 541 (folio 57798, cód RENHAB, monto 0.00): [MONTO_ATIPICO] — monto_atipico: monto_abs=0.00, z=-2.63 (umbral ±2.0) para código 'RENHAB'"
329,143332,RENHAB,4469.88,2025-12-30,True,True,False,MONTO_ATIPICO,,MEDIO,25,"monto_atipico: monto_abs=4469.88, z=2.85 (umbral ±2.0) para código 'RENHAB'","Alerta tx 329 (folio 143332, cód RENHAB, monto 4469.88): [MONTO_ATIPICO] — monto_atipico: monto_abs=4469.88, z=2.85 (umbral ±2.0) para código 'RENHAB'"
779,32660,PEREXT,741.75,2022-06-27,True,False,False,,"USUARIO_MODIFICACION: creado por 'ALM', modificado por 'RRN'",BAJO,0,,"Alerta tx 779 (folio 32660, cód PEREXT, monto 741.75): | ctx: USUARIO_MODIFICACION: creado por 'ALM', modificado por 'RRN'"
4,124484,RENCOM,3650.0,2025-05-17,True,True,False,MONTO_ATIPICO,,MEDIO,25,"monto_atipico: monto_abs=3650.00, z=2.46 (umbral ±2.0) para código 'RENCOM'","Alerta tx 4 (folio 124484, cód RENCOM, monto 3650.00): [MONTO_ATIPICO] — monto_atipico: monto_abs=3650.00, z=2.46 (umbral ±2.0) para código 'RENCOM'"
88,110631,DEPHAB,19500.0,2024-12-13,True,True,False,MONTO_ATIPICO,,MEDIO,25,"monto_atipico: monto_abs=19500.00, z=2.15 (umbral ±2.0) para código 'DEPHAB'","Alerta tx 88 (folio 110631, cód DEPHAB, monto 19500.00): [MONTO_ATIPICO] — monto_atipico: monto_abs=19500.00, z=2.15 (umbral ±2.0) para código 'DEPHAB'"
1261,352,CANCXC,-4479.15,2021-03-12,True,True,False,FUERA_DE_ESTANCIA | CANCELACION_SOSPECHOSA | CONTEXTO_RESERVACION,"USUARIO_MODIFICACION: creado por 'ALM', modificado por 'FJL' (monto alto)",CRITICO,80,"cargo_despues_checkout: fecha_cargo=2021-03-12, check-out=2021-03-10 | folio_alto_ratio_cancelaciones: 75% de movimientos cancelados | noches_inconsistentes: cargo=0, reserva=3.0","Alerta tx 1261 (folio 352, cód CANCXC, monto -4479.15): [FUERA_DE_ESTANCIA | CANCELACION_SOSPECHOSA | CONTEXTO_RESERVACION] — cargo_despues_checkout: fecha_cargo=2021-03-12, check-out=2021-03-10; folio_alto_ratio_cancelaciones: 75% de movimientos cancelados; noches_inconsistentes: cargo=0, reserva=3.0 — | ctx: USUARIO_MODIFICACION: creado por 'ALM', modificado por 'FJL' (monto alto)"
728,76733,PROPTI,52.8,2023-11-19,True,False,False,,"USUARIO_MODIFICACION: creado por 'EGT', modificado por 'OLN'",BAJO,0,,"Alerta tx 728 (folio 76733, cód PROPTI, monto 52.80): | ctx: USUARIO_MODIFICACION: creado por 'EGT', modificado por 'OLN'"
539,146372,RENHAB,6585.33,2026-01-31,True,True,False,MONTO_ATIPICO | CANCELACION_SOSPECHOSA,"USUARIO_MODIFICACION: creado por 'CQ3', modificado por 'AQX' (monto alto)",ALTO,50,"monto_atipico: monto_abs=6585.33, z=5.45 (umbral ±2.0) para código 'RENHAB' | cancelacion_monto_alto: monto cancelado=6585.33","Alerta tx 539 (folio 146372, cód RENHAB, monto 6585.33): [MONTO_ATIPICO | CANCELACION_SOSPECHOSA] — monto_atipico: monto_abs=6585.33, z=5.45 (umbral ±2.0) para código 'RENHAB'; cancelacion_monto_alto: monto cancelado=6585.33 — | ctx: USUARIO_MODIFICACION: creado por 'CQ3', modificado por 'AQX' (monto alto)"
337,6367,RENHAB,1986.5,2021-06-10,True,False,False,,"USUARIO_MODIFICACION: creado por 'MCC', modificado por 'RFR'",BAJO,0,,"Alerta tx 337 (folio 6367, cód RENHAB, monto 1986.50): | ctx: USUARIO_MODIFICACION: creado por 'MCC', modificado por 'RFR'"
46,112210,TARCRE,10121.79,2025-01-03,True,True,False,CANCELACION_SOSPECHOSA,"USUARIO_MODIFICACION: creado por 'NO0', modificado por 'EGT' (monto alto)",MEDIO,25,cancelacion_monto_alto: monto cancelado=10121.79,"Alerta tx 46 (folio 112210, cód TARCRE, monto 10121.79): [CANCELACION_SOSPECHOSA] — cancelacion_monto_alto: monto cancelado=10121.79 — | ctx: USUARIO_MODIFICACION: creado por 'NO0', modificado por 'EGT' (monto alto)"
431,64436,RENHAB,1720.8,2023-07-05,True,False,False,,"USUARIO_MODIFICACION: creado por 'EGT', modificado por 'CMG'",BAJO,0,,"Alerta tx 431 (folio 64436, cód RENHAB, monto 1720.80): | ctx: USUARIO_MODIFICACION: creado por 'EGT', modificado por 'CMG'"
204,57651,CANCXC,3996.0,2023-05-05,True,True,False,FUERA_DE_ESTANCIA,,MEDIO,35,"cargo_despues_checkout: fecha_cargo=2023-05-05, check-out=2023-05-04","Alerta tx 204 (folio 57651, cód CANCXC, monto 3996.00): [FUERA_DE_ESTANCIA] — cargo_despues_checkout: fecha_cargo=2023-05-05, check-out=2023-05-04"
408,120078,PROPTI,29.04,2025-04-04,True,False,False,,"USUARIO_MODIFICACION: creado por 'EGT', modificado por 'RFR'",BAJO,0,,"Alerta tx 408 (folio 120078, cód PROPTI, monto 29.04): | ctx: USUARIO_MODIFICACION: creado por 'EGT', modificado por 'RFR'"
1577,3276,RENHAB,1764.67,2021-04-21,True,False,False,,"USUARIO_MODIFICACION: creado por 'FJL', modificado por 'KJG'",BAJO,0,,"Alerta tx 1577 (folio 3276, cód RENHAB, monto 1764.67): | ctx: USUARIO_MODIFICACION: creado por 'FJL', modificado por 'KJG'"
160,135154,RENHAB,0.0,2025-09-04,True,True,False,MONTO_ATIPICO,,MEDIO,25,"monto_atipico: monto_abs=0.00, z=-2.63 (umbral ±2.0) para código 'RENHAB'","Alerta tx 160 (folio 135154, cód RENHAB, monto 0.00): [MONTO_ATIPICO] — monto_atipico: monto_abs=0.00, z=-2.63 (umbral ±2.0) para código 'RENHAB'"
98,36875,EFE,60.0,2022-08-06,True,False,False,,"USUARIO_MODIFICACION: creado por 'RFR', modificado por 'ALM'",BAJO,0,,"Alerta tx 98 (folio 36875, cód EFE, monto 60.00): | ctx: USUARIO_MODIFICACION: creado por 'RFR', modificado por 'ALM'"
248,111261,RENHAB,2634.47,2024-12-22,True,False,False,,"USUARIO_MODIFICACION: creado por 'EGT', modificado por 'NYB' (monto alto)",BAJO,0,,"Alerta tx 248 (folio 111261, cód RENHAB, monto 2634.47): | ctx: USUARIO_MODIFICACION: creado por 'EGT', modificado por 'NYB' (monto alto)"
694,14816,RENHAB,-2804.62,2021-10-29,True,False,False,,"USUARIO_MODIFICACION: creado por 'ALM', modificado por 'JEO' (monto alto)",BAJO,0,,"Alerta tx 694 (folio 14816, cód RENHAB, monto -2804.62): | ctx: USUARIO_MODIFICACION: creado por 'ALM', modificado por 'JEO' (monto alto)"
96,28535,DEPHAB,37600.0,2022-05-04,True,True,False,MONTO_ATIPICO,,MEDIO,25,"monto_atipico: monto_abs=37600.00, z=4.98 (umbral ±2.0) para código 'DEPHAB'","Alerta tx 96 (folio 28535, cód DEPHAB, monto 37600.00): [MONTO_ATIPICO] — monto_atipico: monto_abs=37600.00, z=4.98 (umbral ±2.0) para código 'DEPHAB'"
15,48067,CANXFA,5729.36,2023-01-26,True,True,False,FUERA_DE_ESTANCIA,,MEDIO,35,"cargo_despues_checkout: fecha_cargo=2023-01-26, check-out=2023-01-22","Alerta tx 15 (folio 48067, cód CANXFA, monto 5729.36): [FUERA_DE_ESTANCIA] — cargo_despues_checkout: fecha_cargo=2023-01-26, check-out=2023-01-22"
229,86028,PROPTI,14.52,2024-03-13,True,False,False,,"USUARIO_MODIFICACION: creado por 'EGT', modificado por 'RFR'",BAJO,0,,"Alerta tx 229 (folio 86028, cód PROPTI, monto 14.52): | ctx: USUARIO_MODIFICACION: creado por 'EGT', modificado por 'RFR'"
867,30207,PROPTI,24.0,2022-05-27,True,False,False,,"USUARIO_MODIFICACION: creado por 'ALM', modificado por 'EGT'",BAJO,0,,"Alerta tx 867 (folio 30207, cód PROPTI, monto 24.00): | ctx: USUARIO_MODIFICACION: creado por 'ALM', modificado por 'EGT'"
509,128713,RENHAB,-2560.94,2025-06-29,True,False,False,,"USUARIO_MODIFICACION: creado por 'DOB', modificado por 'NJM' (monto alto)",BAJO,0,,"Alerta tx 509 (folio 128713, cód RENHAB, monto -2560.94): | ctx: USUARIO_MODIFICACION: creado por 'DOB', modificado por 'NJM' (monto alto)"
131,47696,TARCRE,-3279.5,2023-01-20,True,False,False,,"USUARIO_MODIFICACION: creado por 'RAM', modificado por 'ALM' (monto alto)",BAJO,0,,"Alerta tx 131 (folio 47696, cód TARCRE, monto -3279.50): | ctx: USUARIO_MODIFICACION: creado por 'RAM', modificado por 'ALM' (monto alto)"
614,74726,PROPTI,105.6,2023-10-28,True,True,False,MONTO_ATIPICO | CANCELACION_SOSPECHOSA,"USUARIO_MODIFICACION: creado por 'JLS', modificado por 'RM2'",ALTO,50,"monto_atipico: monto_abs=105.60, z=2.85 (umbral ±2.0) para código 'PROPTI' | cancelacion_monto_alto: monto cancelado=105.60","Alerta tx 614 (folio 74726, cód PROPTI, monto 105.60): [MONTO_ATIPICO | CANCELACION_SOSPECHOSA] — monto_atipico: monto_abs=105.60, z=2.85 (umbral ±2.0) para código 'PROPTI'; cancelacion_monto_alto: monto cancelado=105.60 — | ctx: USUARIO_MODIFICACION: creado por 'JLS', modificado por 'RM2'"
488,14739,PROPTI,0.0,2021-10-29,True,True,False,MONTO_ATIPICO,,MEDIO,25,"monto_atipico: monto_abs=0.00, z=-2.03 (umbral ±2.0) para código 'PROPTI'","Alerta tx 488 (folio 14739, cód PROPTI, monto 0.00): [MONTO_ATIPICO] — monto_atipico: monto_abs=0.00, z=-2.03 (umbral ±2.0) para código 'PROPTI'"
838,45714,RENHAB,-2929.5,2022-12-26,True,False,False,,"USUARIO_MODIFICACION: creado por 'EGT', modificado por 'NGA' (monto alto)",BAJO,0,,"Alerta tx 838 (folio 45714, cód RENHAB, monto -2929.50): | ctx: USUARIO_MODIFICACION: creado por 'EGT', modificado por 'NGA' (monto alto)"
531,17676,PEREXT,804.0,2021-12-14,True,False,False,,"USUARIO_MODIFICACION: creado por 'ALM', modificado por 'AGH'",BAJO,0,,"Alerta tx 531 (folio 17676, cód PEREXT, monto 804.00): | ctx: USUARIO_MODIFICACION: creado por 'ALM', modificado por 'AGH'"
572,90194,RENHAB,-2170.71,2024-04-17,True,False,False,,"USUARIO_MODIFICACION: creado por 'EGT', modificado por 'RFR'",BAJO,0,,"Alerta tx 572 (folio 90194, cód RENHAB, monto -2170.71): | ctx: USUARIO_MODIFICACION: creado por 'EGT', modificado por 'RFR'"
44,9684,TRANSF,25000.0,2021-07-29,True,True,False,MONTO_ATIPICO,,MEDIO,25,"monto_atipico: monto_abs=25000.00, z=2.42 (umbral ±2.0) para código 'TRANSF'","Alerta tx 44 (folio 9684, cód TRANSF, monto 25000.00): [MONTO_ATIPICO] — monto_atipico: monto_abs=25000.00, z=2.42 (umbral ±2.0) para código 'TRANSF'"
782,130652,CANXFA,-4642.12,2025-07-29,True,True,False,FUERA_DE_ESTANCIA | CONTEXTO_RESERVACION,,ALTO,55,"cargo_despues_checkout: fecha_cargo=2025-07-29, check-out=2025-07-26 | noches_inconsistentes: cargo=0, reserva=3.0","Alerta tx 782 (folio 130652, cód CANXFA, monto -4642.12): [FUERA_DE_ESTANCIA | CONTEXTO_RESERVACION] — cargo_despues_checkout: fecha_cargo=2025-07-29, check-out=2025-07-26; noches_inconsistentes: cargo=0, reserva=3.0"
962,97694,PROPTI,-14.52,2024-06-28,True,False,False,,"USUARIO_MODIFICACION: creado por 'VN2', modificado por 'CEV'",BAJO,0,,"Alerta tx 962 (folio 97694, cód PROPTI, monto -14.52): | ctx: USUARIO_MODIFICACION: creado por 'VN2', modificado por 'CEV'"
370,13742,PROPTI,48.0,2021-10-12,True,False,False,,"USUARIO_MODIFICACION: creado por 'ALM', modificado por 'JEO'",BAJO,0,,"Alerta tx 370 (folio 13742, cód PROPTI, monto 48.00): | ctx: USUARIO_MODIFICACION: creado por 'ALM', modificado por 'JEO'"
350,59459,RENHAB,0.0,2023-05-24,True,True,False,MONTO_ATIPICO,,MEDIO,25,"monto_atipico: monto_abs=0.00, z=-2.63 (umbral ±2.0) para código 'RENHAB'","Alerta tx 350 (folio 59459, cód RENHAB, monto 0.00): [MONTO_ATIPICO] — monto_atipico: monto_abs=0.00, z=-2.63 (umbral ±2.0) para código 'RENHAB'"
455,12044,RENHAB,1527.69,2021-09-11,True,False,False,,"USUARIO_MODIFICACION: creado por 'ALM', modificado por 'JEO'",BAJO,0,,"Alerta tx 455 (folio 12044, cód RENHAB, monto 1527.69): | ctx: USUARIO_MODIFICACION: creado por 'ALM', modificado por 'JEO'"
381,2846,RENHAB,1818.55,2021-04-13,True,False,False,,"USUARIO_MODIFICACION: creado por 'ALM', modificado por 'LBB'",BAJO,0,,"Alerta tx 381 (folio 2846, cód RENHAB, monto 1818.55): | ctx: USUARIO_MODIFICACION: creado por 'ALM', modificado por 'LBB'"
251,11045,PROPTI,48.0,2021-08-21,True,False,False,,"USUARIO_MODIFICACION: creado por 'ALM', modificado por 'RFR'",BAJO,0,,"Alerta tx 251 (folio 11045, cód PROPTI, monto 48.00): | ctx: USUARIO_MODIFICACION: creado por 'ALM', modificado por 'RFR'"
292,71879,RENHAB,1932.46,2023-09-17,True,False,False,,"USUARIO_MODIFICACION: creado por 'EGT', modificado por 'RFR'",BAJO,0,,"Alerta tx 292 (folio 71879, cód RENHAB, monto 1932.46): | ctx: USUARIO_MODIFICACION: creado por 'EGT', modificado por 'RFR'"
794,28086,PROPTI,-12.0,2022-04-30,True,False,False,,"USUARIO_MODIFICACION: creado por 'AGH', modificado por 'ALM'",BAJO,0,,"Alerta tx 794 (folio 28086, cód PROPTI, monto -12.00): | ctx: USUARIO_MODIFICACION: creado por 'AGH', modificado por 'ALM'"
873,87402,PROPTI,29.04,2024-03-23,True,False,False,,"USUARIO_MODIFICACION: creado por 'EGT', modificado por 'CMG'",BAJO,0,,"Alerta tx 873 (folio 87402, cód PROPTI, monto 29.04): | ctx: USUARIO_MODIFICACION: creado por 'EGT', modificado por 'CMG'"
485,133567,RENHAB,4076.36,2025-08-17,True,True,False,MONTO_ATIPICO,,MEDIO,25,"monto_atipico: monto_abs=4076.36, z=2.37 (umbral ±2.0) para código 'RENHAB'","Alerta tx 485 (folio 133567, cód RENHAB, monto 4076.36): [MONTO_ATIPICO] — monto_atipico: monto_abs=4076.36, z=2.37 (umbral ±2.0) para código 'RENHAB'"
538,126838,RENHAB,3042.87,2025-06-06,True,True,False,CANCELACION_SOSPECHOSA,"USUARIO_MODIFICACION: creado por 'DOB', modificado por 'RFR' (monto alto)",MEDIO,25,cancelacion_monto_alto: monto cancelado=3042.87,"Alerta tx 538 (folio 126838, cód RENHAB, monto 3042.87): [CANCELACION_SOSPECHOSA] — cancelacion_monto_alto: monto cancelado=3042.87 — | ctx: USUARIO_MODIFICACION: creado por 'DOB', modificado por 'RFR' (monto alto)"
984,1593,PROPTI,24.0,2021-03-27,True,False,False,,"USUARIO_MODIFICACION: creado por 'FJL', modificado por 'LBB'",BAJO,0,,"Alerta tx 984 (folio 1593, cód PROPTI, monto 24.00): | ctx: USUARIO_MODIFICACION: creado por 'FJL', modificado por 'LBB'"
332,121573,RENHAB,4673.99,2025-04-20,True,True,False,MONTO_ATIPICO,,MEDIO,25,"monto_atipico: monto_abs=4673.99, z=3.10 (umbral ±2.0) para código 'RENHAB'","Alerta tx 332 (folio 121573, cód RENHAB, monto 4673.99): [MONTO_ATIPICO] — monto_atipico: monto_abs=4673.99, z=3.10 (umbral ±2.0) para código 'RENHAB'"
504,87626,PROPTI,116.16,2024-03-24,True,True,False,MONTO_ATIPICO,,MEDIO,25,"monto_atipico: monto_abs=116.16, z=3.34 (umbral ±2.0) para código 'PROPTI'","Alerta tx 504 (folio 87626, cód PROPTI, monto 116.16): [MONTO_ATIPICO] — monto_atipico: monto_abs=116.16, z=3.34 (umbral ±2.0) para código 'PROPTI'"
988,18712,PROPTI,-72.0,2021-12-27,True,True,False,CANCELACION_SOSPECHOSA,"USUARIO_MODIFICACION: creado por 'ALM', modificado por 'AGH'",MEDIO,25,cancelacion_monto_alto: monto cancelado=72.00,"Alerta tx 988 (folio 18712, cód PROPTI, monto -72.00): [CANCELACION_SOSPECHOSA] — cancelacion_monto_alto: monto cancelado=72.00 — | ctx: USUARIO_MODIFICACION: creado por 'ALM', modificado por 'AGH'"
935,16289,RENHAB,-3057.48,2021-11-19,True,True,False,CANCELACION_SOSPECHOSA,"USUARIO_MODIFICACION: creado por 'EGT', modificado por 'LBB' (monto alto)",MEDIO,25,cancelacion_monto_alto: monto cancelado=3057.48,"Alerta tx 935 (folio 16289, cód RENHAB, monto -3057.48): [CANCELACION_SOSPECHOSA] — cancelacion_monto_alto: monto cancelado=3057.48 — | ctx: USUARIO_MODIFICACION: creado por 'EGT', modificado por 'LBB' (monto alto)"
514,8689,RENHAB,4117.0,2021-07-19,True,True,False,MONTO_ATIPICO,,MEDIO,25,"monto_atipico: monto_abs=4117.00, z=2.42 (umbral ±2.0) para código 'RENHAB'","Alerta tx 514 (folio 8689, cód RENHAB, monto 4117.00): [MONTO_ATIPICO] — monto_atipico: monto_abs=4117.00, z=2.42 (umbral ±2.0) para código 'RENHAB'"
92,103255,RENHAB,0.0,2024-08-26,True,True,False,MONTO_ATIPICO,,MEDIO,25,"monto_atipico: monto_abs=0.00, z=-2.63 (umbral ±2.0) para código 'RENHAB'","Alerta tx 92 (folio 103255, cód RENHAB, monto 0.00): [MONTO_ATIPICO] — monto_atipico: monto_abs=0.00, z=-2.63 (umbral ±2.0) para código 'RENHAB'"
385,77986,PROPTI,-52.8,2023-12-03,True,False,False,,"USUARIO_MODIFICACION: creado por 'EGT', modificado por 'MCZ'",BAJO,0,,"Alerta tx 385 (folio 77986, cód PROPTI, monto -52.80): | ctx: USUARIO_MODIFICACION: creado por 'EGT', modificado por 'MCZ'"
472,51241,PROPTI,79.2,2023-03-02,True,True,False,CANCELACION_SOSPECHOSA,"USUARIO_MODIFICACION: creado por 'EGT', modificado por 'CEV'",MEDIO,25,cancelacion_monto_alto: monto cancelado=79.20,"Alerta tx 472 (folio 51241, cód PROPTI, monto 79.20): [CANCELACION_SOSPECHOSA] — cancelacion_monto_alto: monto cancelado=79.20 — | ctx: USUARIO_MODIFICACION: creado por 'EGT', modificado por 'CEV'"
1026,54379,PEREXT,2022.0,2023-04-06,True,False,False,,"USUARIO_MODIFICACION: creado por 'EGT', modificado por 'MBJ'",BAJO,0,,"Alerta tx 1026 (folio 54379, cód PEREXT, monto 2022.00): | ctx: USUARIO_MODIFICACION: creado por 'EGT', modificado por 'MBJ'"
162,48650,RENHAB,1774.68,2023-02-02,True,False,False,,"USUARIO_MODIFICACION: creado por 'EGT', modificado por 'ALM'",BAJO,0,,"Alerta tx 162 (folio 48650, cód RENHAB, monto 1774.68): | ctx: USUARIO_MODIFICACION: creado por 'EGT', modificado por 'ALM'"
1513,3905,RENHAB,0.0,2021-04-30,True,True,False,MONTO_ATIPICO,,MEDIO,25,"monto_atipico: monto_abs=0.00, z=-2.63 (umbral ±2.0) para código 'RENHAB'","Alerta tx 1513 (folio 3905, cód RENHAB, monto 0.00): [MONTO_ATIPICO] — monto_atipico: monto_abs=0.00, z=-2.63 (umbral ±2.0) para código 'RENHAB'"
296,83106,PROPTI,-52.8,2024-02-07,True,False,False,,"USUARIO_MODIFICACION: creado por 'EGT', modificado por 'CEV'",BAJO,0,,"Alerta tx 296 (folio 83106, cód PROPTI, monto -52.80): | ctx: USUARIO_MODIFICACION: creado por 'EGT', modificado por 'CEV'"
177,4945,RENHAB,1347.0,2021-05-15,True,False,False,,"USUARIO_MODIFICACION: creado por 'MCC', modificado por 'JML'",BAJO,0,,"Alerta tx 177 (folio 4945, cód RENHAB, monto 1347.00): | ctx: USUARIO_MODIFICACION: creado por 'MCC', modificado por 'JML'"
949,108224,PROPTI,58.08,2024-11-16,True,False,False,,"USUARIO_MODIFICACION: creado por 'ISU', modificado por 'MBJ'",BAJO,0,,"Alerta tx 949 (folio 108224, cód PROPTI, monto 58.08): | ctx: USUARIO_MODIFICACION: creado por 'ISU', modificado por 'MBJ'"
692,117742,RENHAB,2758.89,2025-03-08,True,False,False,,"USUARIO_MODIFICACION: creado por 'EGT', modificado por 'EEN' (monto alto)",BAJO,0,,"Alerta tx 692 (folio 117742, cód RENHAB, monto 2758.89): | ctx: USUARIO_MODIFICACION: creado por 'EGT', modificado por 'EEN' (monto alto)"
639,54042,RENHAB,0.0,2023-04-04,True,True,False,MONTO_ATIPICO,,MEDIO,25,"monto_atipico: monto_abs=0.00, z=-2.63 (umbral ±2.0) para código 'RENHAB'","Alerta tx 639 (folio 54042, cód RENHAB, monto 0.00): [MONTO_ATIPICO] — monto_atipico: monto_abs=0.00, z=-2.63 (umbral ±2.0) para código 'RENHAB'"
7,101600,RENCOM,0.01,2024-08-08,True,False,True,CONTEXTO_RESERVACION,,MEDIO,20,"noches_inconsistentes: cargo=0, reserva=3.0","Alerta tx 7 (folio 101600, cód RENCOM, monto 0.01): [CONTEXTO_RESERVACION] — noches_inconsistentes: cargo=0, reserva=3.0"
615,55655,RENHAB,3916.69,2023-04-14,True,True,False,MONTO_ATIPICO,,MEDIO,25,"monto_atipico: monto_abs=3916.69, z=2.17 (umbral ±2.0) para código 'RENHAB'","Alerta tx 615 (folio 55655, cód RENHAB, monto 3916.69): [MONTO_ATIPICO] — monto_atipico: monto_abs=3916.69, z=2.17 (umbral ±2.0) para código 'RENHAB'"
364,5295,RENHAB,1806.55,2021-05-23,True,False,False,,"USUARIO_MODIFICACION: creado por 'MCC', modificado por 'JML'",BAJO,0,,"Alerta tx 364 (folio 5295, cód RENHAB, monto 1806.55): | ctx: USUARIO_MODIFICACION: creado por 'MCC', modificado por 'JML'"
51,43754,TARCRE,17142.57,2022-11-22,True,True,False,MONTO_ATIPICO,,MEDIO,25,"monto_atipico: monto_abs=17142.57, z=2.94 (umbral ±2.0) para código 'TARCRE'","Alerta tx 51 (folio 43754, cód TARCRE, monto 17142.57): [MONTO_ATIPICO] — monto_atipico: monto_abs=17142.57, z=2.94 (umbral ±2.0) para código 'TARCRE'"
192,10870,RENHAB,1197.12,2021-08-15,True,False,False,,"USUARIO_MODIFICACION: creado por 'ALM', modificado por 'LBB'",BAJO,0,,"Alerta tx 192 (folio 10870, cód RENHAB, monto 1197.12): | ctx: USUARIO_MODIFICACION: creado por 'ALM', modificado por 'LBB'"
863,98932,RENHAB,0.0,2024-07-12,True,True,False,MONTO_ATIPICO,,MEDIO,25,"monto_atipico: monto_abs=0.00, z=-2.63 (umbral ±2.0) para código 'RENHAB'","Alerta tx 863 (folio 98932, cód RENHAB, monto 0.00): [MONTO_ATIPICO] — monto_atipico: monto_abs=0.00, z=-2.63 (umbral ±2.0) para código 'RENHAB'"
813,124898,PROPTI,-58.08,2025-05-19,True,False,False,,"USUARIO_MODIFICACION: creado por 'DOB', modificado por 'EGT'",BAJO,0,,"Alerta tx 813 (folio 124898, cód PROPTI, monto -58.08): | ctx: USUARIO_MODIFICACION: creado por 'DOB', modificado por 'EGT'"
719,104288,RENHAB,3912.15,2024-09-15,True,True,False,MONTO_ATIPICO,"USUARIO_MODIFICACION: creado por 'EGT', modificado por 'CEV' (monto alto)",MEDIO,25,"monto_atipico: monto_abs=3912.15, z=2.17 (umbral ±2.0) para código 'RENHAB'","Alerta tx 719 (folio 104288, cód RENHAB, monto 3912.15): [MONTO_ATIPICO] — monto_atipico: monto_abs=3912.15, z=2.17 (umbral ±2.0) para código 'RENHAB' — | ctx: USUARIO_MODIFICACION: creado por 'EGT', modificado por 'CEV' (monto alto)"
461,13344,RENHAB,1288.0,2021-10-07,True,False,False,,"USUARIO_MODIFICACION: creado por 'ALM', modificado por 'LBB'",BAJO,0,,"Alerta tx 461 (folio 13344, cód RENHAB, monto 1288.00): | ctx: USUARIO_MODIFICACION: creado por 'ALM', modificado por 'LBB'"
581,33342,RENHAB,-1577.77,2022-07-05,True,False,False,,"USUARIO_MODIFICACION: creado por 'ALM', modificado por 'NGA'",BAJO,0,,"Alerta tx 581 (folio 33342, cód RENHAB, monto -1577.77): | ctx: USUARIO_MODIFICACION: creado por 'ALM', modificado por 'NGA'"
786,8722,PROPTI,72.0,2021-07-17,True,True,False,CANCELACION_SOSPECHOSA,"USUARIO_MODIFICACION: creado por 'MCC', modificado por 'RFR'",MEDIO,25,cancelacion_monto_alto: monto cancelado=72.00,"Alerta tx 786 (folio 8722, cód PROPTI, monto 72.00): [CANCELACION_SOSPECHOSA] — cancelacion_monto_alto: monto cancelado=72.00 — | ctx: USUARIO_MODIFICACION: creado por 'MCC', modificado por 'RFR'"
432,72539,PROPTI,13.2,2023-09-25,True,False,False,,"USUARIO_MODIFICACION: creado por 'EGT', modificado por 'MBJ'",BAJO,0,,"Alerta tx 432 (folio 72539, cód PROPTI, monto 13.20): | ctx: USUARIO_MODIFICACION: creado por 'EGT', modificado por 'MBJ'"
512,58788,RENHAB,-2152.2,2023-05-14,True,False,False,,"USUARIO_MODIFICACION: creado por 'EGT', modificado por 'CMG'",BAJO,0,,"Alerta tx 512 (folio 58788, cód RENHAB, monto -2152.20): | ctx: USUARIO_MODIFICACION: creado por 'EGT', modificado por 'CMG'"
831,5694,PROPTI,-72.0,2021-05-29,True,True,False,CANCELACION_SOSPECHOSA,"USUARIO_MODIFICACION: creado por 'MCC', modificado por 'JML'",MEDIO,25,cancelacion_monto_alto: monto cancelado=72.00,"Alerta tx 831 (folio 5694, cód PROPTI, monto -72.00): [CANCELACION_SOSPECHOSA] — cancelacion_monto_alto: monto cancelado=72.00 — | ctx: USUARIO_MODIFICACION: creado por 'MCC', modificado por 'JML'"
393,15549,MENEXT,185.0,2021-11-10,True,False,False,,"USUARIO_MODIFICACION: creado por 'ALM', modificado por 'RFR'",BAJO,0,,"Alerta tx 393 (folio 15549, cód MENEXT, monto 185.00): | ctx: USUARIO_MODIFICACION: creado por 'ALM', modificado por 'RFR'"
1870,1129,PROPTI,-72.0,2021-03-20,True,True,False,CANCELACION_SOSPECHOSA,"USUARIO_MODIFICACION: creado por 'FJL', modificado por 'NCR'",MEDIO,25,cancelacion_monto_alto: monto cancelado=72.00,"Alerta tx 1870 (folio 1129, cód PROPTI, monto -72.00): [CANCELACION_SOSPECHOSA] — cancelacion_monto_alto: monto cancelado=72.00 — | ctx: USUARIO_MODIFICACION: creado por 'FJL', modificado por 'NCR'"
842,133419,PROPTI,-14.52,2025-08-17,True,False,False,,"USUARIO_MODIFICACION: creado por 'DOB', modificado por 'CEV'",BAJO,0,,"Alerta tx 842 (folio 133419, cód PROPTI, monto -14.52): | ctx: USUARIO_MODIFICACION: creado por 'DOB', modificado por 'CEV'"
627,33889,MENEXT,789.0,2022-07-12,True,False,False,,"USUARIO_MODIFICACION: creado por 'ALM', modificado por 'NGA'",BAJO,0,,"Alerta tx 627 (folio 33889, cód MENEXT, monto 789.00): | ctx: USUARIO_MODIFICACION: creado por 'ALM', modificado por 'NGA'"
195,46167,DEPHAB,37000.0,2022-12-29,True,True,False,MONTO_ATIPICO,,MEDIO,25,"monto_atipico: monto_abs=37000.00, z=4.89 (umbral ±2.0) para código 'DEPHAB'","Alerta tx 195 (folio 46167, cód DEPHAB, monto 37000.00): [MONTO_ATIPICO] — monto_atipico: monto_abs=37000.00, z=4.89 (umbral ±2.0) para código 'DEPHAB'"
825,7700,PROPTI,12.0,2021-07-02,True,False,False,,"USUARIO_MODIFICACION: creado por 'MCC', modificado por 'RFR'",BAJO,0,,"Alerta tx 825 (folio 7700, cód PROPTI, monto 12.00): | ctx: USUARIO_MODIFICACION: creado por 'MCC', modificado por 'RFR'"
1008,23023,PROPTI,48.0,2022-02-25,True,False,False,,"USUARIO_MODIFICACION: creado por 'AGH', modificado por 'EGT'",BAJO,0,,"Alerta tx 1008 (folio 23023, cód PROPTI, monto 48.00): | ctx: USUARIO_MODIFICACION: creado por 'AGH', modificado por 'EGT'"
899,6048,PROPTI,12.0,2021-06-04,True,False,False,,"USUARIO_MODIFICACION: creado por 'MCC', modificado por 'RFR'",BAJO,0,,"Alerta tx 899 (folio 6048, cód PROPTI, monto 12.00): | ctx: USUARIO_MODIFICACION: creado por 'MCC', modificado por 'RFR'"
11,5780,CANXFA,4327.94,2021-05-31,True,True,False,FUERA_DE_ESTANCIA,,MEDIO,35,"cargo_despues_checkout: fecha_cargo=2021-05-31, check-out=2021-05-28","Alerta tx 11 (folio 5780, cód CANXFA, monto 4327.94): [FUERA_DE_ESTANCIA] — cargo_despues_checkout: fecha_cargo=2021-05-31, check-out=2021-05-28"
415,30222,PROPTI,48.0,2022-05-27,True,False,False,,"USUARIO_MODIFICACION: creado por 'ALM', modificado por 'EGT'",BAJO,0,,"Alerta tx 415 (folio 30222, cód PROPTI, monto 48.00): | ctx: USUARIO_MODIFICACION: creado por 'ALM', modificado por 'EGT'"
562,132831,RENHAB,-2332.36,2025-08-14,True,False,False,,"USUARIO_MODIFICACION: creado por 'DOB', modificado por 'MYB'",BAJO,0,,"Alerta tx 562 (folio 132831, cód RENHAB, monto -2332.36): | ctx: USUARIO_MODIFICACION: creado por 'DOB', modificado por 'MYB'"
546,7483,RENHAB,-2478.66,2021-06-29,True,False,False,,"USUARIO_MODIFICACION: creado por 'ALM', modificado por 'RFR'",BAJO,0,,"Alerta tx 546 (folio 7483, cód RENHAB, monto -2478.66): | ctx: USUARIO_MODIFICACION: creado por 'ALM', modificado por 'RFR'"
447,136218,PROPTI,58.08,2025-09-19,True,False,False,,"USUARIO_MODIFICACION: creado por 'EGT', modificado por 'MYD'",BAJO,0,,"Alerta tx 447 (folio 136218, cód PROPTI, monto 58.08): | ctx: USUARIO_MODIFICACION: creado por 'EGT', modificado por 'MYD'"
19,87095,CANXFA,11793.65,2024-03-21,True,True,False,FUERA_DE_ESTANCIA | CONTEXTO_RESERVACION,,ALTO,55,"cargo_despues_checkout: fecha_cargo=2024-03-21, check-out=2024-03-20 | noches_inconsistentes: cargo=0, reserva=4.0","Alerta tx 19 (folio 87095, cód CANXFA, monto 11793.65): [FUERA_DE_ESTANCIA | CONTEXTO_RESERVACION] — cargo_despues_checkout: fecha_cargo=2024-03-21, check-out=2024-03-20; noches_inconsistentes: cargo=0, reserva=4.0"
330,13629,PROPTI,48.0,2021-10-09,True,False,False,,"USUARIO_MODIFICACION: creado por 'ALM', modificado por 'HMR'",BAJO,0,,"Alerta tx 330 (folio 13629, cód PROPTI, monto 48.00): | ctx: USUARIO_MODIFICACION: creado por 'ALM', modificado por 'HMR'"
845,114650,PROPTI,-87.12,2025-02-01,True,True,False,CANCELACION_SOSPECHOSA,"USUARIO_MODIFICACION: creado por 'EGT', modificado por 'RM2'",MEDIO,25,cancelacion_monto_alto: monto cancelado=87.12,"Alerta tx 845 (folio 114650, cód PROPTI, monto -87.12): [CANCELACION_SOSPECHOSA] — cancelacion_monto_alto: monto cancelado=87.12 — | ctx: USUARIO_MODIFICACION: creado por 'EGT', modificado por 'RM2'"
282,15539,PROPTI,72.0,2021-11-10,True,True,False,CANCELACION_SOSPECHOSA,"USUARIO_MODIFICACION: creado por 'ALM', modificado por 'RFR'",MEDIO,25,cancelacion_monto_alto: monto cancelado=72.00,"Alerta tx 282 (folio 15539, cód PROPTI, monto 72.00): [CANCELACION_SOSPECHOSA] — cancelacion_monto_alto: monto cancelado=72.00 — | ctx: USUARIO_MODIFICACION: creado por 'ALM', modificado por 'RFR'"
620,122018,PROPTI,87.12,2025-04-24,True,True,False,CANCELACION_SOSPECHOSA,"USUARIO_MODIFICACION: creado por 'DOB', modificado por 'MBJ'",MEDIO,25,cancelacion_monto_alto: monto cancelado=87.12,"Alerta tx 620 (folio 122018, cód PROPTI, monto 87.12): [CANCELACION_SOSPECHOSA] — cancelacion_monto_alto: monto cancelado=87.12 — | ctx: USUARIO_MODIFICACION: creado por 'DOB', modificado por 'MBJ'"
917,96811,RENHAB,2760.88,2024-06-17,True,False,False,,"USUARIO_MODIFICACION: creado por 'EGT', modificado por 'CEV' (monto alto)",BAJO,0,,"Alerta tx 917 (folio 96811, cód RENHAB, monto 2760.88): | ctx: USUARIO_MODIFICACION: creado por 'EGT', modificado por 'CEV' (monto alto)"
702,39513,RENHAB,2352.99,2022-09-09,True,False,False,,"USUARIO_MODIFICACION: creado por 'EGT', modificado por 'NGA'",BAJO,0,,"Alerta tx 702 (folio 39513, cód RENHAB, monto 2352.99): | ctx: USUARIO_MODIFICACION: creado por 'EGT', modificado por 'NGA'"
910,6914,RENHAB,1667.0,2021-06-18,True,False,False,,"USUARIO_MODIFICACION: creado por 'MCC', modificado por 'RFR'",BAJO,0,,"Alerta tx 910 (folio 6914, cód RENHAB, monto 1667.00): | ctx: USUARIO_MODIFICACION: creado por 'MCC', modificado por 'RFR'"
323,101529,RENHAB,0.0,2024-08-06,True,True,False,MONTO_ATIPICO,,MEDIO,25,"monto_atipico: monto_abs=0.00, z=-2.63 (umbral ±2.0) para código 'RENHAB'","Alerta tx 323 (folio 101529, cód RENHAB, monto 0.00): [MONTO_ATIPICO] — monto_atipico: monto_abs=0.00, z=-2.63 (umbral ±2.0) para código 'RENHAB'"
5,46110,XFAC,13694.56,2023-01-02,True,True,False,MONTO_ATIPICO | CONTEXTO_RESERVACION,,MEDIO,45,"monto_atipico: monto_abs=13694.56, z=2.56 (umbral ±2.0) para código 'XFAC' | noches_inconsistentes: cargo=0, reserva=4.0","Alerta tx 5 (folio 46110, cód XFAC, monto 13694.56): [MONTO_ATIPICO | CONTEXTO_RESERVACION] — monto_atipico: monto_abs=13694.56, z=2.56 (umbral ±2.0) para código 'XFAC'; noches_inconsistentes: cargo=0, reserva=4.0"
54,131275,RENAJU,0.41,2025-07-31,True,False,True,CONTEXTO_RESERVACION,,MEDIO,20,"noches_inconsistentes: cargo=0, reserva=3.0","Alerta tx 54 (folio 131275, cód RENAJU, monto 0.41): [CONTEXTO_RESERVACION] — noches_inconsistentes: cargo=0, reserva=3.0"
206,107824,PROPTI,14.52,2024-11-11,True,False,False,,"USUARIO_MODIFICACION: creado por 'ISU', modificado por 'MBJ'",BAJO,0,,"Alerta tx 206 (folio 107824, cód PROPTI, monto 14.52): | ctx: USUARIO_MODIFICACION: creado por 'ISU', modificado por 'MBJ'"
999,54090,PEREXT,1551.0,2023-04-03,True,False,False,,"USUARIO_MODIFICACION: creado por 'EGT', modificado por 'AB9'",BAJO,0,,"Alerta tx 999 (folio 54090, cód PEREXT, monto 1551.00): | ctx: USUARIO_MODIFICACION: creado por 'EGT', modificado por 'AB9'"
406,27481,PROPTI,72.0,2022-04-20,True,True,False,CANCELACION_SOSPECHOSA,"USUARIO_MODIFICACION: creado por 'AGH', modificado por 'EGT'",MEDIO,25,cancelacion_monto_alto: monto cancelado=72.00,"Alerta tx 406 (folio 27481, cód PROPTI, monto 72.00): [CANCELACION_SOSPECHOSA] — cancelacion_monto_alto: monto cancelado=72.00 — | ctx: USUARIO_MODIFICACION: creado por 'AGH', modificado por 'EGT'"
784,9825,RENHAB,2182.0,2021-07-30,True,False,False,,"USUARIO_MODIFICACION: creado por 'MCC', modificado por 'KJG'",BAJO,0,,"Alerta tx 784 (folio 9825, cód RENHAB, monto 2182.00): | ctx: USUARIO_MODIFICACION: creado por 'MCC', modificado por 'KJG'"
477,58085,PROPTI,52.8,2023-05-06,True,False,False,,"USUARIO_MODIFICACION: creado por 'EGT', modificado por 'CMG'",BAJO,0,,"Alerta tx 477 (folio 58085, cód PROPTI, monto 52.80): | ctx: USUARIO_MODIFICACION: creado por 'EGT', modificado por 'CMG'"
163,76955,CANXFA,600.0,2023-11-20,True,True,False,FUERA_DE_ESTANCIA,,MEDIO,35,"cargo_despues_checkout: fecha_cargo=2023-11-20, check-out=2023-11-02","Alerta tx 163 (folio 76955, cód CANXFA, monto 600.00): [FUERA_DE_ESTANCIA] — cargo_despues_checkout: fecha_cargo=2023-11-20, check-out=2023-11-02"
390,9891,PROPTI,72.0,2021-07-31,True,True,False,CANCELACION_SOSPECHOSA,"USUARIO_MODIFICACION: creado por 'MCC', modificado por 'IEP'",MEDIO,25,cancelacion_monto_alto: monto cancelado=72.00,"Alerta tx 390 (folio 9891, cód PROPTI, monto 72.00): [CANCELACION_SOSPECHOSA] — cancelacion_monto_alto: monto cancelado=72.00 — | ctx: USUARIO_MODIFICACION: creado por 'MCC', modificado por 'IEP'"
630,36005,PROPTI,-24.0,2022-07-31,True,False,False,,"USUARIO_MODIFICACION: creado por 'ALM', modificado por 'RFR'",BAJO,0,,"Alerta tx 630 (folio 36005, cód PROPTI, monto -24.00): | ctx: USUARIO_MODIFICACION: creado por 'ALM', modificado por 'RFR'"
1199,1817,PROPTI,48.0,2021-03-29,True,False,False,,"USUARIO_MODIFICACION: creado por 'FJL', modificado por 'NCR'",BAJO,0,,"Alerta tx 1199 (folio 1817, cód PROPTI, monto 48.00): | ctx: USUARIO_MODIFICACION: creado por 'FJL', modificado por 'NCR'"
915,89163,PROPTI,14.52,2024-04-05,True,False,False,,"USUARIO_MODIFICACION: creado por 'EGT', modificado por 'RFR'",BAJO,0,,"Alerta tx 915 (folio 89163, cód PROPTI, monto 14.52): | ctx: USUARIO_MODIFICACION: creado por 'EGT', modificado por 'RFR'"
25,27931,CANXFA,9066.66,2022-04-26,True,True,False,FUERA_DE_ESTANCIA | CONTEXTO_RESERVACION,,ALTO,55,"cargo_despues_checkout: fecha_cargo=2022-04-26, check-out=2022-04-22 | noches_inconsistentes: cargo=0, reserva=4.0","Alerta tx 25 (folio 27931, cód CANXFA, monto 9066.66): [FUERA_DE_ESTANCIA | CONTEXTO_RESERVACION] — cargo_despues_checkout: fecha_cargo=2022-04-26, check-out=2022-04-22; noches_inconsistentes: cargo=0, reserva=4.0"
1659,3423,RENHAB,977.5,2021-04-21,True,False,False,,"USUARIO_MODIFICACION: creado por 'FJL', modificado por 'KJG'",BAJO,0,,"Alerta tx 1659 (folio 3423, cód RENHAB, monto 977.50): | ctx: USUARIO_MODIFICACION: creado por 'FJL', modificado por 'KJG'"
818,101368,PROPTI,58.08,2024-08-02,True,False,False,,"USUARIO_MODIFICACION: creado por 'VN2', modificado por 'RFR'",BAJO,0,,"Alerta tx 818 (folio 101368, cód PROPTI, monto 58.08): | ctx: USUARIO_MODIFICACION: creado por 'VN2', modificado por 'RFR'"
277,107082,PROPTI,116.16,2024-10-31,True,True,False,MONTO_ATIPICO,,MEDIO,25,"monto_atipico: monto_abs=116.16, z=3.34 (umbral ±2.0) para código 'PROPTI'","Alerta tx 277 (folio 107082, cód PROPTI, monto 116.16): [MONTO_ATIPICO] — monto_atipico: monto_abs=116.16, z=3.34 (umbral ±2.0) para código 'PROPTI'"
729,107522,PROPTI,-58.08,2024-11-09,True,False,False,,"USUARIO_MODIFICACION: creado por 'ISU', modificado por 'CEV'",BAJO,0,,"Alerta tx 729 (folio 107522, cód PROPTI, monto -58.08): | ctx: USUARIO_MODIFICACION: creado por 'ISU', modificado por 'CEV'"
365,13644,PROPTI,-24.0,2021-10-12,True,False,False,,"USUARIO_MODIFICACION: creado por 'ALM', modificado por 'JEO'",BAJO,0,,"Alerta tx 365 (folio 13644, cód PROPTI, monto -24.00): | ctx: USUARIO_MODIFICACION: creado por 'ALM', modificado por 'JEO'"
700,46496,PROPTI,0.0,2023-01-03,True,True,False,MONTO_ATIPICO,,MEDIO,25,"monto_atipico: monto_abs=0.00, z=-2.03 (umbral ±2.0) para código 'PROPTI'","Alerta tx 700 (folio 46496, cód PROPTI, monto 0.00): [MONTO_ATIPICO] — monto_atipico: monto_abs=0.00, z=-2.03 (umbral ±2.0) para código 'PROPTI'"
1875,1092,PROPTI,48.0,2021-03-20,True,False,False,,"USUARIO_MODIFICACION: creado por 'FJL', modificado por 'LBB'",BAJO,0,,"Alerta tx 1875 (folio 1092, cód PROPTI, monto 48.00): | ctx: USUARIO_MODIFICACION: creado por 'FJL', modificado por 'LBB'"
625,15421,RENHAB,-1451.11,2021-11-08,True,False,False,,"USUARIO_MODIFICACION: creado por 'ALM', modificado por 'RFR'",BAJO,0,,"Alerta tx 625 (folio 15421, cód RENHAB, monto -1451.11): | ctx: USUARIO_MODIFICACION: creado por 'ALM', modificado por 'RFR'"
628,18704,RENHAB,-5024.58,2022-01-01,True,True,False,MONTO_ATIPICO | CANCELACION_SOSPECHOSA,"USUARIO_MODIFICACION: creado por 'ALM', modificado por 'AGH' (monto alto)",ALTO,50,"monto_atipico: monto_abs=5024.58, z=3.53 (umbral ±2.0) para código 'RENHAB' | cancelacion_monto_alto: monto cancelado=5024.58","Alerta tx 628 (folio 18704, cód RENHAB, monto -5024.58): [MONTO_ATIPICO | CANCELACION_SOSPECHOSA] — monto_atipico: monto_abs=5024.58, z=3.53 (umbral ±2.0) para código 'RENHAB'; cancelacion_monto_alto: monto cancelado=5024.58 — | ctx: USUARIO_MODIFICACION: creado por 'ALM', modificado por 'AGH' (monto alto)"
226,113372,RENHAB,-2493.88,2025-01-15,True,False,False,,"USUARIO_MODIFICACION: creado por 'EGT', modificado por 'RFR'",BAJO,0,,"Alerta tx 226 (folio 113372, cód RENHAB, monto -2493.88): | ctx: USUARIO_MODIFICACION: creado por 'EGT', modificado por 'RFR'"
747,142268,TRANSF,3192.0,2025-12-12,True,False,True,CONTEXTO_RESERVACION,"USUARIO_MODIFICACION: creado por 'PFV', modificado por 'CEV' (monto alto)",MEDIO,20,"noches_inconsistentes: cargo=0, reserva=3.0","Alerta tx 747 (folio 142268, cód TRANSF, monto 3192.00): [CONTEXTO_RESERVACION] — noches_inconsistentes: cargo=0, reserva=3.0 — | ctx: USUARIO_MODIFICACION: creado por 'PFV', modificado por 'CEV' (monto alto)"
682,4925,PROPTI,-48.0,2021-05-15,True,False,False,,"USUARIO_MODIFICACION: creado por 'MCC', modificado por 'JML'",BAJO,0,,"Alerta tx 682 (folio 4925, cód PROPTI, monto -48.00): | ctx: USUARIO_MODIFICACION: creado por 'MCC', modificado por 'JML'"
478,48383,PROPTI,-48.0,2023-01-31,True,False,False,,"USUARIO_MODIFICACION: creado por 'EGT', modificado por 'CEV'",BAJO,0,,"Alerta tx 478 (folio 48383, cód PROPTI, monto -48.00): | ctx: USUARIO_MODIFICACION: creado por 'EGT', modificado por 'CEV'"
140,119026,RENHAB,0.0,2025-03-25,True,True,False,MONTO_ATIPICO,,MEDIO,25,"monto_atipico: monto_abs=0.00, z=-2.63 (umbral ±2.0) para código 'RENHAB'","Alerta tx 140 (folio 119026, cód RENHAB, monto 0.00): [MONTO_ATIPICO] — monto_atipico: monto_abs=0.00, z=-2.63 (umbral ±2.0) para código 'RENHAB'"
457,12783,PROPTI,-48.0,2021-09-27,True,False,False,,"USUARIO_MODIFICACION: creado por 'ALM', modificado por 'RFR'",BAJO,0,,"Alerta tx 457 (folio 12783, cód PROPTI, monto -48.00): | ctx: USUARIO_MODIFICACION: creado por 'ALM', modificado por 'RFR'"
540,2456,PROPTI,72.0,2021-04-08,True,True,False,CANCELACION_SOSPECHOSA,"USUARIO_MODIFICACION: creado por 'ALM', modificado por 'RFR'",MEDIO,25,cancelacion_monto_alto: monto cancelado=72.00,"Alerta tx 540 (folio 2456, cód PROPTI, monto 72.00): [CANCELACION_SOSPECHOSA] — cancelacion_monto_alto: monto cancelado=72.00 — | ctx: USUARIO_MODIFICACION: creado por 'ALM', modificado por 'RFR'"
30,132211,RENAJU,516.51,2025-09-03,True,True,False,FUERA_DE_ESTANCIA,,MEDIO,35,"cargo_despues_checkout: fecha_cargo=2025-09-03, check-out=2025-08-07","Alerta tx 30 (folio 132211, cód RENAJU, monto 516.51): [FUERA_DE_ESTANCIA] — cargo_despues_checkout: fecha_cargo=2025-09-03, check-out=2025-08-07"
632,46284,RENHAB,0.0,2022-12-31,True,True,False,MONTO_ATIPICO,,MEDIO,25,"monto_atipico: monto_abs=0.00, z=-2.63 (umbral ±2.0) para código 'RENHAB'","Alerta tx 632 (folio 46284, cód RENHAB, monto 0.00): [MONTO_ATIPICO] — monto_atipico: monto_abs=0.00, z=-2.63 (umbral ±2.0) para código 'RENHAB'"
861,17197,PROPTI,48.0,2021-12-04,True,False,False,,"USUARIO_MODIFICACION: creado por 'EGT', modificado por 'AGH'",BAJO,0,,"Alerta tx 861 (folio 17197, cód PROPTI, monto 48.00): | ctx: USUARIO_MODIFICACION: creado por 'EGT', modificado por 'AGH'"
429,34032,PROPTI,24.0,2022-07-12,True,False,False,,"USUARIO_MODIFICACION: creado por 'ALM', modificado por 'RRN'",BAJO,0,,"Alerta tx 429 (folio 34032, cód PROPTI, monto 24.00): | ctx: USUARIO_MODIFICACION: creado por 'ALM', modificado por 'RRN'"
693,3091,PROPTI,-96.0,2021-04-17,True,True,False,MONTO_ATIPICO | CANCELACION_SOSPECHOSA,"USUARIO_MODIFICACION: creado por 'FJL', modificado por 'KJG'",ALTO,50,"monto_atipico: monto_abs=96.00, z=2.41 (umbral ±2.0) para código 'PROPTI' | cancelacion_monto_alto: monto cancelado=96.00","Alerta tx 693 (folio 3091, cód PROPTI, monto -96.00): [MONTO_ATIPICO | CANCELACION_SOSPECHOSA] — monto_atipico: monto_abs=96.00, z=2.41 (umbral ±2.0) para código 'PROPTI'; cancelacion_monto_alto: monto cancelado=96.00 — | ctx: USUARIO_MODIFICACION: creado por 'FJL', modificado por 'KJG'"
62,5473,TARDEB,4804.0,2021-05-25,True,False,False,,"USUARIO_MODIFICACION: creado por 'IEP', modificado por 'BEM' (monto alto)",BAJO,0,,"Alerta tx 62 (folio 5473, cód TARDEB, monto 4804.00): | ctx: USUARIO_MODIFICACION: creado por 'IEP', modificado por 'BEM' (monto alto)"
410,106781,RENHAB,1747.92,2024-10-28,True,False,False,,"USUARIO_MODIFICACION: creado por 'EGT', modificado por 'AB9'",BAJO,0,,"Alerta tx 410 (folio 106781, cód RENHAB, monto 1747.92): | ctx: USUARIO_MODIFICACION: creado por 'EGT', modificado por 'AB9'"
577,2431,PROPTI,48.0,2021-04-06,True,False,False,,"USUARIO_MODIFICACION: creado por 'ALM', modificado por 'RFR'",BAJO,0,,"Alerta tx 577 (folio 2431, cód PROPTI, monto 48.00): | ctx: USUARIO_MODIFICACION: creado por 'ALM', modificado por 'RFR'"
530,3908,AJPEXT,954.0,2021-04-29,True,False,False,,"USUARIO_MODIFICACION: creado por 'MCC', modificado por 'FJL'",BAJO,0,,"Alerta tx 530 (folio 3908, cód AJPEXT, monto 954.00): | ctx: USUARIO_MODIFICACION: creado por 'MCC', modificado por 'FJL'"
158,131363,CANXFA,7317.14,2025-07-29,True,True,False,FUERA_DE_ESTANCIA | CONTEXTO_RESERVACION,,ALTO,55,"cargo_despues_checkout: fecha_cargo=2025-07-29, check-out=2025-07-21 | noches_inconsistentes: cargo=0, reserva=3.0","Alerta tx 158 (folio 131363, cód CANXFA, monto 7317.14): [FUERA_DE_ESTANCIA | CONTEXTO_RESERVACION] — cargo_despues_checkout: fecha_cargo=2025-07-29, check-out=2025-07-21; noches_inconsistentes: cargo=0, reserva=3.0"
264,47334,PROPTI,12.0,2023-01-17,True,False,False,,"USUARIO_MODIFICACION: creado por 'ALM', modificado por 'NGA'",BAJO,0,,"Alerta tx 264 (folio 47334, cód PROPTI, monto 12.00): | ctx: USUARIO_MODIFICACION: creado por 'ALM', modificado por 'NGA'"
179,27604,TRANSF,27899.84,2022-04-21,True,True,False,MONTO_ATIPICO,,MEDIO,25,"monto_atipico: monto_abs=27899.84, z=2.81 (umbral ±2.0) para código 'TRANSF'","Alerta tx 179 (folio 27604, cód TRANSF, monto 27899.84): [MONTO_ATIPICO] — monto_atipico: monto_abs=27899.84, z=2.81 (umbral ±2.0) para código 'TRANSF'"
143,14228,RENHAB,0.0,2021-10-23,True,True,False,MONTO_ATIPICO,,MEDIO,25,"monto_atipico: monto_abs=0.00, z=-2.63 (umbral ±2.0) para código 'RENHAB'","Alerta tx 143 (folio 14228, cód RENHAB, monto 0.00): [MONTO_ATIPICO] — monto_atipico: monto_abs=0.00, z=-2.63 (umbral ±2.0) para código 'RENHAB'"
707,15862,RENHAB,1669.72,2021-11-16,True,True,False,DUPLICADO | CANCELACION_SOSPECHOSA,"USUARIO_MODIFICACION: creado por 'ALM', modificado por 'AGH'",ALTO,65,duplicado_exacto: 2 veces el mismo folio/código/monto/habitación/fecha | folio_alto_ratio_cancelaciones: 100% de movimientos cancelados,"Alerta tx 707 (folio 15862, cód RENHAB, monto 1669.72): [DUPLICADO | CANCELACION_SOSPECHOSA] — duplicado_exacto: 2 veces el mismo folio/código/monto/habitación/fecha; folio_alto_ratio_cancelaciones: 100% de movimientos cancelados — | ctx: USUARIO_MODIFICACION: creado por 'ALM', modificado por 'AGH'"
496,147113,RENHAB,-2953.9,2026-02-09,True,False,False,,"USUARIO_MODIFICACION: creado por 'CQ3', modificado por 'EOG' (monto alto)",BAJO,0,,"Alerta tx 496 (folio 147113, cód RENHAB, monto -2953.90): | ctx: USUARIO_MODIFICACION: creado por 'CQ3', modificado por 'EOG' (monto alto)"
524,73439,PROPTI,105.6,2023-10-06,True,True,False,MONTO_ATIPICO,,MEDIO,25,"monto_atipico: monto_abs=105.60, z=2.85 (umbral ±2.0) para código 'PROPTI'","Alerta tx 524 (folio 73439, cód PROPTI, monto 105.60): [MONTO_ATIPICO] — monto_atipico: monto_abs=105.60, z=2.85 (umbral ±2.0) para código 'PROPTI'"
460,148991,RENHAB,2779.81,2026-03-06,True,False,False,,"USUARIO_MODIFICACION: creado por 'EGT', modificado por 'EOG' (monto alto)",BAJO,0,,"Alerta tx 460 (folio 148991, cód RENHAB, monto 2779.81): | ctx: USUARIO_MODIFICACION: creado por 'EGT', modificado por 'EOG' (monto alto)"
1001,10438,PROPTI,-48.0,2021-08-07,True,False,False,,"USUARIO_MODIFICACION: creado por 'MCC', modificado por 'JEO'",BAJO,0,,"Alerta tx 1001 (folio 10438, cód PROPTI, monto -48.00): | ctx: USUARIO_MODIFICACION: creado por 'MCC', modificado por 'JEO'"
40,137943,PEREXT,1276.75,2025-10-20,True,False,True,CONTEXTO_RESERVACION,,MEDIO,20,"noches_inconsistentes: cargo=0, reserva=4.0","Alerta tx 40 (folio 137943, cód PEREXT, monto 1276.75): [CONTEXTO_RESERVACION] — noches_inconsistentes: cargo=0, reserva=4.0"
1184,859,RENHAB,-1860.0,2021-03-18,True,False,False,,"USUARIO_MODIFICACION: creado por 'FJL', modificado por 'LBB'",BAJO,0,,"Alerta tx 1184 (folio 859, cód RENHAB, monto -1860.00): | ctx: USUARIO_MODIFICACION: creado por 'FJL', modificado por 'LBB'"
326,135418,PROPTI,14.52,2025-09-07,True,False,False,,"USUARIO_MODIFICACION: creado por 'DOB', modificado por 'EGT'",BAJO,0,,"Alerta tx 326 (folio 135418, cód PROPTI, monto 14.52): | ctx: USUARIO_MODIFICACION: creado por 'DOB', modificado por 'EGT'"
598,6102,RENHAB,-1162.34,2021-06-07,True,False,False,,"USUARIO_MODIFICACION: creado por 'MCC', modificado por 'RFR'",BAJO,0,,"Alerta tx 598 (folio 6102, cód RENHAB, monto -1162.34): | ctx: USUARIO_MODIFICACION: creado por 'MCC', modificado por 'RFR'"
108,8598,TARCRE,18595.11,2021-07-14,True,True,False,MONTO_ATIPICO,,MEDIO,25,"monto_atipico: monto_abs=18595.11, z=3.30 (umbral ±2.0) para código 'TARCRE'","Alerta tx 108 (folio 8598, cód TARCRE, monto 18595.11): [MONTO_ATIPICO] — monto_atipico: monto_abs=18595.11, z=3.30 (umbral ±2.0) para código 'TARCRE'"
545,786,RENHAB,1922.0,2021-03-15,True,False,False,,"USUARIO_MODIFICACION: creado por 'FJL', modificado por 'KJG'",BAJO,0,,"Alerta tx 545 (folio 786, cód RENHAB, monto 1922.00): | ctx: USUARIO_MODIFICACION: creado por 'FJL', modificado por 'KJG'"
931,48796,RENHAB,1834.0,2023-02-04,True,False,False,,"USUARIO_MODIFICACION: creado por 'EGT', modificado por 'RM2'",BAJO,0,,"Alerta tx 931 (folio 48796, cód RENHAB, monto 1834.00): | ctx: USUARIO_MODIFICACION: creado por 'EGT', modificado por 'RM2'"
116,8715,RENHAB,1829.33,2021-07-18,True,False,False,,"USUARIO_MODIFICACION: creado por 'MCC', modificado por 'KJG'",BAJO,0,,"Alerta tx 116 (folio 8715, cód RENHAB, monto 1829.33): | ctx: USUARIO_MODIFICACION: creado por 'MCC', modificado por 'KJG'"
1923,352,CANCXC,-2192.82,2021-03-11,True,True,False,FUERA_DE_ESTANCIA | CANCELACION_SOSPECHOSA,"USUARIO_MODIFICACION: creado por 'ALM', modificado por 'FJL'",ALTO,60,"cargo_despues_checkout: fecha_cargo=2021-03-11, check-out=2021-03-07 | folio_alto_ratio_cancelaciones: 75% de movimientos cancelados","Alerta tx 1923 (folio 352, cód CANCXC, monto -2192.82): [FUERA_DE_ESTANCIA | CANCELACION_SOSPECHOSA] — cargo_despues_checkout: fecha_cargo=2021-03-11, check-out=2021-03-07; folio_alto_ratio_cancelaciones: 75% de movimientos cancelados — | ctx: USUARIO_MODIFICACION: creado por 'ALM', modificado por 'FJL'"
556,4234,PROPTI,48.0,2021-05-04,True,False,False,,"USUARIO_MODIFICACION: creado por 'MCC', modificado por 'JML'",BAJO,0,,"Alerta tx 556 (folio 4234, cód PROPTI, monto 48.00): | ctx: USUARIO_MODIFICACION: creado por 'MCC', modificado por 'JML'"
187,12595,PROPTI,96.0,2021-09-23,True,True,False,MONTO_ATIPICO,,MEDIO,25,"monto_atipico: monto_abs=96.00, z=2.41 (umbral ±2.0) para código 'PROPTI'","Alerta tx 187 (folio 12595, cód PROPTI, monto 96.00): [MONTO_ATIPICO] — monto_atipico: monto_abs=96.00, z=2.41 (umbral ±2.0) para código 'PROPTI'"
176,5413,PROPTI,72.0,2021-05-27,True,True,False,CANCELACION_SOSPECHOSA,"USUARIO_MODIFICACION: creado por 'MCC', modificado por 'JML'",MEDIO,25,cancelacion_monto_alto: monto cancelado=72.00,"Alerta tx 176 (folio 5413, cód PROPTI, monto 72.00): [CANCELACION_SOSPECHOSA] — cancelacion_monto_alto: monto cancelado=72.00 — | ctx: USUARIO_MODIFICACION: creado por 'MCC', modificado por 'JML'"
84,140650,RESDEP,60000.0,2025-11-23,True,True,False,MONTO_ATIPICO,,MEDIO,25,"monto_atipico: monto_abs=60000.00, z=6.39 (umbral ±2.0) para código 'RESDEP'","Alerta tx 84 (folio 140650, cód RESDEP, monto 60000.00): [MONTO_ATIPICO] — monto_atipico: monto_abs=60000.00, z=6.39 (umbral ±2.0) para código 'RESDEP'"
770,2541,PROPTI,48.0,2021-04-08,True,False,False,,"USUARIO_MODIFICACION: creado por 'ALM', modificado por 'RFR'",BAJO,0,,"Alerta tx 770 (folio 2541, cód PROPTI, monto 48.00): | ctx: USUARIO_MODIFICACION: creado por 'ALM', modificado por 'RFR'"
434,28016,PROPTI,12.0,2022-04-28,True,False,False,,"USUARIO_MODIFICACION: creado por 'AGH', modificado por 'EGT'",BAJO,0,,"Alerta tx 434 (folio 28016, cód PROPTI, monto 12.00): | ctx: USUARIO_MODIFICACION: creado por 'AGH', modificado por 'EGT'"
721,30012,PROPTI,12.0,2022-05-23,True,False,False,,"USUARIO_MODIFICACION: creado por 'ALM', modificado por 'EGT'",BAJO,0,,"Alerta tx 721 (folio 30012, cód PROPTI, monto 12.00): | ctx: USUARIO_MODIFICACION: creado por 'ALM', modificado por 'EGT'"
274,65035,PROPTI,52.8,2023-07-12,True,False,False,,"USUARIO_MODIFICACION: creado por 'EGT', modificado por 'RM2'",BAJO,0,,"Alerta tx 274 (folio 65035, cód PROPTI, monto 52.80): | ctx: USUARIO_MODIFICACION: creado por 'EGT', modificado por 'RM2'"
367,17139,RENHAB,1750.2,2021-12-04,True,False,False,,"USUARIO_MODIFICACION: creado por 'EGT', modificado por 'ALH'",BAJO,0,,"Alerta tx 367 (folio 17139, cód RENHAB, monto 1750.20): | ctx: USUARIO_MODIFICACION: creado por 'EGT', modificado por 'ALH'"
43,42302,CANCXC,-6386.11,2022-11-07,True,True,False,FUERA_DE_ESTANCIA | CONTEXTO_RESERVACION,,ALTO,55,"cargo_despues_checkout: fecha_cargo=2022-11-07, check-out=2022-11-01 | noches_inconsistentes: cargo=0, reserva=3.0","Alerta tx 43 (folio 42302, cód CANCXC, monto -6386.11): [FUERA_DE_ESTANCIA | CONTEXTO_RESERVACION] — cargo_despues_checkout: fecha_cargo=2022-11-07, check-out=2022-11-01; noches_inconsistentes: cargo=0, reserva=3.0"
624,5084,RENHAB,-1931.0,2021-05-18,True,False,False,,"USUARIO_MODIFICACION: creado por 'ALM', modificado por 'FJL'",BAJO,0,,"Alerta tx 624 (folio 5084, cód RENHAB, monto -1931.00): | ctx: USUARIO_MODIFICACION: creado por 'ALM', modificado por 'FJL'"
634,134532,RENHAB,1406.93,2025-08-26,True,False,False,,"USUARIO_MODIFICACION: creado por 'DOB', modificado por 'MYD'",BAJO,0,,"Alerta tx 634 (folio 134532, cód RENHAB, monto 1406.93): | ctx: USUARIO_MODIFICACION: creado por 'DOB', modificado por 'MYD'"
1252,4829,PROPTI,24.0,2021-05-14,True,False,False,,"USUARIO_MODIFICACION: creado por 'MCC', modificado por 'IEP'",BAJO,0,,"Alerta tx 1252 (folio 4829, cód PROPTI, monto 24.00): | ctx: USUARIO_MODIFICACION: creado por 'MCC', modificado por 'IEP'"
866,93447,PROPTI,29.04,2024-05-18,True,False,False,,"USUARIO_MODIFICACION: creado por 'EGT', modificado por 'RFR'",BAJO,0,,"Alerta tx 866 (folio 93447, cód PROPTI, monto 29.04): | ctx: USUARIO_MODIFICACION: creado por 'EGT', modificado por 'RFR'"
454,148173,RENHAB,0.0,2026-02-20,True,True,False,MONTO_ATIPICO,,MEDIO,25,"monto_atipico: monto_abs=0.00, z=-2.63 (umbral ±2.0) para código 'RENHAB'","Alerta tx 454 (folio 148173, cód RENHAB, monto 0.00): [MONTO_ATIPICO] — monto_atipico: monto_abs=0.00, z=-2.63 (umbral ±2.0) para código 'RENHAB'"
1145,9803,RENHAB,-1654.25,2021-08-01,True,False,False,,"USUARIO_MODIFICACION: creado por 'MCC', modificado por 'KJG'",BAJO,0,,"Alerta tx 1145 (folio 9803, cód RENHAB, monto -1654.25): | ctx: USUARIO_MODIFICACION: creado por 'MCC', modificado por 'KJG'"
273,142575,PROPTI,58.08,2025-12-15,True,False,False,,"USUARIO_MODIFICACION: creado por 'CQ3', modificado por 'CEV'",BAJO,0,,"Alerta tx 273 (folio 142575, cód PROPTI, monto 58.08): | ctx: USUARIO_MODIFICACION: creado por 'CQ3', modificado por 'CEV'"
101,80553,EFE,2510.33,2024-01-05,True,False,False,,"USUARIO_MODIFICACION: creado por 'OLN', modificado por 'CEV'",BAJO,0,,"Alerta tx 101 (folio 80553, cód EFE, monto 2510.33): | ctx: USUARIO_MODIFICACION: creado por 'OLN', modificado por 'CEV'"
679,53870,PROPTI,105.6,2023-04-02,True,True,False,MONTO_ATIPICO,,MEDIO,25,"monto_atipico: monto_abs=105.60, z=2.85 (umbral ±2.0) para código 'PROPTI'","Alerta tx 679 (folio 53870, cód PROPTI, monto 105.60): [MONTO_ATIPICO] — monto_atipico: monto_abs=105.60, z=2.85 (umbral ±2.0) para código 'PROPTI'"
574,99179,RENHAB,4425.32,2024-07-12,True,True,False,MONTO_ATIPICO,,MEDIO,25,"monto_atipico: monto_abs=4425.32, z=2.80 (umbral ±2.0) para código 'RENHAB'","Alerta tx 574 (folio 99179, cód RENHAB, monto 4425.32): [MONTO_ATIPICO] — monto_atipico: monto_abs=4425.32, z=2.80 (umbral ±2.0) para código 'RENHAB'"
807,52536,PROPTI,-52.8,2023-03-19,True,False,False,,"USUARIO_MODIFICACION: creado por 'EGT', modificado por 'CEV'",BAJO,0,,"Alerta tx 807 (folio 52536, cód PROPTI, monto -52.80): | ctx: USUARIO_MODIFICACION: creado por 'EGT', modificado por 'CEV'"
776,37055,RENHAB,-1073.6,2022-08-09,True,False,False,,"USUARIO_MODIFICACION: creado por 'ALM', modificado por 'NGA'",BAJO,0,,"Alerta tx 776 (folio 37055, cód RENHAB, monto -1073.60): | ctx: USUARIO_MODIFICACION: creado por 'ALM', modificado por 'NGA'"
755,108224,PROPTI,58.08,2024-11-17,True,False,False,,"USUARIO_MODIFICACION: creado por 'ISU', modificado por 'MBJ'",BAJO,0,,"Alerta tx 755 (folio 108224, cód PROPTI, monto 58.08): | ctx: USUARIO_MODIFICACION: creado por 'ISU', modificado por 'MBJ'"
100,132882,XFAC,8660.63,2025-08-13,True,False,True,CONTEXTO_RESERVACION,,MEDIO,20,"noches_inconsistentes: cargo=0, reserva=3.0","Alerta tx 100 (folio 132882, cód XFAC, monto 8660.63): [CONTEXTO_RESERVACION] — noches_inconsistentes: cargo=0, reserva=3.0"
486,46957,PROPTI,48.0,2023-01-10,True,False,False,,"USUARIO_MODIFICACION: creado por 'ALM', modificado por 'NGA'",BAJO,0,,"Alerta tx 486 (folio 46957, cód PROPTI, monto 48.00): | ctx: USUARIO_MODIFICACION: creado por 'ALM', modificado por 'NGA'"
525,74192,RENCOM,4735.0,2023-10-20,True,True,False,MONTO_ATIPICO | CONTEXTO_RESERVACION,"USUARIO_MODIFICACION: creado por 'RM2', modificado por 'JLS' (monto alto)",MEDIO,45,"monto_atipico: monto_abs=4735.00, z=3.32 (umbral ±2.0) para código 'RENCOM' | noches_inconsistentes: cargo=0, reserva=3.0","Alerta tx 525 (folio 74192, cód RENCOM, monto 4735.00): [MONTO_ATIPICO | CONTEXTO_RESERVACION] — monto_atipico: monto_abs=4735.00, z=3.32 (umbral ±2.0) para código 'RENCOM'; noches_inconsistentes: cargo=0, reserva=3.0 — | ctx: USUARIO_MODIFICACION: creado por 'RM2', modificado por 'JLS' (monto alto)"
218,60798,EFE,9595.0,2023-06-02,True,True,False,CANCELACION_SOSPECHOSA,"USUARIO_MODIFICACION: creado por 'MBJ', modificado por 'MCZ' (monto alto)",MEDIO,25,cancelacion_monto_alto: monto cancelado=9595.00,"Alerta tx 218 (folio 60798, cód EFE, monto 9595.00): [CANCELACION_SOSPECHOSA] — cancelacion_monto_alto: monto cancelado=9595.00 — | ctx: USUARIO_MODIFICACION: creado por 'MBJ', modificado por 'MCZ' (monto alto)"
144,40218,EFE,14310.0,2022-09-20,True,True,False,MONTO_ATIPICO,,MEDIO,25,"monto_atipico: monto_abs=14310.00, z=2.59 (umbral ±2.0) para código 'EFE'","Alerta tx 144 (folio 40218, cód EFE, monto 14310.00): [MONTO_ATIPICO] — monto_atipico: monto_abs=14310.00, z=2.59 (umbral ±2.0) para código 'EFE'"
450,72613,PROPTI,52.8,2023-09-25,True,False,False,,"USUARIO_MODIFICACION: creado por 'EGT', modificado por 'RM2'",BAJO,0,,"Alerta tx 450 (folio 72613, cód PROPTI, monto 52.80): | ctx: USUARIO_MODIFICACION: creado por 'EGT', modificado por 'RM2'"
619,64654,PROPTI,52.8,2023-07-07,True,False,False,,"USUARIO_MODIFICACION: creado por 'EGT', modificado por 'RM2'",BAJO,0,,"Alerta tx 619 (folio 64654, cód PROPTI, monto 52.80): | ctx: USUARIO_MODIFICACION: creado por 'EGT', modificado por 'RM2'"
672,143646,RENHAB,5419.28,2025-12-31,True,True,False,MONTO_ATIPICO,,MEDIO,25,"monto_atipico: monto_abs=5419.28, z=4.02 (umbral ±2.0) para código 'RENHAB'","Alerta tx 672 (folio 143646, cód RENHAB, monto 5419.28): [MONTO_ATIPICO] — monto_atipico: monto_abs=5419.28, z=4.02 (umbral ±2.0) para código 'RENHAB'"
313,105684,PROPTI,58.08,2024-10-07,True,False,False,,"USUARIO_MODIFICACION: creado por 'EGT', modificado por 'RFR'",BAJO,0,,"Alerta tx 313 (folio 105684, cód PROPTI, monto 58.08): | ctx: USUARIO_MODIFICACION: creado por 'EGT', modificado por 'RFR'"
1098,122067,RENHAB,-3046.92,2025-04-23,True,True,False,CANCELACION_SOSPECHOSA,"USUARIO_MODIFICACION: creado por 'DOB', modificado por 'MBJ' (monto alto)",MEDIO,25,cancelacion_monto_alto: monto cancelado=3046.92,"Alerta tx 1098 (folio 122067, cód RENHAB, monto -3046.92): [CANCELACION_SOSPECHOSA] — cancelacion_monto_alto: monto cancelado=3046.92 — | ctx: USUARIO_MODIFICACION: creado por 'DOB', modificado por 'MBJ' (monto alto)"
338,38131,PROPTI,48.0,2022-08-20,True,False,False,,"USUARIO_MODIFICACION: creado por 'ALM', modificado por 'NGA'",BAJO,0,,"Alerta tx 338 (folio 38131, cód PROPTI, monto 48.00): | ctx: USUARIO_MODIFICACION: creado por 'ALM', modificado por 'NGA'"
967,13592,RENHAB,-1423.33,2021-10-09,True,False,False,,"USUARIO_MODIFICACION: creado por 'ALM', modificado por 'HMR'",BAJO,0,,"Alerta tx 967 (folio 13592, cód RENHAB, monto -1423.33): | ctx: USUARIO_MODIFICACION: creado por 'ALM', modificado por 'HMR'"
451,83123,RENHAB,-4329.4,2024-02-05,True,True,False,MONTO_ATIPICO | CANCELACION_SOSPECHOSA,"USUARIO_MODIFICACION: creado por 'EGT', modificado por 'CMG' (monto alto)",ALTO,50,"monto_atipico: monto_abs=4329.40, z=2.68 (umbral ±2.0) para código 'RENHAB' | cancelacion_monto_alto: monto cancelado=4329.40","Alerta tx 451 (folio 83123, cód RENHAB, monto -4329.40): [MONTO_ATIPICO | CANCELACION_SOSPECHOSA] — monto_atipico: monto_abs=4329.40, z=2.68 (umbral ±2.0) para código 'RENHAB'; cancelacion_monto_alto: monto cancelado=4329.40 — | ctx: USUARIO_MODIFICACION: creado por 'EGT', modificado por 'CMG' (monto alto)"
605,74517,EFE,9849.0,2023-10-21,True,False,True,CONTEXTO_RESERVACION,"USUARIO_MODIFICACION: creado por 'MCZ', modificado por 'CEV' (monto alto)",MEDIO,20,"noches_inconsistentes: cargo=0, reserva=3.0","Alerta tx 605 (folio 74517, cód EFE, monto 9849.00): [CONTEXTO_RESERVACION] — noches_inconsistentes: cargo=0, reserva=3.0 — | ctx: USUARIO_MODIFICACION: creado por 'MCZ', modificado por 'CEV' (monto alto)"
174,110281,RENHAB,0.0,2024-12-11,True,True,False,MONTO_ATIPICO,,MEDIO,25,"monto_atipico: monto_abs=0.00, z=-2.63 (umbral ±2.0) para código 'RENHAB'","Alerta tx 174 (folio 110281, cód RENHAB, monto 0.00): [MONTO_ATIPICO] — monto_atipico: monto_abs=0.00, z=-2.63 (umbral ±2.0) para código 'RENHAB'"
839,121578,PROPTI,116.16,2025-04-21,True,True,False,MONTO_ATIPICO,,MEDIO,25,"monto_atipico: monto_abs=116.16, z=3.34 (umbral ±2.0) para código 'PROPTI'","Alerta tx 839 (folio 121578, cód PROPTI, monto 116.16): [MONTO_ATIPICO] — monto_atipico: monto_abs=116.16, z=3.34 (umbral ±2.0) para código 'PROPTI'"
994,8534,RENHAB,-2080.28,2021-07-13,True,False,False,,"USUARIO_MODIFICACION: creado por 'ALM', modificado por 'RFR'",BAJO,0,,"Alerta tx 994 (folio 8534, cód RENHAB, monto -2080.28): | ctx: USUARIO_MODIFICACION: creado por 'ALM', modificado por 'RFR'"
752,57236,RENHAB,3108.32,2023-04-29,True,True,False,CANCELACION_SOSPECHOSA,"USUARIO_MODIFICACION: creado por 'EGT', modificado por 'CEV' (monto alto)",MEDIO,25,cancelacion_monto_alto: monto cancelado=3108.32,"Alerta tx 752 (folio 57236, cód RENHAB, monto 3108.32): [CANCELACION_SOSPECHOSA] — cancelacion_monto_alto: monto cancelado=3108.32 — | ctx: USUARIO_MODIFICACION: creado por 'EGT', modificado por 'CEV' (monto alto)"
235,12062,PROPTI,-72.0,2021-09-12,True,True,False,CANCELACION_SOSPECHOSA,"USUARIO_MODIFICACION: creado por 'ALM', modificado por 'JEO'",MEDIO,25,cancelacion_monto_alto: monto cancelado=72.00,"Alerta tx 235 (folio 12062, cód PROPTI, monto -72.00): [CANCELACION_SOSPECHOSA] — cancelacion_monto_alto: monto cancelado=72.00 — | ctx: USUARIO_MODIFICACION: creado por 'ALM', modificado por 'JEO'"
657,31454,EFE,200.0,2022-06-13,True,False,False,,"USUARIO_MODIFICACION: creado por 'GRC', modificado por 'EGT'",BAJO,0,,"Alerta tx 657 (folio 31454, cód EFE, monto 200.00): | ctx: USUARIO_MODIFICACION: creado por 'GRC', modificado por 'EGT'"
611,22185,PROPTI,-48.0,2022-02-13,True,False,False,,"USUARIO_MODIFICACION: creado por 'AGH', modificado por 'EGT'",BAJO,0,,"Alerta tx 611 (folio 22185, cód PROPTI, monto -48.00): | ctx: USUARIO_MODIFICACION: creado por 'AGH', modificado por 'EGT'"
590,21857,RENHAB,1915.0,2022-02-13,True,False,False,,"USUARIO_MODIFICACION: creado por 'AGH', modificado por 'EGT'",BAJO,0,,"Alerta tx 590 (folio 21857, cód RENHAB, monto 1915.00): | ctx: USUARIO_MODIFICACION: creado por 'AGH', modificado por 'EGT'"
691,6728,PROPTI,48.0,2021-06-17,True,False,False,,"USUARIO_MODIFICACION: creado por 'MCC', modificado por 'RFR'",BAJO,0,,"Alerta tx 691 (folio 6728, cód PROPTI, monto 48.00): | ctx: USUARIO_MODIFICACION: creado por 'MCC', modificado por 'RFR'"
681,37684,PROPTI,96.0,2022-08-17,True,True,False,MONTO_ATIPICO,,MEDIO,25,"monto_atipico: monto_abs=96.00, z=2.41 (umbral ±2.0) para código 'PROPTI'","Alerta tx 681 (folio 37684, cód PROPTI, monto 96.00): [MONTO_ATIPICO] — monto_atipico: monto_abs=96.00, z=2.41 (umbral ±2.0) para código 'PROPTI'"
715,59239,PROPTI,52.8,2023-05-18,True,False,False,,"USUARIO_MODIFICACION: creado por 'EGT', modificado por 'MBJ'",BAJO,0,,"Alerta tx 715 (folio 59239, cód PROPTI, monto 52.80): | ctx: USUARIO_MODIFICACION: creado por 'EGT', modificado por 'MBJ'"
774,6058,RENHAB,1372.0,2021-06-06,True,False,False,,"USUARIO_MODIFICACION: creado por 'MCC', modificado por 'RFR'",BAJO,0,,"Alerta tx 774 (folio 6058, cód RENHAB, monto 1372.00): | ctx: USUARIO_MODIFICACION: creado por 'MCC', modificado por 'RFR'"
686,25925,RENHAB,-1552.0,2022-04-06,True,False,False,,"USUARIO_MODIFICACION: creado por 'AGH', modificado por 'EGT'",BAJO,0,,"Alerta tx 686 (folio 25925, cód RENHAB, monto -1552.00): | ctx: USUARIO_MODIFICACION: creado por 'AGH', modificado por 'EGT'"
304,11181,RENHAB,2047.82,2021-08-22,True,False,False,,"USUARIO_MODIFICACION: creado por 'ALM', modificado por 'RFR'",BAJO,0,,"Alerta tx 304 (folio 11181, cód RENHAB, monto 2047.82): | ctx: USUARIO_MODIFICACION: creado por 'ALM', modificado por 'RFR'"
379,30059,RENHAB,4216.88,2022-05-25,True,True,False,MONTO_ATIPICO,,MEDIO,25,"monto_atipico: monto_abs=4216.88, z=2.54 (umbral ±2.0) para código 'RENHAB'","Alerta tx 379 (folio 30059, cód RENHAB, monto 4216.88): [MONTO_ATIPICO] — monto_atipico: monto_abs=4216.88, z=2.54 (umbral ±2.0) para código 'RENHAB'"
626,11390,MISCEL,142.0,2021-08-27,True,False,False,,"USUARIO_MODIFICACION: creado por 'ALM', modificado por 'FJL'",BAJO,0,,"Alerta tx 626 (folio 11390, cód MISCEL, monto 142.00): | ctx: USUARIO_MODIFICACION: creado por 'ALM', modificado por 'FJL'"
743,130129,RENHAB,-2821.94,2025-07-19,True,False,False,,"USUARIO_MODIFICACION: creado por 'DOB', modificado por 'CEV' (monto alto)",BAJO,0,,"Alerta tx 743 (folio 130129, cód RENHAB, monto -2821.94): | ctx: USUARIO_MODIFICACION: creado por 'DOB', modificado por 'CEV' (monto alto)"
305,136176,PROPTI,58.08,2025-09-18,True,False,False,,"USUARIO_MODIFICACION: creado por 'EGT', modificado por 'MYB'",BAJO,0,,"Alerta tx 305 (folio 136176, cód PROPTI, monto 58.08): | ctx: USUARIO_MODIFICACION: creado por 'EGT', modificado por 'MYB'"
555,58745,PROPTI,-52.8,2023-05-17,True,False,False,,"USUARIO_MODIFICACION: creado por 'EGT', modificado por 'JLS'",BAJO,0,,"Alerta tx 555 (folio 58745, cód PROPTI, monto -52.80): | ctx: USUARIO_MODIFICACION: creado por 'EGT', modificado por 'JLS'"
797,62466,RENHAB,-3050.1,2023-06-16,True,True,False,CANCELACION_SOSPECHOSA,"USUARIO_MODIFICACION: creado por 'EGT', modificado por 'CMG' (monto alto)",MEDIO,25,cancelacion_monto_alto: monto cancelado=3050.10,"Alerta tx 797 (folio 62466, cód RENHAB, monto -3050.10): [CANCELACION_SOSPECHOSA] — cancelacion_monto_alto: monto cancelado=3050.10 — | ctx: USUARIO_MODIFICACION: creado por 'EGT', modificado por 'CMG' (monto alto)"
517,2743,RENHAB,0.0,2021-04-10,True,True,False,DUPLICADO | MONTO_ATIPICO,"USUARIO_MODIFICACION: creado por 'FJL', modificado por 'KJG'",ALTO,65,"duplicado_exacto: 2 veces el mismo folio/código/monto/habitación/fecha | monto_atipico: monto_abs=0.00, z=-2.63 (umbral ±2.0) para código 'RENHAB'","Alerta tx 517 (folio 2743, cód RENHAB, monto 0.00): [DUPLICADO | MONTO_ATIPICO] — duplicado_exacto: 2 veces el mismo folio/código/monto/habitación/fecha; monto_atipico: monto_abs=0.00, z=-2.63 (umbral ±2.0) para código 'RENHAB' — | ctx: USUARIO_MODIFICACION: creado por 'FJL', modificado por 'KJG'"
680,32609,RENHAB,-1446.45,2022-06-26,True,False,False,,"USUARIO_MODIFICACION: creado por 'ALM', modificado por 'EGT'",BAJO,0,,"Alerta tx 680 (folio 32609, cód RENHAB, monto -1446.45): | ctx: USUARIO_MODIFICACION: creado por 'ALM', modificado por 'EGT'"
182,31404,RENHAB,1389.83,2022-06-12,True,False,False,,"USUARIO_MODIFICACION: creado por 'ALM', modificado por 'NGA'",BAJO,0,,"Alerta tx 182 (folio 31404, cód RENHAB, monto 1389.83): | ctx: USUARIO_MODIFICACION: creado por 'ALM', modificado por 'NGA'"
142,8570,RENHAB,3899.88,2021-07-14,True,True,False,MONTO_ATIPICO,,MEDIO,25,"monto_atipico: monto_abs=3899.88, z=2.15 (umbral ±2.0) para código 'RENHAB'","Alerta tx 142 (folio 8570, cód RENHAB, monto 3899.88): [MONTO_ATIPICO] — monto_atipico: monto_abs=3899.88, z=2.15 (umbral ±2.0) para código 'RENHAB'"
671,26910,PROPTI,-48.0,2022-04-15,True,False,False,,"USUARIO_MODIFICACION: creado por 'AGH', modificado por 'RFR'",BAJO,0,,"Alerta tx 671 (folio 26910, cód PROPTI, monto -48.00): | ctx: USUARIO_MODIFICACION: creado por 'AGH', modificado por 'RFR'"
345,29641,RENHAB,0.0,2022-05-21,True,True,False,MONTO_ATIPICO,,MEDIO,25,"monto_atipico: monto_abs=0.00, z=-2.63 (umbral ±2.0) para código 'RENHAB'","Alerta tx 345 (folio 29641, cód RENHAB, monto 0.00): [MONTO_ATIPICO] — monto_atipico: monto_abs=0.00, z=-2.63 (umbral ±2.0) para código 'RENHAB'"
2,41349,XFAC,12768.89,2022-10-17,True,True,False,MONTO_ATIPICO | CONTEXTO_RESERVACION,,MEDIO,45,"monto_atipico: monto_abs=12768.89, z=2.28 (umbral ±2.0) para código 'XFAC' | noches_inconsistentes: cargo=0, reserva=7.0","Alerta tx 2 (folio 41349, cód XFAC, monto 12768.89): [MONTO_ATIPICO | CONTEXTO_RESERVACION] — monto_atipico: monto_abs=12768.89, z=2.28 (umbral ±2.0) para código 'XFAC'; noches_inconsistentes: cargo=0, reserva=7.0"
278,258,PROPTI,-72.0,2021-03-07,True,True,False,CANCELACION_SOSPECHOSA,"USUARIO_MODIFICACION: creado por 'FJL', modificado por 'KJG'",MEDIO,25,cancelacion_monto_alto: monto cancelado=72.00,"Alerta tx 278 (folio 258, cód PROPTI, monto -72.00): [CANCELACION_SOSPECHOSA] — cancelacion_monto_alto: monto cancelado=72.00 — | ctx: USUARIO_MODIFICACION: creado por 'FJL', modificado por 'KJG'"
185,89837,CANXFA,4160.37,2024-04-12,True,True,False,FUERA_DE_ESTANCIA,,MEDIO,35,"cargo_despues_checkout: fecha_cargo=2024-04-12, check-out=2024-03-23","Alerta tx 185 (folio 89837, cód CANXFA, monto 4160.37): [FUERA_DE_ESTANCIA] — cargo_despues_checkout: fecha_cargo=2024-04-12, check-out=2024-03-23"
773,116893,RENHAB,-1924.88,2025-03-04,True,False,False,,"USUARIO_MODIFICACION: creado por 'EGT', modificado por 'CEV'",BAJO,0,,"Alerta tx 773 (folio 116893, cód RENHAB, monto -1924.88): | ctx: USUARIO_MODIFICACION: creado por 'EGT', modificado por 'CEV'"
353,27909,RENHAB,0.0,2022-04-26,True,True,False,MONTO_ATIPICO,,MEDIO,25,"monto_atipico: monto_abs=0.00, z=-2.63 (umbral ±2.0) para código 'RENHAB'","Alerta tx 353 (folio 27909, cód RENHAB, monto 0.00): [MONTO_ATIPICO] — monto_atipico: monto_abs=0.00, z=-2.63 (umbral ±2.0) para código 'RENHAB'"
286,115385,PROPTI,87.12,2025-02-09,True,True,False,CANCELACION_SOSPECHOSA,"USUARIO_MODIFICACION: creado por 'AQX', modificado por 'OLN'",MEDIO,25,cancelacion_monto_alto: monto cancelado=87.12,"Alerta tx 286 (folio 115385, cód PROPTI, monto 87.12): [CANCELACION_SOSPECHOSA] — cancelacion_monto_alto: monto cancelado=87.12 — | ctx: USUARIO_MODIFICACION: creado por 'AQX', modificado por 'OLN'"
230,136972,RENHAB,0.0,2025-10-01,True,True,False,MONTO_ATIPICO,,MEDIO,25,"monto_atipico: monto_abs=0.00, z=-2.63 (umbral ±2.0) para código 'RENHAB'","Alerta tx 230 (folio 136972, cód RENHAB, monto 0.00): [MONTO_ATIPICO] — monto_atipico: monto_abs=0.00, z=-2.63 (umbral ±2.0) para código 'RENHAB'"
806,136791,PROPTI,58.08,2025-09-26,True,False,False,,"USUARIO_MODIFICACION: creado por 'EGT', modificado por 'RM2'",BAJO,0,,"Alerta tx 806 (folio 136791, cód PROPTI, monto 58.08): | ctx: USUARIO_MODIFICACION: creado por 'EGT', modificado por 'RM2'"
470,79715,RENHAB,3820.8,2023-12-31,True,True,False,MONTO_ATIPICO,,MEDIO,25,"monto_atipico: monto_abs=3820.80, z=2.06 (umbral ±2.0) para código 'RENHAB'","Alerta tx 470 (folio 79715, cód RENHAB, monto 3820.80): [MONTO_ATIPICO] — monto_atipico: monto_abs=3820.80, z=2.06 (umbral ±2.0) para código 'RENHAB'"
132,127328,DEPHAB,19000.0,2025-06-11,True,True,False,MONTO_ATIPICO,,MEDIO,25,"monto_atipico: monto_abs=19000.00, z=2.07 (umbral ±2.0) para código 'DEPHAB'","Alerta tx 132 (folio 127328, cód DEPHAB, monto 19000.00): [MONTO_ATIPICO] — monto_atipico: monto_abs=19000.00, z=2.07 (umbral ±2.0) para código 'DEPHAB'"
211,80287,RENHAB,3059.67,2024-01-04,True,True,False,CANCELACION_SOSPECHOSA,"USUARIO_MODIFICACION: creado por 'JLS', modificado por 'RFR' (monto alto)",MEDIO,25,cancelacion_monto_alto: monto cancelado=3059.67,"Alerta tx 211 (folio 80287, cód RENHAB, monto 3059.67): [CANCELACION_SOSPECHOSA] — cancelacion_monto_alto: monto cancelado=3059.67 — | ctx: USUARIO_MODIFICACION: creado por 'JLS', modificado por 'RFR' (monto alto)"
328,66,PROPTI,-72.0,2021-03-02,True,True,False,CANCELACION_SOSPECHOSA,"USUARIO_MODIFICACION: creado por 'FJL', modificado por 'NCR'",MEDIO,25,cancelacion_monto_alto: monto cancelado=72.00,"Alerta tx 328 (folio 66, cód PROPTI, monto -72.00): [CANCELACION_SOSPECHOSA] — cancelacion_monto_alto: monto cancelado=72.00 — | ctx: USUARIO_MODIFICACION: creado por 'FJL', modificado por 'NCR'"
809,129840,RENHAB,-4125.22,2025-07-18,True,True,False,MONTO_ATIPICO | CANCELACION_SOSPECHOSA,"USUARIO_MODIFICACION: creado por 'EGT', modificado por 'CEV' (monto alto)",ALTO,50,"monto_atipico: monto_abs=4125.22, z=2.43 (umbral ±2.0) para código 'RENHAB' | cancelacion_monto_alto: monto cancelado=4125.22","Alerta tx 809 (folio 129840, cód RENHAB, monto -4125.22): [MONTO_ATIPICO | CANCELACION_SOSPECHOSA] — monto_atipico: monto_abs=4125.22, z=2.43 (umbral ±2.0) para código 'RENHAB'; cancelacion_monto_alto: monto cancelado=4125.22 — | ctx: USUARIO_MODIFICACION: creado por 'EGT', modificado por 'CEV' (monto alto)"
94,1358,CANXFA,4197.78,2021-03-23,True,True,False,FUERA_DE_ESTANCIA | CONTEXTO_RESERVACION,,ALTO,55,"cargo_despues_checkout: fecha_cargo=2021-03-23, check-out=2021-03-19 | noches_inconsistentes: cargo=0, reserva=3.0","Alerta tx 94 (folio 1358, cód CANXFA, monto 4197.78): [FUERA_DE_ESTANCIA | CONTEXTO_RESERVACION] — cargo_despues_checkout: fecha_cargo=2021-03-23, check-out=2021-03-19; noches_inconsistentes: cargo=0, reserva=3.0"
414,147409,RENHAB,0.0,2026-02-16,True,True,False,MONTO_ATIPICO,,MEDIO,25,"monto_atipico: monto_abs=0.00, z=-2.63 (umbral ±2.0) para código 'RENHAB'","Alerta tx 414 (folio 147409, cód RENHAB, monto 0.00): [MONTO_ATIPICO] — monto_atipico: monto_abs=0.00, z=-2.63 (umbral ±2.0) para código 'RENHAB'"
588,54879,RENHAB,-2087.95,2023-04-09,True,False,False,,"USUARIO_MODIFICACION: creado por 'EGT', modificado por 'CEV'",BAJO,0,,"Alerta tx 588 (folio 54879, cód RENHAB, monto -2087.95): | ctx: USUARIO_MODIFICACION: creado por 'EGT', modificado por 'CEV'"
354,8730,PROPTI,12.0,2021-07-17,True,False,False,,"USUARIO_MODIFICACION: creado por 'MCC', modificado por 'KJG'",BAJO,0,,"Alerta tx 354 (folio 8730, cód PROPTI, monto 12.00): | ctx: USUARIO_MODIFICACION: creado por 'MCC', modificado por 'KJG'"
731,9428,PROPTI,-48.0,2021-07-27,True,False,False,,"USUARIO_MODIFICACION: creado por 'ALM', modificado por 'KJG'",BAJO,0,,"Alerta tx 731 (folio 9428, cód PROPTI, monto -48.00): | ctx: USUARIO_MODIFICACION: creado por 'ALM', modificado por 'KJG'"
534,57034,RENHAB,0.0,2023-05-02,True,True,False,MONTO_ATIPICO,,MEDIO,25,"monto_atipico: monto_abs=0.00, z=-2.63 (umbral ±2.0) para código 'RENHAB'","Alerta tx 534 (folio 57034, cód RENHAB, monto 0.00): [MONTO_ATIPICO] — monto_atipico: monto_abs=0.00, z=-2.63 (umbral ±2.0) para código 'RENHAB'"
696,17256,PROPTI,48.0,2021-12-08,True,False,False,,"USUARIO_MODIFICACION: creado por 'EGT', modificado por 'LBB'",BAJO,0,,"Alerta tx 696 (folio 17256, cód PROPTI, monto 48.00): | ctx: USUARIO_MODIFICACION: creado por 'EGT', modificado por 'LBB'"
593,95948,PROPTI,-87.12,2024-06-12,True,True,False,CANCELACION_SOSPECHOSA,"USUARIO_MODIFICACION: creado por 'VN2', modificado por 'CEV'",MEDIO,25,cancelacion_monto_alto: monto cancelado=87.12,"Alerta tx 593 (folio 95948, cód PROPTI, monto -87.12): [CANCELACION_SOSPECHOSA] — cancelacion_monto_alto: monto cancelado=87.12 — | ctx: USUARIO_MODIFICACION: creado por 'VN2', modificado por 'CEV'"
631,15964,RENHAB,1834.0,2021-11-16,True,False,False,,"USUARIO_MODIFICACION: creado por 'ALM', modificado por 'LBB'",BAJO,0,,"Alerta tx 631 (folio 15964, cód RENHAB, monto 1834.00): | ctx: USUARIO_MODIFICACION: creado por 'ALM', modificado por 'LBB'"
241,97844,TRANSF,25000.0,2024-06-28,True,True,False,MONTO_ATIPICO,,MEDIO,25,"monto_atipico: monto_abs=25000.00, z=2.42 (umbral ±2.0) para código 'TRANSF'","Alerta tx 241 (folio 97844, cód TRANSF, monto 25000.00): [MONTO_ATIPICO] — monto_atipico: monto_abs=25000.00, z=2.42 (umbral ±2.0) para código 'TRANSF'"
462,148300,PROPTI,88.5,2026-02-22,True,True,False,MONTO_ATIPICO,,MEDIO,25,"monto_atipico: monto_abs=88.50, z=2.06 (umbral ±2.0) para código 'PROPTI'","Alerta tx 462 (folio 148300, cód PROPTI, monto 88.50): [MONTO_ATIPICO] — monto_atipico: monto_abs=88.50, z=2.06 (umbral ±2.0) para código 'PROPTI'"
778,37483,UPSELL,500.0,2022-08-12,True,False,False,,"USUARIO_MODIFICACION: creado por 'ALM', modificado por 'EGT'",BAJO,0,,"Alerta tx 778 (folio 37483, cód UPSELL, monto 500.00): | ctx: USUARIO_MODIFICACION: creado por 'ALM', modificado por 'EGT'"
1540,4211,PROPTI,72.0,2021-05-07,True,False,False,,"USUARIO_MODIFICACION: creado por 'MCC', modificado por 'JML'",BAJO,0,,"Alerta tx 1540 (folio 4211, cód PROPTI, monto 72.00): | ctx: USUARIO_MODIFICACION: creado por 'MCC', modificado por 'JML'"
250,15147,RENHAB,0.0,2021-11-02,True,True,False,MONTO_ATIPICO,,MEDIO,25,"monto_atipico: monto_abs=0.00, z=-2.63 (umbral ±2.0) para código 'RENHAB'","Alerta tx 250 (folio 15147, cód RENHAB, monto 0.00): [MONTO_ATIPICO] — monto_atipico: monto_abs=0.00, z=-2.63 (umbral ±2.0) para código 'RENHAB'"
289,13624,PROPTI,48.0,2021-10-09,True,False,False,,"USUARIO_MODIFICACION: creado por 'ALM', modificado por 'HMR'",BAJO,0,,"Alerta tx 289 (folio 13624, cód PROPTI, monto 48.00): | ctx: USUARIO_MODIFICACION: creado por 'ALM', modificado por 'HMR'"
2373,3967,RENHAB,-1466.0,2021-05-01,True,False,False,,"USUARIO_MODIFICACION: creado por 'MCC', modificado por 'KJG'",BAJO,0,,"Alerta tx 2373 (folio 3967, cód RENHAB, monto -1466.00): | ctx: USUARIO_MODIFICACION: creado por 'MCC', modificado por 'KJG'"
1901,3966,EFE,5300.0,2021-04-30,True,False,False,,"USUARIO_MODIFICACION: creado por 'AGV', modificado por 'KJG' (monto alto)",BAJO,0,,"Alerta tx 1901 (folio 3966, cód EFE, monto 5300.00): | ctx: USUARIO_MODIFICACION: creado por 'AGV', modificado por 'KJG' (monto alto)"
880,28174,RENHAB,-3409.56,2022-04-29,True,True,False,CANCELACION_SOSPECHOSA,"USUARIO_MODIFICACION: creado por 'AGH', modificado por 'EGT' (monto alto)",MEDIO,25,cancelacion_monto_alto: monto cancelado=3409.56,"Alerta tx 880 (folio 28174, cód RENHAB, monto -3409.56): [CANCELACION_SOSPECHOSA] — cancelacion_monto_alto: monto cancelado=3409.56 — | ctx: USUARIO_MODIFICACION: creado por 'AGH', modificado por 'EGT' (monto alto)"
527,7381,RENHAB,4004.06,2021-06-25,True,True,False,MONTO_ATIPICO,,MEDIO,25,"monto_atipico: monto_abs=4004.06, z=2.28 (umbral ±2.0) para código 'RENHAB'","Alerta tx 527 (folio 7381, cód RENHAB, monto 4004.06): [MONTO_ATIPICO] — monto_atipico: monto_abs=4004.06, z=2.28 (umbral ±2.0) para código 'RENHAB'"
891,7799,RENHAB,3479.91,2021-07-02,True,False,False,,"USUARIO_MODIFICACION: creado por 'MCC', modificado por 'RFR' (monto alto)",BAJO,0,,"Alerta tx 891 (folio 7799, cód RENHAB, monto 3479.91): | ctx: USUARIO_MODIFICACION: creado por 'MCC', modificado por 'RFR' (monto alto)"
27,109311,CANXFA,3952.58,2024-11-26,True,True,False,FUERA_DE_ESTANCIA,,MEDIO,35,"cargo_despues_checkout: fecha_cargo=2024-11-26, check-out=2024-11-24","Alerta tx 27 (folio 109311, cód CANXFA, monto 3952.58): [FUERA_DE_ESTANCIA] — cargo_despues_checkout: fecha_cargo=2024-11-26, check-out=2024-11-24"
947,55735,PROPTI,52.8,2023-04-14,True,False,False,,"USUARIO_MODIFICACION: creado por 'EGT', modificado por 'CEV'",BAJO,0,,"Alerta tx 947 (folio 55735, cód PROPTI, monto 52.80): | ctx: USUARIO_MODIFICACION: creado por 'EGT', modificado por 'CEV'"
683,6201,RENHAB,1383.0,2021-06-07,True,False,False,,"USUARIO_MODIFICACION: creado por 'MCC', modificado por 'RFR'",BAJO,0,,"Alerta tx 683 (folio 6201, cód RENHAB, monto 1383.00): | ctx: USUARIO_MODIFICACION: creado por 'MCC', modificado por 'RFR'"
189,47308,PROPTI,-72.0,2023-01-15,True,True,False,CANCELACION_SOSPECHOSA,"USUARIO_MODIFICACION: creado por 'EGT', modificado por 'ALM'",MEDIO,25,cancelacion_monto_alto: monto cancelado=72.00,"Alerta tx 189 (folio 47308, cód PROPTI, monto -72.00): [CANCELACION_SOSPECHOSA] — cancelacion_monto_alto: monto cancelado=72.00 — | ctx: USUARIO_MODIFICACION: creado por 'EGT', modificado por 'ALM'"
106,106575,CANXFA,600.0,2024-10-22,True,True,False,FUERA_DE_ESTANCIA,,MEDIO,35,"cargo_despues_checkout: fecha_cargo=2024-10-22, check-out=2024-10-21","Alerta tx 106 (folio 106575, cód CANXFA, monto 600.00): [FUERA_DE_ESTANCIA] — cargo_despues_checkout: fecha_cargo=2024-10-22, check-out=2024-10-21"
1073,5584,RENHAB,4008.0,2021-05-28,True,True,False,MONTO_ATIPICO,,MEDIO,25,"monto_atipico: monto_abs=4008.00, z=2.28 (umbral ±2.0) para código 'RENHAB'","Alerta tx 1073 (folio 5584, cód RENHAB, monto 4008.00): [MONTO_ATIPICO] — monto_atipico: monto_abs=4008.00, z=2.28 (umbral ±2.0) para código 'RENHAB'"
535,142334,RENHAB,-5520.39,2025-12-14,True,True,False,MONTO_ATIPICO | CANCELACION_SOSPECHOSA,"USUARIO_MODIFICACION: creado por 'CQ3', modificado por 'CEV' (monto alto)",ALTO,50,"monto_atipico: monto_abs=5520.39, z=4.14 (umbral ±2.0) para código 'RENHAB' | cancelacion_monto_alto: monto cancelado=5520.39","Alerta tx 535 (folio 142334, cód RENHAB, monto -5520.39): [MONTO_ATIPICO | CANCELACION_SOSPECHOSA] — monto_atipico: monto_abs=5520.39, z=4.14 (umbral ±2.0) para código 'RENHAB'; cancelacion_monto_alto: monto cancelado=5520.39 — | ctx: USUARIO_MODIFICACION: creado por 'CQ3', modificado por 'CEV' (monto alto)"
737,107525,RENHAB,-3556.36,2024-11-09,True,True,False,CANCELACION_SOSPECHOSA,"USUARIO_MODIFICACION: creado por 'ISU', modificado por 'CEV' (monto alto)",MEDIO,25,cancelacion_monto_alto: monto cancelado=3556.36,"Alerta tx 737 (folio 107525, cód RENHAB, monto -3556.36): [CANCELACION_SOSPECHOSA] — cancelacion_monto_alto: monto cancelado=3556.36 — | ctx: USUARIO_MODIFICACION: creado por 'ISU', modificado por 'CEV' (monto alto)"
409,142334,PROPTI,29.04,2025-12-12,True,False,False,,"USUARIO_MODIFICACION: creado por 'EGT', modificado por 'CEV'",BAJO,0,,"Alerta tx 409 (folio 142334, cód PROPTI, monto 29.04): | ctx: USUARIO_MODIFICACION: creado por 'EGT', modificado por 'CEV'"
312,147171,RENHAB,3881.51,2026-02-10,True,True,False,MONTO_ATIPICO,,MEDIO,25,"monto_atipico: monto_abs=3881.51, z=2.13 (umbral ±2.0) para código 'RENHAB'","Alerta tx 312 (folio 147171, cód RENHAB, monto 3881.51): [MONTO_ATIPICO] — monto_atipico: monto_abs=3881.51, z=2.13 (umbral ±2.0) para código 'RENHAB'"
1266,4829,RENHAB,1834.15,2021-05-14,True,False,False,,"USUARIO_MODIFICACION: creado por 'MCC', modificado por 'IEP'",BAJO,0,,"Alerta tx 1266 (folio 4829, cód RENHAB, monto 1834.15): | ctx: USUARIO_MODIFICACION: creado por 'MCC', modificado por 'IEP'"
656,19543,PROPTI,-24.0,2022-01-07,True,False,False,,"USUARIO_MODIFICACION: creado por 'AGH', modificado por 'RFR'",BAJO,0,,"Alerta tx 656 (folio 19543, cód PROPTI, monto -24.00): | ctx: USUARIO_MODIFICACION: creado por 'AGH', modificado por 'RFR'"
347,121779,RENHAB,541.92,2025-04-21,True,False,False,,"USUARIO_MODIFICACION: creado por 'DOB', modificado por 'RM2'",BAJO,0,,"Alerta tx 347 (folio 121779, cód RENHAB, monto 541.92): | ctx: USUARIO_MODIFICACION: creado por 'DOB', modificado por 'RM2'"
424,12086,PROPTI,-48.0,2021-09-11,True,False,False,,"USUARIO_MODIFICACION: creado por 'ALM', modificado por 'JEO'",BAJO,0,,"Alerta tx 424 (folio 12086, cód PROPTI, monto -48.00): | ctx: USUARIO_MODIFICACION: creado por 'ALM', modificado por 'JEO'"
308,11255,PROPTI,24.0,2021-08-22,True,False,False,,"USUARIO_MODIFICACION: creado por 'ALM', modificado por 'RFR'",BAJO,0,,"Alerta tx 308 (folio 11255, cód PROPTI, monto 24.00): | ctx: USUARIO_MODIFICACION: creado por 'ALM', modificado por 'RFR'"
428,7843,PROPTI,48.0,2021-07-02,True,False,False,,"USUARIO_MODIFICACION: creado por 'MCC', modificado por 'RFR'",BAJO,0,,"Alerta tx 428 (folio 7843, cód PROPTI, monto 48.00): | ctx: USUARIO_MODIFICACION: creado por 'MCC', modificado por 'RFR'"
170,108619,CANXFA,4424.52,2024-11-19,True,True,False,FUERA_DE_ESTANCIA,,MEDIO,35,"cargo_despues_checkout: fecha_cargo=2024-11-19, check-out=2024-11-18","Alerta tx 170 (folio 108619, cód CANXFA, monto 4424.52): [FUERA_DE_ESTANCIA] — cargo_despues_checkout: fecha_cargo=2024-11-19, check-out=2024-11-18"
152,136582,RENHAB,0.0,2025-09-30,True,True,False,MONTO_ATIPICO,,MEDIO,25,"monto_atipico: monto_abs=0.00, z=-2.63 (umbral ±2.0) para código 'RENHAB'","Alerta tx 152 (folio 136582, cód RENHAB, monto 0.00): [MONTO_ATIPICO] — monto_atipico: monto_abs=0.00, z=-2.63 (umbral ±2.0) para código 'RENHAB'"
708,43611,PROPTI,48.0,2022-11-20,True,False,False,,"USUARIO_MODIFICACION: creado por 'EGT', modificado por 'SSL'",BAJO,0,,"Alerta tx 708 (folio 43611, cód PROPTI, monto 48.00): | ctx: USUARIO_MODIFICACION: creado por 'EGT', modificado por 'SSL'"
321,110299,RENHAB,0.0,2024-12-13,True,True,False,MONTO_ATIPICO,,MEDIO,25,"monto_atipico: monto_abs=0.00, z=-2.63 (umbral ±2.0) para código 'RENHAB'","Alerta tx 321 (folio 110299, cód RENHAB, monto 0.00): [MONTO_ATIPICO] — monto_atipico: monto_abs=0.00, z=-2.63 (umbral ±2.0) para código 'RENHAB'"
934,19874,PROPTI,72.0,2022-01-10,True,False,False,,"USUARIO_MODIFICACION: creado por 'ALM', modificado por 'EGT'",BAJO,0,,"Alerta tx 934 (folio 19874, cód PROPTI, monto 72.00): | ctx: USUARIO_MODIFICACION: creado por 'ALM', modificado por 'EGT'"
827,2191,PROPTI,48.0,2021-04-07,True,False,False,,"USUARIO_MODIFICACION: creado por 'ALM', modificado por 'LBB'",BAJO,0,,"Alerta tx 827 (folio 2191, cód PROPTI, monto 48.00): | ctx: USUARIO_MODIFICACION: creado por 'ALM', modificado por 'LBB'"
895,18854,RENHAB,-3962.0,2021-12-28,True,True,False,MONTO_ATIPICO | CANCELACION_SOSPECHOSA,"USUARIO_MODIFICACION: creado por 'ALM', modificado por 'AGH' (monto alto)",ALTO,50,"monto_atipico: monto_abs=3962.00, z=2.23 (umbral ±2.0) para código 'RENHAB' | cancelacion_monto_alto: monto cancelado=3962.00","Alerta tx 895 (folio 18854, cód RENHAB, monto -3962.00): [MONTO_ATIPICO | CANCELACION_SOSPECHOSA] — monto_atipico: monto_abs=3962.00, z=2.23 (umbral ±2.0) para código 'RENHAB'; cancelacion_monto_alto: monto cancelado=3962.00 — | ctx: USUARIO_MODIFICACION: creado por 'ALM', modificado por 'AGH' (monto alto)"
41,17257,CANCXC,9902.83,2021-12-06,True,True,False,MONTO_ATIPICO | FUERA_DE_ESTANCIA | CONTEXTO_RESERVACION,,CRITICO,80,"monto_atipico: monto_abs=9902.83, z=2.32 (umbral ±2.0) para código 'CANCXC' | cargo_despues_checkout: fecha_cargo=2021-12-06, check-out=2021-12-01 | noches_inconsistentes: cargo=0, reserva=5.0","Alerta tx 41 (folio 17257, cód CANCXC, monto 9902.83): [MONTO_ATIPICO | FUERA_DE_ESTANCIA | CONTEXTO_RESERVACION] — monto_atipico: monto_abs=9902.83, z=2.32 (umbral ±2.0) para código 'CANCXC'; cargo_despues_checkout: fecha_cargo=2021-12-06, check-out=2021-12-01; noches_inconsistentes: cargo=0, reserva=5.0"
617,18254,PROPTI,96.0,2021-12-21,True,True,False,MONTO_ATIPICO,,MEDIO,25,"monto_atipico: monto_abs=96.00, z=2.41 (umbral ±2.0) para código 'PROPTI'","Alerta tx 617 (folio 18254, cód PROPTI, monto 96.00): [MONTO_ATIPICO] — monto_atipico: monto_abs=96.00, z=2.41 (umbral ±2.0) para código 'PROPTI'"
442,111670,RENHAB,3857.1,2024-12-27,True,True,False,MONTO_ATIPICO,,MEDIO,25,"monto_atipico: monto_abs=3857.10, z=2.10 (umbral ±2.0) para código 'RENHAB'","Alerta tx 442 (folio 111670, cód RENHAB, monto 3857.10): [MONTO_ATIPICO] — monto_atipico: monto_abs=3857.10, z=2.10 (umbral ±2.0) para código 'RENHAB'"
550,137499,PROPTI,58.08,2025-10-10,True,False,False,,"USUARIO_MODIFICACION: creado por 'EGT', modificado por 'MYD'",BAJO,0,,"Alerta tx 550 (folio 137499, cód PROPTI, monto 58.08): | ctx: USUARIO_MODIFICACION: creado por 'EGT', modificado por 'MYD'"
695,14867,RENHAB,2804.62,2021-10-29,True,False,False,,"USUARIO_MODIFICACION: creado por 'ALM', modificado por 'JEO' (monto alto)",BAJO,0,,"Alerta tx 695 (folio 14867, cód RENHAB, monto 2804.62): | ctx: USUARIO_MODIFICACION: creado por 'ALM', modificado por 'JEO' (monto alto)"
380,80554,PROPTI,132.0,2024-01-05,True,True,False,MONTO_ATIPICO,,MEDIO,25,"monto_atipico: monto_abs=132.00, z=4.07 (umbral ±2.0) para código 'PROPTI'","Alerta tx 380 (folio 80554, cód PROPTI, monto 132.00): [MONTO_ATIPICO] — monto_atipico: monto_abs=132.00, z=4.07 (umbral ±2.0) para código 'PROPTI'"
756,126197,RENHAB,5529.62,2025-05-31,True,True,False,MONTO_ATIPICO,,MEDIO,25,"monto_atipico: monto_abs=5529.62, z=4.15 (umbral ±2.0) para código 'RENHAB'","Alerta tx 756 (folio 126197, cód RENHAB, monto 5529.62): [MONTO_ATIPICO] — monto_atipico: monto_abs=5529.62, z=4.15 (umbral ±2.0) para código 'RENHAB'"
890,15862,RENHAB,1708.0,2021-11-13,True,True,False,CANCELACION_SOSPECHOSA,"USUARIO_MODIFICACION: creado por 'ALM', modificado por 'AGH'",MEDIO,25,folio_alto_ratio_cancelaciones: 100% de movimientos cancelados,"Alerta tx 890 (folio 15862, cód RENHAB, monto 1708.00): [CANCELACION_SOSPECHOSA] — folio_alto_ratio_cancelaciones: 100% de movimientos cancelados — | ctx: USUARIO_MODIFICACION: creado por 'ALM', modificado por 'AGH'"
377,135986,RENHAB,2445.53,2025-09-15,True,False,False,,"USUARIO_MODIFICACION: creado por 'DOB', modificado por 'CEV'",BAJO,0,,"Alerta tx 377 (folio 135986, cód RENHAB, monto 2445.53): | ctx: USUARIO_MODIFICACION: creado por 'DOB', modificado por 'CEV'"
327,39703,PROPTI,48.0,2022-09-13,True,False,False,,"USUARIO_MODIFICACION: creado por 'ALM', modificado por 'SSL'",BAJO,0,,"Alerta tx 327 (folio 39703, cód PROPTI, monto 48.00): | ctx: USUARIO_MODIFICACION: creado por 'ALM', modificado por 'SSL'"
16,86029,EFE,29522.0,2024-03-11,True,True,False,MONTO_ATIPICO,,MEDIO,25,"monto_atipico: monto_abs=29522.00, z=6.30 (umbral ±2.0) para código 'EFE'","Alerta tx 16 (folio 86029, cód EFE, monto 29522.00): [MONTO_ATIPICO] — monto_atipico: monto_abs=29522.00, z=6.30 (umbral ±2.0) para código 'EFE'"
307,95640,PROPTI,58.08,2024-06-08,True,False,False,,"USUARIO_MODIFICACION: creado por 'VN2', modificado por 'RFR'",BAJO,0,,"Alerta tx 307 (folio 95640, cód PROPTI, monto 58.08): | ctx: USUARIO_MODIFICACION: creado por 'VN2', modificado por 'RFR'"
554,12675,PROPTI,48.0,2021-09-24,True,False,False,,"USUARIO_MODIFICACION: creado por 'ALM', modificado por 'RFR'",BAJO,0,,"Alerta tx 554 (folio 12675, cód PROPTI, monto 48.00): | ctx: USUARIO_MODIFICACION: creado por 'ALM', modificado por 'RFR'"
687,6668,RENHAB,1161.0,2021-06-14,True,False,False,,"USUARIO_MODIFICACION: creado por 'MCC', modificado por 'RFR'",BAJO,0,,"Alerta tx 687 (folio 6668, cód RENHAB, monto 1161.00): | ctx: USUARIO_MODIFICACION: creado por 'MCC', modificado por 'RFR'"
799,130300,PROPTI,116.16,2025-07-22,True,True,False,MONTO_ATIPICO,,MEDIO,25,"monto_atipico: monto_abs=116.16, z=3.34 (umbral ±2.0) para código 'PROPTI'","Alerta tx 799 (folio 130300, cód PROPTI, monto 116.16): [MONTO_ATIPICO] — monto_atipico: monto_abs=116.16, z=3.34 (umbral ±2.0) para código 'PROPTI'"
68,59872,CANXFA,5313.93,2023-05-25,True,True,False,FUERA_DE_ESTANCIA | CONTEXTO_RESERVACION,,ALTO,55,"cargo_despues_checkout: fecha_cargo=2023-05-25, check-out=2023-05-24 | noches_inconsistentes: cargo=0, reserva=3.0","Alerta tx 68 (folio 59872, cód CANXFA, monto 5313.93): [FUERA_DE_ESTANCIA | CONTEXTO_RESERVACION] — cargo_despues_checkout: fecha_cargo=2023-05-25, check-out=2023-05-24; noches_inconsistentes: cargo=0, reserva=3.0"
243,55360,RENHAB,3342.71,2023-04-13,True,True,False,CANCELACION_SOSPECHOSA,"USUARIO_MODIFICACION: creado por 'EGT', modificado por 'AB9' (monto alto)",MEDIO,25,cancelacion_monto_alto: monto cancelado=3342.71,"Alerta tx 243 (folio 55360, cód RENHAB, monto 3342.71): [CANCELACION_SOSPECHOSA] — cancelacion_monto_alto: monto cancelado=3342.71 — | ctx: USUARIO_MODIFICACION: creado por 'EGT', modificado por 'AB9' (monto alto)"
941,7554,RENHAB,1281.95,2021-06-30,True,False,False,,"USUARIO_MODIFICACION: creado por 'MCC', modificado por 'RFR'",BAJO,0,,"Alerta tx 941 (folio 7554, cód RENHAB, monto 1281.95): | ctx: USUARIO_MODIFICACION: creado por 'MCC', modificado por 'RFR'"
648,5880,RENHAB,1818.55,2021-06-02,True,False,False,,"USUARIO_MODIFICACION: creado por 'MCC', modificado por 'IEP'",BAJO,0,,"Alerta tx 648 (folio 5880, cód RENHAB, monto 1818.55): | ctx: USUARIO_MODIFICACION: creado por 'MCC', modificado por 'IEP'"
660,7684,PROPTI,48.0,2021-07-03,True,False,False,,"USUARIO_MODIFICACION: creado por 'MCC', modificado por 'RFR'",BAJO,0,,"Alerta tx 660 (folio 7684, cód PROPTI, monto 48.00): | ctx: USUARIO_MODIFICACION: creado por 'MCC', modificado por 'RFR'"
558,43767,PROPTI,-72.0,2022-11-22,True,True,False,CANCELACION_SOSPECHOSA,"USUARIO_MODIFICACION: creado por 'ALM', modificado por 'LAR'",MEDIO,25,cancelacion_monto_alto: monto cancelado=72.00,"Alerta tx 558 (folio 43767, cód PROPTI, monto -72.00): [CANCELACION_SOSPECHOSA] — cancelacion_monto_alto: monto cancelado=72.00 — | ctx: USUARIO_MODIFICACION: creado por 'ALM', modificado por 'LAR'"
348,13170,RENHAB,-1269.64,2021-10-04,True,False,False,,"USUARIO_MODIFICACION: creado por 'ALM', modificado por 'HMR'",BAJO,0,,"Alerta tx 348 (folio 13170, cód RENHAB, monto -1269.64): | ctx: USUARIO_MODIFICACION: creado por 'ALM', modificado por 'HMR'"
511,136513,RENHAB,2159.42,2025-09-21,True,False,False,,"USUARIO_MODIFICACION: creado por 'DOB', modificado por 'CEV'",BAJO,0,,"Alerta tx 511 (folio 136513, cód RENHAB, monto 2159.42): | ctx: USUARIO_MODIFICACION: creado por 'DOB', modificado por 'CEV'"
104,125897,CANXFA,4590.0,2025-05-29,True,True,False,FUERA_DE_ESTANCIA,,MEDIO,35,"cargo_despues_checkout: fecha_cargo=2025-05-29, check-out=2025-05-28","Alerta tx 104 (folio 125897, cód CANXFA, monto 4590.00): [FUERA_DE_ESTANCIA] — cargo_despues_checkout: fecha_cargo=2025-05-29, check-out=2025-05-28"
725,5297,RENHAB,2429.94,2021-05-22,True,False,False,,"USUARIO_MODIFICACION: creado por 'MCC', modificado por 'JML'",BAJO,0,,"Alerta tx 725 (folio 5297, cód RENHAB, monto 2429.94): | ctx: USUARIO_MODIFICACION: creado por 'MCC', modificado por 'JML'"
107,66602,TRANSF,10596.69,2023-07-29,True,False,True,CONTEXTO_RESERVACION,,MEDIO,20,"noches_inconsistentes: cargo=0, reserva=3.0","Alerta tx 107 (folio 66602, cód TRANSF, monto 10596.69): [CONTEXTO_RESERVACION] — noches_inconsistentes: cargo=0, reserva=3.0"
13,60446,DEPHAB,20000.0,2023-05-30,True,True,False,MONTO_ATIPICO,,MEDIO,25,"monto_atipico: monto_abs=20000.00, z=2.23 (umbral ±2.0) para código 'DEPHAB'","Alerta tx 13 (folio 60446, cód DEPHAB, monto 20000.00): [MONTO_ATIPICO] — monto_atipico: monto_abs=20000.00, z=2.23 (umbral ±2.0) para código 'DEPHAB'"
139,53497,RESDEP,28276.0,2023-04-02,True,True,False,MONTO_ATIPICO,,MEDIO,25,"monto_atipico: monto_abs=28276.00, z=2.60 (umbral ±2.0) para código 'RESDEP'","Alerta tx 139 (folio 53497, cód RESDEP, monto 28276.00): [MONTO_ATIPICO] — monto_atipico: monto_abs=28276.00, z=2.60 (umbral ±2.0) para código 'RESDEP'"
333,24759,RENHAB,4228.94,2022-03-19,True,True,False,MONTO_ATIPICO,,MEDIO,25,"monto_atipico: monto_abs=4228.94, z=2.56 (umbral ±2.0) para código 'RENHAB'","Alerta tx 333 (folio 24759, cód RENHAB, monto 4228.94): [MONTO_ATIPICO] — monto_atipico: monto_abs=4228.94, z=2.56 (umbral ±2.0) para código 'RENHAB'"
505,86351,PROPTI,14.52,2024-03-14,True,False,False,,"USUARIO_MODIFICACION: creado por 'EGT', modificado por 'MCZ'",BAJO,0,,"Alerta tx 505 (folio 86351, cód PROPTI, monto 14.52): | ctx: USUARIO_MODIFICACION: creado por 'EGT', modificado por 'MCZ'"
727,91661,RENHAB,2056.86,2024-05-01,True,False,False,,"USUARIO_MODIFICACION: creado por 'EGT', modificado por 'MBJ'",BAJO,0,,"Alerta tx 727 (folio 91661, cód RENHAB, monto 2056.86): | ctx: USUARIO_MODIFICACION: creado por 'EGT', modificado por 'MBJ'"
601,67046,PEREXT,1413.0,2023-07-30,True,False,False,,"USUARIO_MODIFICACION: creado por 'JLS', modificado por 'MBJ'",BAJO,0,,"Alerta tx 601 (folio 67046, cód PEREXT, monto 1413.00): | ctx: USUARIO_MODIFICACION: creado por 'JLS', modificado por 'MBJ'"
643,129372,RENHAB,2453.92,2025-07-12,True,False,False,,"USUARIO_MODIFICACION: creado por 'EGT', modificado por 'CEV'",BAJO,0,,"Alerta tx 643 (folio 129372, cód RENHAB, monto 2453.92): | ctx: USUARIO_MODIFICACION: creado por 'EGT', modificado por 'CEV'"
387,6343,RENHAB,0.0,2021-10-28,True,True,False,MONTO_ATIPICO | CONTEXTO_RESERVACION,,MEDIO,45,"monto_atipico: monto_abs=0.00, z=-2.63 (umbral ±2.0) para código 'RENHAB' | noches_inconsistentes: cargo=53, reserva=112.0","Alerta tx 387 (folio 6343, cód RENHAB, monto 0.00): [MONTO_ATIPICO | CONTEXTO_RESERVACION] — monto_atipico: monto_abs=0.00, z=-2.63 (umbral ±2.0) para código 'RENHAB'; noches_inconsistentes: cargo=53, reserva=112.0"
623,16028,RENHAB,-2164.5,2021-11-17,True,False,False,,"USUARIO_MODIFICACION: creado por 'ALM', modificado por 'AGH'",BAJO,0,,"Alerta tx 623 (folio 16028, cód RENHAB, monto -2164.50): | ctx: USUARIO_MODIFICACION: creado por 'ALM', modificado por 'AGH'"
746,50669,RENHAB,2620.8,2023-02-25,True,False,False,,"USUARIO_MODIFICACION: creado por 'EGT', modificado por 'CEV' (monto alto)",BAJO,0,,"Alerta tx 746 (folio 50669, cód RENHAB, monto 2620.80): | ctx: USUARIO_MODIFICACION: creado por 'EGT', modificado por 'CEV' (monto alto)"
346,62932,PROPTI,13.2,2023-06-20,True,False,False,,"USUARIO_MODIFICACION: creado por 'JLS', modificado por 'MCZ'",BAJO,0,,"Alerta tx 346 (folio 62932, cód PROPTI, monto 13.20): | ctx: USUARIO_MODIFICACION: creado por 'JLS', modificado por 'MCZ'"
150,DEP103,TRANSF,36430.0,2021-03-22,True,True,False,MONTO_ATIPICO,,MEDIO,25,"monto_atipico: monto_abs=36430.00, z=3.98 (umbral ±2.0) para código 'TRANSF'","Alerta tx 150 (folio DEP103, cód TRANSF, monto 36430.00): [MONTO_ATIPICO] — monto_atipico: monto_abs=36430.00, z=3.98 (umbral ±2.0) para código 'TRANSF'"
341,31096,RENHAB,0.0,2022-06-09,True,True,False,MONTO_ATIPICO,,MEDIO,25,"monto_atipico: monto_abs=0.00, z=-2.63 (umbral ±2.0) para código 'RENHAB'","Alerta tx 341 (folio 31096, cód RENHAB, monto 0.00): [MONTO_ATIPICO] — monto_atipico: monto_abs=0.00, z=-2.63 (umbral ±2.0) para código 'RENHAB'"
102,12129,RENHAB,1943.0,2021-09-14,True,False,False,,"USUARIO_MODIFICACION: creado por 'ALM', modificado por 'JEO'",BAJO,0,,"Alerta tx 102 (folio 12129, cód RENHAB, monto 1943.00): | ctx: USUARIO_MODIFICACION: creado por 'ALM', modificado por 'JEO'"
723,76734,PROPTI,-52.8,2023-11-19,True,False,False,,"USUARIO_MODIFICACION: creado por 'EGT', modificado por 'OLN'",BAJO,0,,"Alerta tx 723 (folio 76734, cód PROPTI, monto -52.80): | ctx: USUARIO_MODIFICACION: creado por 'EGT', modificado por 'OLN'"
569,46215,RENHAB,4509.88,2022-12-31,True,True,False,MONTO_ATIPICO,,MEDIO,25,"monto_atipico: monto_abs=4509.88, z=2.90 (umbral ±2.0) para código 'RENHAB'","Alerta tx 569 (folio 46215, cód RENHAB, monto 4509.88): [MONTO_ATIPICO] — monto_atipico: monto_abs=4509.88, z=2.90 (umbral ±2.0) para código 'RENHAB'"
703,108799,RENHAB,3848.36,2024-11-22,True,True,False,MONTO_ATIPICO,,MEDIO,25,"monto_atipico: monto_abs=3848.36, z=2.09 (umbral ±2.0) para código 'RENHAB'","Alerta tx 703 (folio 108799, cód RENHAB, monto 3848.36): [MONTO_ATIPICO] — monto_atipico: monto_abs=3848.36, z=2.09 (umbral ±2.0) para código 'RENHAB'"
441,109299,RENHAB,2497.9,2024-11-25,True,False,False,,"USUARIO_MODIFICACION: creado por 'ISU', modificado por 'OLN'",BAJO,0,,"Alerta tx 441 (folio 109299, cód RENHAB, monto 2497.90): | ctx: USUARIO_MODIFICACION: creado por 'ISU', modificado por 'OLN'"
704,3344,PROPTI,-48.0,2021-04-20,True,False,False,,"USUARIO_MODIFICACION: creado por 'ALM', modificado por 'KJG'",BAJO,0,,"Alerta tx 704 (folio 3344, cód PROPTI, monto -48.00): | ctx: USUARIO_MODIFICACION: creado por 'ALM', modificado por 'KJG'"
826,62952,RENHAB,2234.0,2023-06-24,True,False,False,,"USUARIO_MODIFICACION: creado por 'EGT', modificado por 'CMG'",BAJO,0,,"Alerta tx 826 (folio 62952, cód RENHAB, monto 2234.00): | ctx: USUARIO_MODIFICACION: creado por 'EGT', modificado por 'CMG'"
14,7745,XFAC,4811.64,2021-07-05,True,False,True,CONTEXTO_RESERVACION,,MEDIO,20,"noches_inconsistentes: cargo=0, reserva=3.0","Alerta tx 14 (folio 7745, cód XFAC, monto 4811.64): [CONTEXTO_RESERVACION] — noches_inconsistentes: cargo=0, reserva=3.0"
372,101001,RENHAB,0.0,2024-08-03,True,True,False,MONTO_ATIPICO,,MEDIO,25,"monto_atipico: monto_abs=0.00, z=-2.63 (umbral ±2.0) para código 'RENHAB'","Alerta tx 372 (folio 101001, cód RENHAB, monto 0.00): [MONTO_ATIPICO] — monto_atipico: monto_abs=0.00, z=-2.63 (umbral ±2.0) para código 'RENHAB'"
1414,1775,PROPTI,-48.0,2021-03-29,True,False,False,,"USUARIO_MODIFICACION: creado por 'FJL', modificado por 'LBB'",BAJO,0,,"Alerta tx 1414 (folio 1775, cód PROPTI, monto -48.00): | ctx: USUARIO_MODIFICACION: creado por 'FJL', modificado por 'LBB'"
1467,963,PROPTI,48.0,2021-03-20,True,False,False,,"USUARIO_MODIFICACION: creado por 'FJL', modificado por 'NCR'",BAJO,0,,"Alerta tx 1467 (folio 963, cód PROPTI, monto 48.00): | ctx: USUARIO_MODIFICACION: creado por 'FJL', modificado por 'NCR'"
121,14058,PROPTI,72.0,2021-10-17,True,True,False,CANCELACION_SOSPECHOSA,"USUARIO_MODIFICACION: creado por 'ALM', modificado por 'JEO'",MEDIO,25,cancelacion_monto_alto: monto cancelado=72.00,"Alerta tx 121 (folio 14058, cód PROPTI, monto 72.00): [CANCELACION_SOSPECHOSA] — cancelacion_monto_alto: monto cancelado=72.00 — | ctx: USUARIO_MODIFICACION: creado por 'ALM', modificado por 'JEO'"
198,71173,RENHAB,2481.2,2023-09-04,True,False,False,,"USUARIO_MODIFICACION: creado por 'EGT', modificado por 'AB9'",BAJO,0,,"Alerta tx 198 (folio 71173, cód RENHAB, monto 2481.20): | ctx: USUARIO_MODIFICACION: creado por 'EGT', modificado por 'AB9'"
730,491,RENHAB,1422.0,2021-03-13,True,False,False,,"USUARIO_MODIFICACION: creado por 'ALM', modificado por 'BEM'",BAJO,0,,"Alerta tx 730 (folio 491, cód RENHAB, monto 1422.00): | ctx: USUARIO_MODIFICACION: creado por 'ALM', modificado por 'BEM'"
35,51883,CANXFA,7298.0,2023-03-13,True,True,False,FUERA_DE_ESTANCIA,,MEDIO,35,"cargo_despues_checkout: fecha_cargo=2023-03-13, check-out=2023-03-12","Alerta tx 35 (folio 51883, cód CANXFA, monto 7298.00): [FUERA_DE_ESTANCIA] — cargo_despues_checkout: fecha_cargo=2023-03-13, check-out=2023-03-12"
640,109253,PROPTI,58.08,2024-11-28,True,False,False,,"USUARIO_MODIFICACION: creado por 'ISU', modificado por 'OLN'",BAJO,0,,"Alerta tx 640 (folio 109253, cód PROPTI, monto 58.08): | ctx: USUARIO_MODIFICACION: creado por 'ISU', modificado por 'OLN'"
404,233,RENHAB,-1524.0,2021-03-07,True,False,False,,"USUARIO_MODIFICACION: creado por 'FJL', modificado por 'ALM'",BAJO,0,,"Alerta tx 404 (folio 233, cód RENHAB, monto -1524.00): | ctx: USUARIO_MODIFICACION: creado por 'FJL', modificado por 'ALM'"
473,69595,RENHAB,0.0,2023-08-20,True,True,False,MONTO_ATIPICO,,MEDIO,25,"monto_atipico: monto_abs=0.00, z=-2.63 (umbral ±2.0) para código 'RENHAB'","Alerta tx 473 (folio 69595, cód RENHAB, monto 0.00): [MONTO_ATIPICO] — monto_atipico: monto_abs=0.00, z=-2.63 (umbral ±2.0) para código 'RENHAB'"
45,18582,RENCOM,5430.0,2021-12-26,True,True,False,MONTO_ATIPICO,,MEDIO,25,"monto_atipico: monto_abs=5430.00, z=3.87 (umbral ±2.0) para código 'RENCOM'","Alerta tx 45 (folio 18582, cód RENCOM, monto 5430.00): [MONTO_ATIPICO] — monto_atipico: monto_abs=5430.00, z=3.87 (umbral ±2.0) para código 'RENCOM'"
310,142577,PROPTI,58.08,2025-12-19,True,False,False,,"USUARIO_MODIFICACION: creado por 'EGT', modificado por 'CEV'",BAJO,0,,"Alerta tx 310 (folio 142577, cód PROPTI, monto 58.08): | ctx: USUARIO_MODIFICACION: creado por 'EGT', modificado por 'CEV'"
749,69216,RENHAB,2765.24,2023-08-17,True,False,False,,"USUARIO_MODIFICACION: creado por 'EGT', modificado por 'MBJ' (monto alto)",BAJO,0,,"Alerta tx 749 (folio 69216, cód RENHAB, monto 2765.24): | ctx: USUARIO_MODIFICACION: creado por 'EGT', modificado por 'MBJ' (monto alto)"
422,106682,PROPTI,145.2,2024-10-24,True,True,False,MONTO_ATIPICO,,MEDIO,25,"monto_atipico: monto_abs=145.20, z=4.68 (umbral ±2.0) para código 'PROPTI'","Alerta tx 422 (folio 106682, cód PROPTI, monto 145.20): [MONTO_ATIPICO] — monto_atipico: monto_abs=145.20, z=4.68 (umbral ±2.0) para código 'PROPTI'"
463,103189,PROPTI,-58.08,2024-08-24,True,False,False,,"USUARIO_MODIFICACION: creado por 'EGT', modificado por 'RFR'",BAJO,0,,"Alerta tx 463 (folio 103189, cód PROPTI, monto -58.08): | ctx: USUARIO_MODIFICACION: creado por 'EGT', modificado por 'RFR'"
971,123647,PROPTI,-87.12,2025-05-09,True,True,False,CANCELACION_SOSPECHOSA,"USUARIO_MODIFICACION: creado por 'EGT', modificado por 'CEV'",MEDIO,25,cancelacion_monto_alto: monto cancelado=87.12,"Alerta tx 971 (folio 123647, cód PROPTI, monto -87.12): [CANCELACION_SOSPECHOSA] — cancelacion_monto_alto: monto cancelado=87.12 — | ctx: USUARIO_MODIFICACION: creado por 'EGT', modificado por 'CEV'"
33,421,EMPCXC,144.0,2021-03-14,True,False,True,CONTEXTO_RESERVACION,,MEDIO,20,"noches_inconsistentes: cargo=0, reserva=3.0","Alerta tx 33 (folio 421, cód EMPCXC, monto 144.00): [CONTEXTO_RESERVACION] — noches_inconsistentes: cargo=0, reserva=3.0"
753,111102,PROPTI,-29.04,2024-12-20,True,False,False,,"USUARIO_MODIFICACION: creado por 'EGT', modificado por 'RFR'",BAJO,0,,"Alerta tx 753 (folio 111102, cód PROPTI, monto -29.04): | ctx: USUARIO_MODIFICACION: creado por 'EGT', modificado por 'RFR'"
405,4146,PROPTI,48.0,2021-05-03,True,False,False,,"USUARIO_MODIFICACION: creado por 'MCC', modificado por 'JML'",BAJO,0,,"Alerta tx 405 (folio 4146, cód PROPTI, monto 48.00): | ctx: USUARIO_MODIFICACION: creado por 'MCC', modificado por 'JML'"
178,50749,RENHAB,2055.85,2023-02-26,True,False,False,,"USUARIO_MODIFICACION: creado por 'EGT', modificado por 'CEV'",BAJO,0,,"Alerta tx 178 (folio 50749, cód RENHAB, monto 2055.85): | ctx: USUARIO_MODIFICACION: creado por 'EGT', modificado por 'CEV'"
854,4580,PROPTI,-24.0,2021-05-10,True,False,False,,"USUARIO_MODIFICACION: creado por 'MCC', modificado por 'RFR'",BAJO,0,,"Alerta tx 854 (folio 4580, cód PROPTI, monto -24.00): | ctx: USUARIO_MODIFICACION: creado por 'MCC', modificado por 'RFR'"
76,93168,CANXFA,6238.4,2024-05-16,True,True,False,FUERA_DE_ESTANCIA | CONTEXTO_RESERVACION,,ALTO,55,"cargo_despues_checkout: fecha_cargo=2024-05-16, check-out=2024-05-14 | noches_inconsistentes: cargo=0, reserva=3.0","Alerta tx 76 (folio 93168, cód CANXFA, monto 6238.40): [FUERA_DE_ESTANCIA | CONTEXTO_RESERVACION] — cargo_despues_checkout: fecha_cargo=2024-05-16, check-out=2024-05-14; noches_inconsistentes: cargo=0, reserva=3.0"
602,36970,RENHAB,4073.0,2022-08-07,True,True,False,MONTO_ATIPICO,,MEDIO,25,"monto_atipico: monto_abs=4073.00, z=2.36 (umbral ±2.0) para código 'RENHAB'","Alerta tx 602 (folio 36970, cód RENHAB, monto 4073.00): [MONTO_ATIPICO] — monto_atipico: monto_abs=4073.00, z=2.36 (umbral ±2.0) para código 'RENHAB'"
217,105682,RENHAB,2389.22,2024-10-08,True,False,False,,"USUARIO_MODIFICACION: creado por 'EGT', modificado por 'RFR'",BAJO,0,,"Alerta tx 217 (folio 105682, cód RENHAB, monto 2389.22): | ctx: USUARIO_MODIFICACION: creado por 'EGT', modificado por 'RFR'"
340,82015,PROPTI,79.2,2024-01-25,True,True,False,CANCELACION_SOSPECHOSA,"USUARIO_MODIFICACION: creado por 'EGT', modificado por 'MBJ'",MEDIO,25,cancelacion_monto_alto: monto cancelado=79.20,"Alerta tx 340 (folio 82015, cód PROPTI, monto 79.20): [CANCELACION_SOSPECHOSA] — cancelacion_monto_alto: monto cancelado=79.20 — | ctx: USUARIO_MODIFICACION: creado por 'EGT', modificado por 'MBJ'"
1524,1029,RENHAB,2883.0,2021-03-19,True,False,False,,"USUARIO_MODIFICACION: creado por 'FJL', modificado por 'NCR' (monto alto)",BAJO,0,,"Alerta tx 1524 (folio 1029, cód RENHAB, monto 2883.00): | ctx: USUARIO_MODIFICACION: creado por 'FJL', modificado por 'NCR' (monto alto)"
930,54770,RENHAB,1867.2,2023-04-10,True,False,False,,"USUARIO_MODIFICACION: creado por 'EGT', modificado por 'JLS'",BAJO,0,,"Alerta tx 930 (folio 54770, cód RENHAB, monto 1867.20): | ctx: USUARIO_MODIFICACION: creado por 'EGT', modificado por 'JLS'"
720,55958,RENHAB,0.0,2023-04-21,True,True,False,MONTO_ATIPICO,,MEDIO,25,"monto_atipico: monto_abs=0.00, z=-2.63 (umbral ±2.0) para código 'RENHAB'","Alerta tx 720 (folio 55958, cód RENHAB, monto 0.00): [MONTO_ATIPICO] — monto_atipico: monto_abs=0.00, z=-2.63 (umbral ±2.0) para código 'RENHAB'"
659,7944,PROPTI,48.0,2021-07-04,True,False,False,,"USUARIO_MODIFICACION: creado por 'MCC', modificado por 'RFR'",BAJO,0,,"Alerta tx 659 (folio 7944, cód PROPTI, monto 48.00): | ctx: USUARIO_MODIFICACION: creado por 'MCC', modificado por 'RFR'"
616,6996,PROPTI,72.0,2021-06-19,True,True,False,CANCELACION_SOSPECHOSA,"USUARIO_MODIFICACION: creado por 'MCC', modificado por 'RFR'",MEDIO,25,cancelacion_monto_alto: monto cancelado=72.00,"Alerta tx 616 (folio 6996, cód PROPTI, monto 72.00): [CANCELACION_SOSPECHOSA] — cancelacion_monto_alto: monto cancelado=72.00 — | ctx: USUARIO_MODIFICACION: creado por 'MCC', modificado por 'RFR'"
284,15468,PROPTI,48.0,2021-11-09,True,False,False,,"USUARIO_MODIFICACION: creado por 'ALM', modificado por 'RFR'",BAJO,0,,"Alerta tx 284 (folio 15468, cód PROPTI, monto 48.00): | ctx: USUARIO_MODIFICACION: creado por 'ALM', modificado por 'RFR'"
208,103423,RENHAB,0.0,2024-09-05,True,True,False,MONTO_ATIPICO,,MEDIO,25,"monto_atipico: monto_abs=0.00, z=-2.63 (umbral ±2.0) para código 'RENHAB'","Alerta tx 208 (folio 103423, cód RENHAB, monto 0.00): [MONTO_ATIPICO] — monto_atipico: monto_abs=0.00, z=-2.63 (umbral ±2.0) para código 'RENHAB'"
741,18177,PROPTI,-72.0,2021-12-20,True,True,False,CANCELACION_SOSPECHOSA,"USUARIO_MODIFICACION: creado por 'ALM', modificado por 'EGT'",MEDIO,25,cancelacion_monto_alto: monto cancelado=72.00,"Alerta tx 741 (folio 18177, cód PROPTI, monto -72.00): [CANCELACION_SOSPECHOSA] — cancelacion_monto_alto: monto cancelado=72.00 — | ctx: USUARIO_MODIFICACION: creado por 'ALM', modificado por 'EGT'"
240,135154,PROPTI,0.0,2025-09-04,True,True,False,MONTO_ATIPICO,,MEDIO,25,"monto_atipico: monto_abs=0.00, z=-2.03 (umbral ±2.0) para código 'PROPTI'","Alerta tx 240 (folio 135154, cód PROPTI, monto 0.00): [MONTO_ATIPICO] — monto_atipico: monto_abs=0.00, z=-2.03 (umbral ±2.0) para código 'PROPTI'"
93,50113,CANXFA,6325.12,2023-02-19,True,True,False,FUERA_DE_ESTANCIA | CONTEXTO_RESERVACION,,ALTO,55,"cargo_despues_checkout: fecha_cargo=2023-02-19, check-out=2023-02-10 | noches_inconsistentes: cargo=0, reserva=4.0","Alerta tx 93 (folio 50113, cód CANXFA, monto 6325.12): [FUERA_DE_ESTANCIA | CONTEXTO_RESERVACION] — cargo_despues_checkout: fecha_cargo=2023-02-19, check-out=2023-02-10; noches_inconsistentes: cargo=0, reserva=4.0"
882,6767,PROPTI,-48.0,2021-06-16,True,False,False,,"USUARIO_MODIFICACION: creado por 'MCC', modificado por 'RFR'",BAJO,0,,"Alerta tx 882 (folio 6767, cód PROPTI, monto -48.00): | ctx: USUARIO_MODIFICACION: creado por 'MCC', modificado por 'RFR'"
26,136898,RENAJU,13552.0,2025-09-30,True,True,False,MONTO_ATIPICO,,MEDIO,25,"monto_atipico: monto_abs=13552.00, z=2.44 (umbral ±2.0) para código 'RENAJU'","Alerta tx 26 (folio 136898, cód RENAJU, monto 13552.00): [MONTO_ATIPICO] — monto_atipico: monto_abs=13552.00, z=2.44 (umbral ±2.0) para código 'RENAJU'"
