id_transaccion,folio,codigo,monto,fecha,es_anomalia,es_alerta_operativa,es_senal_contexto,cluster_anomalia,senales_contexto,nivel_riesgo,score_riesgo,reglas_activadas,mensaje_alerta
497,135154,EFE,285.0,2025-09-05,True,False,True,CONTEXTO_RESERVACION,,MEDIO,20,"noches_inconsistentes: cargo=0, reserva=3.0","Alerta tx 497 (folio 135154, cód EFE, monto 285.00): [CONTEXTO_RESERVACION] — noches_inconsistentes: cargo=0, reserva=3.0"
462,139291,PROPTI,-58.08,2025-11-04,True,False,False,,"USUARIO_MODIFICACION: creado por 'EGT', modificado por 'MYB'",BAJO,0,,"Alerta tx 462 (folio 139291, cód PROPTI, monto -58.08): | ctx: USUARIO_MODIFICACION: creado por 'EGT', modificado por 'MYB'"
463,103189,PROPTI,-58.08,2024-08-24,True,False,False,,"USUARIO_MODIFICACION: creado por 'EGT', modificado por 'RFR'",BAJO,0,,"Alerta tx 463 (folio 103189, cód PROPTI, monto -58.08): | ctx: USUARIO_MODIFICACION: creado por 'EGT', modificado por 'RFR'"
879,5237,TRANSF,10347.5,2021-05-21,True,False,False,,"USUARIO_MODIFICACION: creado por 'IVL', modificado por 'KJG' (monto alto)",BAJO,0,,"Alerta tx 879 (folio 5237, cód TRANSF, monto 10347.50): | ctx: USUARIO_MODIFICACION: creado por 'IVL', modificado por 'KJG' (monto alto)"
42,146899,EFE,2810.0,2026-02-08,True,False,False,,"USUARIO_MODIFICACION: creado por 'SN2', modificado por 'AQX' (monto alto)",BAJO,0,,"Alerta tx 42 (folio 146899, cód EFE, monto 2810.00): | ctx: USUARIO_MODIFICACION: creado por 'SN2', modificado por 'AQX' (monto alto)"
577,2431,PROPTI,48.0,2021-04-06,True,False,False,,"USUARIO_MODIFICACION: creado por 'ALM', modificado por 'RFR'",BAJO,0,,"Alerta tx 577 (folio 2431, cód PROPTI, monto 48.00): | ctx: USUARIO_MODIFICACION: creado por 'ALM', modificado por 'RFR'"
337,6367,RENHAB,1986.5,2021-06-10,True,False,False,,"USUARIO_MODIFICACION: creado por 'MCC', modificado por 'RFR'",BAJO,0,,"Alerta tx 337 (folio 6367, cód RENHAB, monto 1986.50): | ctx: USUARIO_MODIFICACION: creado por 'MCC', modificado por 'RFR'"
260,30944,PROPTI,24.0,2022-06-06,True,False,False,,"USUARIO_MODIFICACION: creado por 'ALM', modificado por 'RRN'",BAJO,0,,"Alerta tx 260 (folio 30944, cód PROPTI, monto 24.00): | ctx: USUARIO_MODIFICACION: creado por 'ALM', modificado por 'RRN'"
611,22185,PROPTI,-48.0,2022-02-13,True,False,False,,"USUARIO_MODIFICACION: creado por 'AGH', modificado por 'EGT'",BAJO,0,,"Alerta tx 611 (folio 22185, cód PROPTI, monto -48.00): | ctx: USUARIO_MODIFICACION: creado por 'AGH', modificado por 'EGT'"
773,116893,RENHAB,-1924.88,2025-03-04,True,False,False,,"USUARIO_MODIFICACION: creado por 'EGT', modificado por 'CEV'",BAJO,0,,"Alerta tx 773 (folio 116893, cód RENHAB, monto -1924.88): | ctx: USUARIO_MODIFICACION: creado por 'EGT', modificado por 'CEV'"
1170,9825,PROPTI,48.0,2021-08-01,True,False,False,,"USUARIO_MODIFICACION: creado por 'MCC', modificado por 'KJG'",BAJO,0,,"Alerta tx 1170 (folio 9825, cód PROPTI, monto 48.00): | ctx: USUARIO_MODIFICACION: creado por 'MCC', modificado por 'KJG'"
179,120526,RENHAB,1763.52,2025-04-09,True,False,False,,"USUARIO_MODIFICACION: creado por 'DOB', modificado por 'RFR'",BAJO,0,,"Alerta tx 179 (folio 120526, cód RENHAB, monto 1763.52): | ctx: USUARIO_MODIFICACION: creado por 'DOB', modificado por 'RFR'"
305,136176,PROPTI,58.08,2025-09-18,True,False,False,,"USUARIO_MODIFICACION: creado por 'EGT', modificado por 'MYB'",BAJO,0,,"Alerta tx 305 (folio 136176, cód PROPTI, monto 58.08): | ctx: USUARIO_MODIFICACION: creado por 'EGT', modificado por 'MYB'"
951,6971,RENHAB,-2299.0,2021-06-18,True,False,False,,"USUARIO_MODIFICACION: creado por 'MCC', modificado por 'RFR'",BAJO,0,,"Alerta tx 951 (folio 6971, cód RENHAB, monto -2299.00): | ctx: USUARIO_MODIFICACION: creado por 'MCC', modificado por 'RFR'"
607,77197,RENHAB,-2377.2,2023-11-23,True,False,False,,"USUARIO_MODIFICACION: creado por 'EGT', modificado por 'CMG'",BAJO,0,,"Alerta tx 607 (folio 77197, cód RENHAB, monto -2377.20): | ctx: USUARIO_MODIFICACION: creado por 'EGT', modificado por 'CMG'"
347,121779,RENHAB,541.92,2025-04-21,True,False,False,,"USUARIO_MODIFICACION: creado por 'DOB', modificado por 'RM2'",BAJO,0,,"Alerta tx 347 (folio 121779, cód RENHAB, monto 541.92): | ctx: USUARIO_MODIFICACION: creado por 'DOB', modificado por 'RM2'"
10,27070,RENCOM,0.04,2022-04-19,True,False,True,CONTEXTO_RESERVACION,,MEDIO,20,"noches_inconsistentes: cargo=0, reserva=3.0","Alerta tx 10 (folio 27070, cód RENCOM, monto 0.04): [CONTEXTO_RESERVACION] — noches_inconsistentes: cargo=0, reserva=3.0"
790,37693,RENHAB,-1772.04,2022-08-17,True,False,False,,"USUARIO_MODIFICACION: creado por 'ALM', modificado por 'EGT'",BAJO,0,,"Alerta tx 790 (folio 37693, cód RENHAB, monto -1772.04): | ctx: USUARIO_MODIFICACION: creado por 'ALM', modificado por 'EGT'"
676,37968,PEREXT,1574.0,2022-08-19,True,False,False,,"USUARIO_MODIFICACION: creado por 'ALM', modificado por 'NGA'",BAJO,0,,"Alerta tx 676 (folio 37968, cód PEREXT, monto 1574.00): | ctx: USUARIO_MODIFICACION: creado por 'ALM', modificado por 'NGA'"
238,47883,PROPTI,12.0,2023-01-24,True,False,False,,"USUARIO_MODIFICACION: creado por 'EGT', modificado por 'NGA'",BAJO,0,,"Alerta tx 238 (folio 47883, cód PROPTI, monto 12.00): | ctx: USUARIO_MODIFICACION: creado por 'EGT', modificado por 'NGA'"
530,3908,AJPEXT,954.0,2021-04-29,True,False,False,,"USUARIO_MODIFICACION: creado por 'MCC', modificado por 'FJL'",BAJO,0,,"Alerta tx 530 (folio 3908, cód AJPEXT, monto 954.00): | ctx: USUARIO_MODIFICACION: creado por 'MCC', modificado por 'FJL'"
866,93447,PROPTI,29.04,2024-05-18,True,False,False,,"USUARIO_MODIFICACION: creado por 'EGT', modificado por 'RFR'",BAJO,0,,"Alerta tx 866 (folio 93447, cód PROPTI, monto 29.04): | ctx: USUARIO_MODIFICACION: creado por 'EGT', modificado por 'RFR'"
327,39703,PROPTI,48.0,2022-09-13,True,False,False,,"USUARIO_MODIFICACION: creado por 'ALM', modificado por 'SSL'",BAJO,0,,"Alerta tx 327 (folio 39703, cód PROPTI, monto 48.00): | ctx: USUARIO_MODIFICACION: creado por 'ALM', modificado por 'SSL'"
260,86354,PROPTI,14.52,2024-03-14,True,False,False,,"USUARIO_MODIFICACION: creado por 'EGT', modificado por 'MCZ'",BAJO,0,,"Alerta tx 260 (folio 86354, cód PROPTI, monto 14.52): | ctx: USUARIO_MODIFICACION: creado por 'EGT', modificado por 'MCZ'"
18,117347,RENCOM,0.02,2025-03-07,True,False,True,CONTEXTO_RESERVACION,,MEDIO,20,"noches_inconsistentes: cargo=0, reserva=3.0","Alerta tx 18 (folio 117347, cód RENCOM, monto 0.02): [CONTEXTO_RESERVACION] — noches_inconsistentes: cargo=0, reserva=3.0"
561,123380,RENHAB,2154.92,2025-05-06,True,False,False,,"USUARIO_MODIFICACION: creado por 'DOB', modificado por 'RFR'",BAJO,0,,"Alerta tx 561 (folio 123380, cód RENHAB, monto 2154.92): | ctx: USUARIO_MODIFICACION: creado por 'DOB', modificado por 'RFR'"
872,6852,RENHAB,-1365.0,2021-06-17,True,False,False,,"USUARIO_MODIFICACION: creado por 'MCC', modificado por 'RFR'",BAJO,0,,"Alerta tx 872 (folio 6852, cód RENHAB, monto -1365.00): | ctx: USUARIO_MODIFICACION: creado por 'MCC', modificado por 'RFR'"
477,58085,PROPTI,52.8,2023-05-06,True,False,False,,"USUARIO_MODIFICACION: creado por 'EGT', modificado por 'CMG'",BAJO,0,,"Alerta tx 477 (folio 58085, cód PROPTI, monto 52.80): | ctx: USUARIO_MODIFICACION: creado por 'EGT', modificado por 'CMG'"
694,14816,RENHAB,-2804.62,2021-10-29,True,False,False,,"USUARIO_MODIFICACION: creado por 'ALM', modificado por 'JEO' (monto alto)",BAJO,0,,"Alerta tx 694 (folio 14816, cód RENHAB, monto -2804.62): | ctx: USUARIO_MODIFICACION: creado por 'ALM', modificado por 'JEO' (monto alto)"
422,134532,RENHAB,1406.92,2025-08-28,True,False,False,,"USUARIO_MODIFICACION: creado por 'DOB', modificado por 'MYD'",BAJO,0,,"Alerta tx 422 (folio 134532, cód RENHAB, monto 1406.92): | ctx: USUARIO_MODIFICACION: creado por 'DOB', modificado por 'MYD'"
523,44523,RENHAB,2206.0,2022-12-04,True,False,False,,"USUARIO_MODIFICACION: creado por 'EGT', modificado por 'NGA'",BAJO,0,,"Alerta tx 523 (folio 44523, cód RENHAB, monto 2206.00): | ctx: USUARIO_MODIFICACION: creado por 'EGT', modificado por 'NGA'"
889,1187,RENHAB,2360.7,2021-03-21,True,False,False,,"USUARIO_MODIFICACION: creado por 'FJL', modificado por 'AGV'",BAJO,0,,"Alerta tx 889 (folio 1187, cód RENHAB, monto 2360.70): | ctx: USUARIO_MODIFICACION: creado por 'FJL', modificado por 'AGV'"
479,74109,RENHAB,3092.8,2023-10-17,True,False,False,,"USUARIO_MODIFICACION: creado por 'EGT', modificado por 'RFR' (monto alto)",BAJO,0,,"Alerta tx 479 (folio 74109, cód RENHAB, monto 3092.80): | ctx: USUARIO_MODIFICACION: creado por 'EGT', modificado por 'RFR' (monto alto)"
772,29746,PROPTI,-48.0,2022-05-20,True,False,False,,"USUARIO_MODIFICACION: creado por 'ALM', modificado por 'EGT'",BAJO,0,,"Alerta tx 772 (folio 29746, cód PROPTI, monto -48.00): | ctx: USUARIO_MODIFICACION: creado por 'ALM', modificado por 'EGT'"
661,73865,PROPTI,13.2,2023-10-13,True,False,False,,"USUARIO_MODIFICACION: creado por 'EGT', modificado por 'OLN'",BAJO,0,,"Alerta tx 661 (folio 73865, cód PROPTI, monto 13.20): | ctx: USUARIO_MODIFICACION: creado por 'EGT', modificado por 'OLN'"
329,83302,RENHAB,2065.51,2024-02-09,True,False,False,,"USUARIO_MODIFICACION: creado por 'EGT', modificado por 'RFR'",BAJO,0,,"Alerta tx 329 (folio 83302, cód RENHAB, monto 2065.51): | ctx: USUARIO_MODIFICACION: creado por 'EGT', modificado por 'RFR'"
917,96811,RENHAB,2760.88,2024-06-17,True,False,False,,"USUARIO_MODIFICACION: creado por 'EGT', modificado por 'CEV' (monto alto)",BAJO,0,,"Alerta tx 917 (folio 96811, cód RENHAB, monto 2760.88): | ctx: USUARIO_MODIFICACION: creado por 'EGT', modificado por 'CEV' (monto alto)"
893,19864,RENHAB,-2026.0,2022-01-10,True,False,False,,"USUARIO_MODIFICACION: creado por 'ALM', modificado por 'ALH'",BAJO,0,,"Alerta tx 893 (folio 19864, cód RENHAB, monto -2026.00): | ctx: USUARIO_MODIFICACION: creado por 'ALM', modificado por 'ALH'"
6,93826,XFAC,9140.78,2024-05-25,True,False,True,CONTEXTO_RESERVACION,,MEDIO,20,"noches_inconsistentes: cargo=0, reserva=3.0","Alerta tx 6 (folio 93826, cód XFAC, monto 9140.78): [CONTEXTO_RESERVACION] — noches_inconsistentes: cargo=0, reserva=3.0"
450,72613,PROPTI,52.8,2023-09-25,True,False,False,,"USUARIO_MODIFICACION: creado por 'EGT', modificado por 'RM2'",BAJO,0,,"Alerta tx 450 (folio 72613, cód PROPTI, monto 52.80): | ctx: USUARIO_MODIFICACION: creado por 'EGT', modificado por 'RM2'"
818,101368,PROPTI,58.08,2024-08-02,True,False,False,,"USUARIO_MODIFICACION: creado por 'VN2', modificado por 'RFR'",BAJO,0,,"Alerta tx 818 (folio 101368, cód PROPTI, monto 58.08): | ctx: USUARIO_MODIFICACION: creado por 'VN2', modificado por 'RFR'"
854,4580,PROPTI,-24.0,2021-05-10,True,False,False,,"USUARIO_MODIFICACION: creado por 'MCC', modificado por 'RFR'",BAJO,0,,"Alerta tx 854 (folio 4580, cód PROPTI, monto -24.00): | ctx: USUARIO_MODIFICACION: creado por 'MCC', modificado por 'RFR'"
253,128850,PROPTI,14.52,2025-07-03,True,False,False,,"USUARIO_MODIFICACION: creado por 'DOB', modificado por 'CEV'",BAJO,0,,"Alerta tx 253 (folio 128850, cód PROPTI, monto 14.52): | ctx: USUARIO_MODIFICACION: creado por 'DOB', modificado por 'CEV'"
192,10870,RENHAB,1197.12,2021-08-15,True,False,False,,"USUARIO_MODIFICACION: creado por 'ALM', modificado por 'LBB'",BAJO,0,,"Alerta tx 192 (folio 10870, cód RENHAB, monto 1197.12): | ctx: USUARIO_MODIFICACION: creado por 'ALM', modificado por 'LBB'"
597,95406,PROPTI,-58.08,2024-06-06,True,False,False,,"USUARIO_MODIFICACION: creado por 'VN2', modificado por 'RFR'",BAJO,0,,"Alerta tx 597 (folio 95406, cód PROPTI, monto -58.08): | ctx: USUARIO_MODIFICACION: creado por 'VN2', modificado por 'RFR'"
256,51852,RENHAB,2388.9,2023-03-13,True,False,False,,"USUARIO_MODIFICACION: creado por 'EGT', modificado por 'CEV'",BAJO,0,,"Alerta tx 256 (folio 51852, cód RENHAB, monto 2388.90): | ctx: USUARIO_MODIFICACION: creado por 'EGT', modificado por 'CEV'"
16,100242,RENCOM,0.01,2024-07-25,True,False,True,CONTEXTO_RESERVACION,,MEDIO,20,"noches_inconsistentes: cargo=0, reserva=3.0","Alerta tx 16 (folio 100242, cód RENCOM, monto 0.01): [CONTEXTO_RESERVACION] — noches_inconsistentes: cargo=0, reserva=3.0"
16,37716,XFAC,7222.5,2022-08-19,True,False,True,CONTEXTO_RESERVACION,,MEDIO,20,"noches_inconsistentes: cargo=0, reserva=4.0","Alerta tx 16 (folio 37716, cód XFAC, monto 7222.50): [CONTEXTO_RESERVACION] — noches_inconsistentes: cargo=0, reserva=4.0"
709,66080,PROPTI,26.4,2023-07-23,True,False,False,,"USUARIO_MODIFICACION: creado por 'EGT', modificado por 'AB9'",BAJO,0,,"Alerta tx 709 (folio 66080, cód PROPTI, monto 26.40): | ctx: USUARIO_MODIFICACION: creado por 'EGT', modificado por 'AB9'"
310,142577,PROPTI,58.08,2025-12-19,True,False,False,,"USUARIO_MODIFICACION: creado por 'EGT', modificado por 'CEV'",BAJO,0,,"Alerta tx 310 (folio 142577, cód PROPTI, monto 58.08): | ctx: USUARIO_MODIFICACION: creado por 'EGT', modificado por 'CEV'"
299,139343,PROPTI,14.52,2025-11-06,True,False,False,,"USUARIO_MODIFICACION: creado por 'EGT', modificado por 'CEV'",BAJO,0,,"Alerta tx 299 (folio 139343, cód PROPTI, monto 14.52): | ctx: USUARIO_MODIFICACION: creado por 'EGT', modificado por 'CEV'"
486,46957,PROPTI,48.0,2023-01-10,True,False,False,,"USUARIO_MODIFICACION: creado por 'ALM', modificado por 'NGA'",BAJO,0,,"Alerta tx 486 (folio 46957, cód PROPTI, monto 48.00): | ctx: USUARIO_MODIFICACION: creado por 'ALM', modificado por 'NGA'"
102,12129,RENHAB,1943.0,2021-09-14,True,False,False,,"USUARIO_MODIFICACION: creado por 'ALM', modificado por 'JEO'",BAJO,0,,"Alerta tx 102 (folio 12129, cód RENHAB, monto 1943.00): | ctx: USUARIO_MODIFICACION: creado por 'ALM', modificado por 'JEO'"
866,36689,PROPTI,-24.0,2022-08-04,True,False,False,,"USUARIO_MODIFICACION: creado por 'ALM', modificado por 'SSL'",BAJO,0,,"Alerta tx 866 (folio 36689, cód PROPTI, monto -24.00): | ctx: USUARIO_MODIFICACION: creado por 'ALM', modificado por 'SSL'"
497,20221,PROPTI,48.0,2022-01-14,True,False,False,,"USUARIO_MODIFICACION: creado por 'AGH', modificado por 'EGT'",BAJO,0,,"Alerta tx 497 (folio 20221, cód PROPTI, monto 48.00): | ctx: USUARIO_MODIFICACION: creado por 'AGH', modificado por 'EGT'"
786,132814,PROPTI,-14.52,2025-08-09,True,False,True,CONTEXTO_RESERVACION,"USUARIO_MODIFICACION: creado por 'DOB', modificado por 'EGT'",MEDIO,20,"noches_inconsistentes: cargo=4, reserva=1.0","Alerta tx 786 (folio 132814, cód PROPTI, monto -14.52): [CONTEXTO_RESERVACION] — noches_inconsistentes: cargo=4, reserva=1.0 — | ctx: USUARIO_MODIFICACION: creado por 'DOB', modificado por 'EGT'"
811,29474,PEREXT,-955.0,2022-05-17,True,False,False,,"USUARIO_MODIFICACION: creado por 'ALM', modificado por 'EGT'",BAJO,0,,"Alerta tx 811 (folio 29474, cód PEREXT, monto -955.00): | ctx: USUARIO_MODIFICACION: creado por 'ALM', modificado por 'EGT'"
313,105684,PROPTI,58.08,2024-10-07,True,False,False,,"USUARIO_MODIFICACION: creado por 'EGT', modificado por 'RFR'",BAJO,0,,"Alerta tx 313 (folio 105684, cód PROPTI, monto 58.08): | ctx: USUARIO_MODIFICACION: creado por 'EGT', modificado por 'RFR'"
751,37725,RENHAB,1464.0,2022-08-17,True,False,False,,"USUARIO_MODIFICACION: creado por 'ALM', modificado por 'EGT'",BAJO,0,,"Alerta tx 751 (folio 37725, cód RENHAB, monto 1464.00): | ctx: USUARIO_MODIFICACION: creado por 'ALM', modificado por 'EGT'"
837,80276,PROPTI,52.8,2024-01-03,True,False,False,,"USUARIO_MODIFICACION: creado por 'JLS', modificado por 'MCZ'",BAJO,0,,"Alerta tx 837 (folio 80276, cód PROPTI, monto 52.80): | ctx: USUARIO_MODIFICACION: creado por 'JLS', modificado por 'MCZ'"
392,101226,PROPTI,14.52,2024-08-01,True,False,False,,"USUARIO_MODIFICACION: creado por 'EGT', modificado por 'AB9'",BAJO,0,,"Alerta tx 392 (folio 101226, cód PROPTI, monto 14.52): | ctx: USUARIO_MODIFICACION: creado por 'EGT', modificado por 'AB9'"
600,17273,PROPTI,-48.0,2021-12-07,True,False,False,,"USUARIO_MODIFICACION: creado por 'ALM', modificado por 'LBB'",BAJO,0,,"Alerta tx 600 (folio 17273, cód PROPTI, monto -48.00): | ctx: USUARIO_MODIFICACION: creado por 'ALM', modificado por 'LBB'"
451,121605,TARCRE,-5000.0,2025-04-20,True,False,False,,"USUARIO_MODIFICACION: creado por 'RFR', modificado por 'MBJ' (monto alto)",BAJO,0,,"Alerta tx 451 (folio 121605, cód TARCRE, monto -5000.00): | ctx: USUARIO_MODIFICACION: creado por 'RFR', modificado por 'MBJ' (monto alto)"
838,45714,RENHAB,-2929.5,2022-12-26,True,False,False,,"USUARIO_MODIFICACION: creado por 'EGT', modificado por 'NGA' (monto alto)",BAJO,0,,"Alerta tx 838 (folio 45714, cód RENHAB, monto -2929.50): | ctx: USUARIO_MODIFICACION: creado por 'EGT', modificado por 'NGA' (monto alto)"
496,147113,RENHAB,-2953.9,2026-02-09,True,False,False,,"USUARIO_MODIFICACION: creado por 'CQ3', modificado por 'EOG' (monto alto)",BAJO,0,,"Alerta tx 496 (folio 147113, cód RENHAB, monto -2953.90): | ctx: USUARIO_MODIFICACION: creado por 'CQ3', modificado por 'EOG' (monto alto)"
410,106781,RENHAB,1747.92,2024-10-28,True,False,False,,"USUARIO_MODIFICACION: creado por 'EGT', modificado por 'AB9'",BAJO,0,,"Alerta tx 410 (folio 106781, cód RENHAB, monto 1747.92): | ctx: USUARIO_MODIFICACION: creado por 'EGT', modificado por 'AB9'"
16,128453,RENAJU,506.66,2025-06-29,True,False,True,CONTEXTO_RESERVACION,,MEDIO,20,"noches_inconsistentes: cargo=0, reserva=3.0","Alerta tx 16 (folio 128453, cód RENAJU, monto 506.66): [CONTEXTO_RESERVACION] — noches_inconsistentes: cargo=0, reserva=3.0"
682,4925,PROPTI,-48.0,2021-05-15,True,False,False,,"USUARIO_MODIFICACION: creado por 'MCC', modificado por 'JML'",BAJO,0,,"Alerta tx 682 (folio 4925, cód PROPTI, monto -48.00): | ctx: USUARIO_MODIFICACION: creado por 'MCC', modificado por 'JML'"
665,22545,RENHAB,-1673.62,2022-02-19,True,False,False,,"USUARIO_MODIFICACION: creado por 'AGH', modificado por 'LBB'",BAJO,0,,"Alerta tx 665 (folio 22545, cód RENHAB, monto -1673.62): | ctx: USUARIO_MODIFICACION: creado por 'AGH', modificado por 'LBB'"
109,75016,EFE,3091.67,2023-10-27,True,False,True,CONTEXTO_RESERVACION,,MEDIO,20,"noches_inconsistentes: cargo=0, reserva=3.0","Alerta tx 109 (folio 75016, cód EFE, monto 3091.67): [CONTEXTO_RESERVACION] — noches_inconsistentes: cargo=0, reserva=3.0"
806,136791,PROPTI,58.08,2025-09-26,True,False,False,,"USUARIO_MODIFICACION: creado por 'EGT', modificado por 'RM2'",BAJO,0,,"Alerta tx 806 (folio 136791, cód PROPTI, monto 58.08): | ctx: USUARIO_MODIFICACION: creado por 'EGT', modificado por 'RM2'"
431,64436,RENHAB,1720.8,2023-07-05,True,False,False,,"USUARIO_MODIFICACION: creado por 'EGT', modificado por 'CMG'",BAJO,0,,"Alerta tx 431 (folio 64436, cód RENHAB, monto 1720.80): | ctx: USUARIO_MODIFICACION: creado por 'EGT', modificado por 'CMG'"
959,35627,PROPTI,48.0,2022-07-26,True,False,False,,"USUARIO_MODIFICACION: creado por 'ALM', modificado por 'RFR'",BAJO,0,,"Alerta tx 959 (folio 35627, cód PROPTI, monto 48.00): | ctx: USUARIO_MODIFICACION: creado por 'ALM', modificado por 'RFR'"
6,921,RENCOM,0.01,2021-03-21,True,False,True,CONTEXTO_RESERVACION,,MEDIO,20,"noches_inconsistentes: cargo=0, reserva=3.0","Alerta tx 6 (folio 921, cód RENCOM, monto 0.01): [CONTEXTO_RESERVACION] — noches_inconsistentes: cargo=0, reserva=3.0"
559,5204,PROPTI,48.0,2021-05-21,True,False,False,,"USUARIO_MODIFICACION: creado por 'MCC', modificado por 'JML'",BAJO,0,,"Alerta tx 559 (folio 5204, cód PROPTI, monto 48.00): | ctx: USUARIO_MODIFICACION: creado por 'MCC', modificado por 'JML'"
930,54770,RENHAB,1867.2,2023-04-10,True,False,False,,"USUARIO_MODIFICACION: creado por 'EGT', modificado por 'JLS'",BAJO,0,,"Alerta tx 930 (folio 54770, cód RENHAB, monto 1867.20): | ctx: USUARIO_MODIFICACION: creado por 'EGT', modificado por 'JLS'"
873,87402,PROPTI,29.04,2024-03-23,True,False,False,,"USUARIO_MODIFICACION: creado por 'EGT', modificado por 'CMG'",BAJO,0,,"Alerta tx 873 (folio 87402, cód PROPTI, monto 29.04): | ctx: USUARIO_MODIFICACION: creado por 'EGT', modificado por 'CMG'"
584,24937,PEREXT,-1127.0,2022-03-24,True,False,False,,"USUARIO_MODIFICACION: creado por 'ALM', modificado por 'DLG'",BAJO,0,,"Alerta tx 584 (folio 24937, cód PEREXT, monto -1127.00): | ctx: USUARIO_MODIFICACION: creado por 'ALM', modificado por 'DLG'"
571,133163,PROPTI,14.52,2025-08-14,True,False,False,,"USUARIO_MODIFICACION: creado por 'DOB', modificado por 'RM2'",BAJO,0,,"Alerta tx 571 (folio 133163, cód PROPTI, monto 14.52): | ctx: USUARIO_MODIFICACION: creado por 'DOB', modificado por 'RM2'"
506,21857,RENHAB,2081.3,2022-02-08,True,False,True,CONTEXTO_RESERVACION,,MEDIO,20,"noches_inconsistentes: cargo=2, reserva=6.0","Alerta tx 506 (folio 21857, cód RENHAB, monto 2081.30): [CONTEXTO_RESERVACION] — noches_inconsistentes: cargo=2, reserva=6.0"
472,8027,RENHAB,1763.4,2021-07-05,True,False,False,,"USUARIO_MODIFICACION: creado por 'MCC', modificado por 'RFR'",BAJO,0,,"Alerta tx 472 (folio 8027, cód RENHAB, monto 1763.40): | ctx: USUARIO_MODIFICACION: creado por 'MCC', modificado por 'RFR'"
804,123341,RENHAB,-2019.92,2025-05-10,True,False,False,,"USUARIO_MODIFICACION: creado por 'DOB', modificado por 'CEV'",BAJO,0,,"Alerta tx 804 (folio 123341, cód RENHAB, monto -2019.92): | ctx: USUARIO_MODIFICACION: creado por 'DOB', modificado por 'CEV'"
408,120078,PROPTI,29.04,2025-04-04,True,False,False,,"USUARIO_MODIFICACION: creado por 'EGT', modificado por 'RFR'",BAJO,0,,"Alerta tx 408 (folio 120078, cód PROPTI, monto 29.04): | ctx: USUARIO_MODIFICACION: creado por 'EGT', modificado por 'RFR'"
707,7247,TARDEB,2980.72,2021-06-22,True,False,False,,"USUARIO_MODIFICACION: creado por 'BEM', modificado por 'ALM' (monto alto)",BAJO,0,,"Alerta tx 707 (folio 7247, cód TARDEB, monto 2980.72): | ctx: USUARIO_MODIFICACION: creado por 'BEM', modificado por 'ALM' (monto alto)"
1,122730,RENCOM,0.3,2025-05-01,True,False,True,CONTEXTO_RESERVACION,,MEDIO,20,"noches_inconsistentes: cargo=0, reserva=3.0","Alerta tx 1 (folio 122730, cód RENCOM, monto 0.30): [CONTEXTO_RESERVACION] — noches_inconsistentes: cargo=0, reserva=3.0"
658,83012,PROPTI,-52.8,2024-02-04,True,False,False,,"USUARIO_MODIFICACION: creado por 'EGT', modificado por 'CMG'",BAJO,0,,"Alerta tx 658 (folio 83012, cód PROPTI, monto -52.80): | ctx: USUARIO_MODIFICACION: creado por 'EGT', modificado por 'CMG'"
6,1757,XFAC,4107.69,2021-04-01,True,False,True,CONTEXTO_RESERVACION,,MEDIO,20,"noches_inconsistentes: cargo=0, reserva=3.0","Alerta tx 6 (folio 1757, cód XFAC, monto 4107.69): [CONTEXTO_RESERVACION] — noches_inconsistentes: cargo=0, reserva=3.0"
377,135986,RENHAB,2445.53,2025-09-15,True,False,False,,"USUARIO_MODIFICACION: creado por 'DOB', modificado por 'CEV'",BAJO,0,,"Alerta tx 377 (folio 135986, cód RENHAB, monto 2445.53): | ctx: USUARIO_MODIFICACION: creado por 'DOB', modificado por 'CEV'"
734,89521,PROPTI,58.08,2024-04-09,True,False,False,,"USUARIO_MODIFICACION: creado por 'EGT', modificado por 'OLN'",BAJO,0,,"Alerta tx 734 (folio 89521, cód PROPTI, monto 58.08): | ctx: USUARIO_MODIFICACION: creado por 'EGT', modificado por 'OLN'"
623,16028,RENHAB,-2164.5,2021-11-17,True,False,False,,"USUARIO_MODIFICACION: creado por 'ALM', modificado por 'AGH'",BAJO,0,,"Alerta tx 623 (folio 16028, cód RENHAB, monto -2164.50): | ctx: USUARIO_MODIFICACION: creado por 'ALM', modificado por 'AGH'"
412,19861,RENHAB,2027.92,2022-01-11,True,False,False,,"USUARIO_MODIFICACION: creado por 'ALM', modificado por 'ALH'",BAJO,0,,"Alerta tx 412 (folio 19861, cód RENHAB, monto 2027.92): | ctx: USUARIO_MODIFICACION: creado por 'ALM', modificado por 'ALH'"
16,26450,XFAC,8956.8,2022-04-13,True,False,True,CONTEXTO_RESERVACION,,MEDIO,20,"noches_inconsistentes: cargo=0, reserva=3.0","Alerta tx 16 (folio 26450, cód XFAC, monto 8956.80): [CONTEXTO_RESERVACION] — noches_inconsistentes: cargo=0, reserva=3.0"
815,130129,RENHAB,-2821.94,2025-07-18,True,False,False,,"USUARIO_MODIFICACION: creado por 'EGT', modificado por 'CEV' (monto alto)",BAJO,0,,"Alerta tx 815 (folio 130129, cód RENHAB, monto -2821.94): | ctx: USUARIO_MODIFICACION: creado por 'EGT', modificado por 'CEV' (monto alto)"
556,4234,PROPTI,48.0,2021-05-04,True,False,False,,"USUARIO_MODIFICACION: creado por 'MCC', modificado por 'JML'",BAJO,0,,"Alerta tx 556 (folio 4234, cód PROPTI, monto 48.00): | ctx: USUARIO_MODIFICACION: creado por 'MCC', modificado por 'JML'"
599,2425,PEREXT,857.5,2021-04-07,True,False,False,,"USUARIO_MODIFICACION: creado por 'ALM', modificado por 'RFR'",BAJO,0,,"Alerta tx 599 (folio 2425, cód PEREXT, monto 857.50): | ctx: USUARIO_MODIFICACION: creado por 'ALM', modificado por 'RFR'"
754,33568,PROPTI,24.0,2022-07-08,True,False,False,,"USUARIO_MODIFICACION: creado por 'ALM', modificado por 'RRN'",BAJO,0,,"Alerta tx 754 (folio 33568, cód PROPTI, monto 24.00): | ctx: USUARIO_MODIFICACION: creado por 'ALM', modificado por 'RRN'"
178,50749,RENHAB,2055.85,2023-02-26,True,False,False,,"USUARIO_MODIFICACION: creado por 'EGT', modificado por 'CEV'",BAJO,0,,"Alerta tx 178 (folio 50749, cód RENHAB, monto 2055.85): | ctx: USUARIO_MODIFICACION: creado por 'EGT', modificado por 'CEV'"
243,116843,RENHAB,2227.4,2025-03-04,True,False,True,CONTEXTO_RESERVACION,"USUARIO_MODIFICACION: creado por 'EGT', modificado por 'CEV'",MEDIO,20,"personas_inconsistentes: cargo=3, reserva=5.0","Alerta tx 243 (folio 116843, cód RENHAB, monto 2227.40): [CONTEXTO_RESERVACION] — personas_inconsistentes: cargo=3, reserva=5.0 — | ctx: USUARIO_MODIFICACION: creado por 'EGT', modificado por 'CEV'"
402,139886,PROPTI,-29.04,2025-11-13,True,False,False,,"USUARIO_MODIFICACION: creado por 'EGT', modificado por 'MYB'",BAJO,0,,"Alerta tx 402 (folio 139886, cód PROPTI, monto -29.04): | ctx: USUARIO_MODIFICACION: creado por 'EGT', modificado por 'MYB'"
361,13648,RENHAB,-1339.5,2021-10-12,True,False,False,,"USUARIO_MODIFICACION: creado por 'ALM', modificado por 'JEO'",BAJO,0,,"Alerta tx 361 (folio 13648, cód RENHAB, monto -1339.50): | ctx: USUARIO_MODIFICACION: creado por 'ALM', modificado por 'JEO'"
346,62932,PROPTI,13.2,2023-06-20,True,False,False,,"USUARIO_MODIFICACION: creado por 'JLS', modificado por 'MCZ'",BAJO,0,,"Alerta tx 346 (folio 62932, cód PROPTI, monto 13.20): | ctx: USUARIO_MODIFICACION: creado por 'JLS', modificado por 'MCZ'"
620,29439,RENHAB,-1552.0,2022-05-15,True,False,False,,"USUARIO_MODIFICACION: creado por 'ALM', modificado por 'VMU'",BAJO,0,,"Alerta tx 620 (folio 29439, cód RENHAB, monto -1552.00): | ctx: USUARIO_MODIFICACION: creado por 'ALM', modificado por 'VMU'"
718,132081,RENHAB,-2594.61,2025-08-05,True,False,False,,"USUARIO_MODIFICACION: creado por 'DOB', modificado por 'MYD' (monto alto)",BAJO,0,,"Alerta tx 718 (folio 132081, cód RENHAB, monto -2594.61): | ctx: USUARIO_MODIFICACION: creado por 'DOB', modificado por 'MYD' (monto alto)"
304,11181,RENHAB,2047.82,2021-08-22,True,False,False,,"USUARIO_MODIFICACION: creado por 'ALM', modificado por 'RFR'",BAJO,0,,"Alerta tx 304 (folio 11181, cód RENHAB, monto 2047.82): | ctx: USUARIO_MODIFICACION: creado por 'ALM', modificado por 'RFR'"
773,19359,PROPTI,-48.0,2022-01-03,True,False,False,,"USUARIO_MODIFICACION: creado por 'ALM', modificado por 'EGT'",BAJO,0,,"Alerta tx 773 (folio 19359, cód PROPTI, monto -48.00): | ctx: USUARIO_MODIFICACION: creado por 'ALM', modificado por 'EGT'"
126,5328,PROPTI,48.0,2021-05-24,True,False,False,,"USUARIO_MODIFICACION: creado por 'MCC', modificado por 'KJG'",BAJO,0,,"Alerta tx 126 (folio 5328, cód PROPTI, monto 48.00): | ctx: USUARIO_MODIFICACION: creado por 'MCC', modificado por 'KJG'"
747,142268,TRANSF,3192.0,2025-12-12,True,False,True,CONTEXTO_RESERVACION,"USUARIO_MODIFICACION: creado por 'PFV', modificado por 'CEV' (monto alto)",MEDIO,20,"noches_inconsistentes: cargo=0, reserva=3.0","Alerta tx 747 (folio 142268, cód TRANSF, monto 3192.00): [CONTEXTO_RESERVACION] — noches_inconsistentes: cargo=0, reserva=3.0 — | ctx: USUARIO_MODIFICACION: creado por 'PFV', modificado por 'CEV' (monto alto)"
72,84599,RENCOM,87.12,2024-02-26,True,False,True,CONTEXTO_RESERVACION,,MEDIO,20,"noches_inconsistentes: cargo=0, reserva=4.0","Alerta tx 72 (folio 84599, cód RENCOM, monto 87.12): [CONTEXTO_RESERVACION] — noches_inconsistentes: cargo=0, reserva=4.0"
500,89146,RENHAB,2621.6,2024-04-05,True,False,False,,"USUARIO_MODIFICACION: creado por 'EGT', modificado por 'RFR' (monto alto)",BAJO,0,,"Alerta tx 500 (folio 89146, cód RENHAB, monto 2621.60): | ctx: USUARIO_MODIFICACION: creado por 'EGT', modificado por 'RFR' (monto alto)"
98,36875,EFE,60.0,2022-08-06,True,False,False,,"USUARIO_MODIFICACION: creado por 'RFR', modificado por 'ALM'",BAJO,0,,"Alerta tx 98 (folio 36875, cód EFE, monto 60.00): | ctx: USUARIO_MODIFICACION: creado por 'RFR', modificado por 'ALM'"
729,107522,PROPTI,-58.08,2024-11-09,True,False,False,,"USUARIO_MODIFICACION: creado por 'ISU', modificado por 'CEV'",BAJO,0,,"Alerta tx 729 (folio 107522, cód PROPTI, monto -58.08): | ctx: USUARIO_MODIFICACION: creado por 'ISU', modificado por 'CEV'"
633,39999,PROPTI,-48.0,2022-09-17,True,False,False,,"USUARIO_MODIFICACION: creado por 'EGT', modificado por 'SSL'",BAJO,0,,"Alerta tx 633 (folio 39999, cód PROPTI, monto -48.00): | ctx: USUARIO_MODIFICACION: creado por 'EGT', modificado por 'SSL'"
728,76733,PROPTI,52.8,2023-11-19,True,False,False,,"USUARIO_MODIFICACION: creado por 'EGT', modificado por 'OLN'",BAJO,0,,"Alerta tx 728 (folio 76733, cód PROPTI, monto 52.80): | ctx: USUARIO_MODIFICACION: creado por 'EGT', modificado por 'OLN'"
66,12346,EFE,6865.0,2021-09-17,True,False,False,,"USUARIO_MODIFICACION: creado por 'PMM', modificado por 'HMR' (monto alto)",BAJO,0,,"Alerta tx 66 (folio 12346, cód EFE, monto 6865.00): | ctx: USUARIO_MODIFICACION: creado por 'PMM', modificado por 'HMR' (monto alto)"
17,27214,RENCOM,0.2,2022-04-21,True,False,True,CONTEXTO_RESERVACION,,MEDIO,20,"noches_inconsistentes: cargo=0, reserva=3.0","Alerta tx 17 (folio 27214, cód RENCOM, monto 0.20): [CONTEXTO_RESERVACION] — noches_inconsistentes: cargo=0, reserva=3.0"
499,15574,RENHAB,1586.25,2021-11-10,True,False,False,,"USUARIO_MODIFICACION: creado por 'ALM', modificado por 'RFR'",BAJO,0,,"Alerta tx 499 (folio 15574, cód RENHAB, monto 1586.25): | ctx: USUARIO_MODIFICACION: creado por 'ALM', modificado por 'RFR'"
364,5295,RENHAB,1806.55,2021-05-23,True,False,False,,"USUARIO_MODIFICACION: creado por 'MCC', modificado por 'JML'",BAJO,0,,"Alerta tx 364 (folio 5295, cód RENHAB, monto 1806.55): | ctx: USUARIO_MODIFICACION: creado por 'MCC', modificado por 'JML'"
177,4945,RENHAB,1347.0,2021-05-15,True,False,False,,"USUARIO_MODIFICACION: creado por 'MCC', modificado por 'JML'",BAJO,0,,"Alerta tx 177 (folio 4945, cód RENHAB, monto 1347.00): | ctx: USUARIO_MODIFICACION: creado por 'MCC', modificado por 'JML'"
669,10290,RENHAB,1667.0,2021-08-05,True,False,False,,"USUARIO_MODIFICACION: creado por 'MCC', modificado por 'FJL'",BAJO,0,,"Alerta tx 669 (folio 10290, cód RENHAB, monto 1667.00): | ctx: USUARIO_MODIFICACION: creado por 'MCC', modificado por 'FJL'"
620,45556,RENHAB,3641.66,2022-12-22,True,False,False,,"USUARIO_MODIFICACION: creado por 'EGT', modificado por 'LAR' (monto alto)",BAJO,0,,"Alerta tx 620 (folio 45556, cód RENHAB, monto 3641.66): | ctx: USUARIO_MODIFICACION: creado por 'EGT', modificado por 'LAR' (monto alto)"
187,21673,RENHAB,1416.4,2022-02-07,True,False,False,,"USUARIO_MODIFICACION: creado por 'AGH', modificado por 'SSL'",BAJO,0,,"Alerta tx 187 (folio 21673, cód RENHAB, monto 1416.40): | ctx: USUARIO_MODIFICACION: creado por 'AGH', modificado por 'SSL'"
605,74517,EFE,9849.0,2023-10-21,True,False,True,CONTEXTO_RESERVACION,"USUARIO_MODIFICACION: creado por 'MCZ', modificado por 'CEV' (monto alto)",MEDIO,20,"noches_inconsistentes: cargo=0, reserva=3.0","Alerta tx 605 (folio 74517, cód EFE, monto 9849.00): [CONTEXTO_RESERVACION] — noches_inconsistentes: cargo=0, reserva=3.0 — | ctx: USUARIO_MODIFICACION: creado por 'MCZ', modificado por 'CEV' (monto alto)"
8,100714,RENCOM,0.01,2024-07-29,True,False,True,CONTEXTO_RESERVACION,,MEDIO,20,"noches_inconsistentes: cargo=0, reserva=3.0","Alerta tx 8 (folio 100714, cód RENCOM, monto 0.01): [CONTEXTO_RESERVACION] — noches_inconsistentes: cargo=0, reserva=3.0"
1199,1817,PROPTI,48.0,2021-03-29,True,False,False,,"USUARIO_MODIFICACION: creado por 'FJL', modificado por 'NCR'",BAJO,0,,"Alerta tx 1199 (folio 1817, cód PROPTI, monto 48.00): | ctx: USUARIO_MODIFICACION: creado por 'FJL', modificado por 'NCR'"
319,13189,PROPTI,12.0,2021-10-03,True,False,False,,"USUARIO_MODIFICACION: creado por 'ALM', modificado por 'HMR'",BAJO,0,,"Alerta tx 319 (folio 13189, cód PROPTI, monto 12.00): | ctx: USUARIO_MODIFICACION: creado por 'ALM', modificado por 'HMR'"
561,18424,PROPTI,12.0,2021-12-25,True,False,False,,"USUARIO_MODIFICACION: creado por 'ALM', modificado por 'AGH'",BAJO,0,,"Alerta tx 561 (folio 18424, cód PROPTI, monto 12.00): | ctx: USUARIO_MODIFICACION: creado por 'ALM', modificado por 'AGH'"
204,92100,PROPTI,58.08,2024-05-08,True,False,False,,"USUARIO_MODIFICACION: creado por 'EGT', modificado por 'OLN'",BAJO,0,,"Alerta tx 204 (folio 92100, cód PROPTI, monto 58.08): | ctx: USUARIO_MODIFICACION: creado por 'EGT', modificado por 'OLN'"
509,128713,RENHAB,-2560.94,2025-06-29,True,False,False,,"USUARIO_MODIFICACION: creado por 'DOB', modificado por 'NJM' (monto alto)",BAJO,0,,"Alerta tx 509 (folio 128713, cód RENHAB, monto -2560.94): | ctx: USUARIO_MODIFICACION: creado por 'DOB', modificado por 'NJM' (monto alto)"
230,147863,PROPTI,29.04,2026-02-19,True,False,False,,"USUARIO_MODIFICACION: creado por 'CQ3', modificado por 'BRN'",BAJO,0,,"Alerta tx 230 (folio 147863, cód PROPTI, monto 29.04): | ctx: USUARIO_MODIFICACION: creado por 'CQ3', modificado por 'BRN'"
669,38401,PROPTI,24.0,2022-08-24,True,False,False,,"USUARIO_MODIFICACION: creado por 'ALM', modificado por 'NGA'",BAJO,0,,"Alerta tx 669 (folio 38401, cód PROPTI, monto 24.00): | ctx: USUARIO_MODIFICACION: creado por 'ALM', modificado por 'NGA'"
501,11805,RENHAB,2110.4,2021-09-03,True,False,False,,"USUARIO_MODIFICACION: creado por 'ALM', modificado por 'RFR'",BAJO,0,,"Alerta tx 501 (folio 11805, cód RENHAB, monto 2110.40): | ctx: USUARIO_MODIFICACION: creado por 'ALM', modificado por 'RFR'"
1251,1110,PROPTI,12.0,2021-03-18,True,False,False,,"USUARIO_MODIFICACION: creado por 'FJL', modificado por 'NCR'",BAJO,0,,"Alerta tx 1251 (folio 1110, cód PROPTI, monto 12.00): | ctx: USUARIO_MODIFICACION: creado por 'FJL', modificado por 'NCR'"
867,30207,PROPTI,24.0,2022-05-27,True,False,False,,"USUARIO_MODIFICACION: creado por 'ALM', modificado por 'EGT'",BAJO,0,,"Alerta tx 867 (folio 30207, cód PROPTI, monto 24.00): | ctx: USUARIO_MODIFICACION: creado por 'ALM', modificado por 'EGT'"
615,15076,RENHAB,1421.55,2021-11-02,True,False,False,,"USUARIO_MODIFICACION: creado por 'ALM', modificado por 'JEO'",BAJO,0,,"Alerta tx 615 (folio 15076, cód RENHAB, monto 1421.55): | ctx: USUARIO_MODIFICACION: creado por 'ALM', modificado por 'JEO'"
868,27069,RENHAB,-1894.52,2022-04-18,True,False,False,,"USUARIO_MODIFICACION: creado por 'AGH', modificado por 'EGT'",BAJO,0,,"Alerta tx 868 (folio 27069, cód RENHAB, monto -1894.52): | ctx: USUARIO_MODIFICACION: creado por 'AGH', modificado por 'EGT'"
432,72539,PROPTI,13.2,2023-09-25,True,False,False,,"USUARIO_MODIFICACION: creado por 'EGT', modificado por 'MBJ'",BAJO,0,,"Alerta tx 432 (folio 72539, cód PROPTI, monto 13.20): | ctx: USUARIO_MODIFICACION: creado por 'EGT', modificado por 'MBJ'"
643,129372,RENHAB,2453.92,2025-07-12,True,False,False,,"USUARIO_MODIFICACION: creado por 'EGT', modificado por 'CEV'",BAJO,0,,"Alerta tx 643 (folio 129372, cód RENHAB, monto 2453.92): | ctx: USUARIO_MODIFICACION: creado por 'EGT', modificado por 'CEV'"
368,72373,RENHAB,1562.0,2023-09-22,True,False,False,,"USUARIO_MODIFICACION: creado por 'EGT', modificado por 'RM2'",BAJO,0,,"Alerta tx 368 (folio 72373, cód RENHAB, monto 1562.00): | ctx: USUARIO_MODIFICACION: creado por 'EGT', modificado por 'RM2'"
553,3768,RENHAB,-1831.75,2021-04-27,True,False,False,,"USUARIO_MODIFICACION: creado por 'ALM', modificado por 'JML'",BAJO,0,,"Alerta tx 553 (folio 3768, cód RENHAB, monto -1831.75): | ctx: USUARIO_MODIFICACION: creado por 'ALM', modificado por 'JML'"
414,65924,PROPTI,39.6,2023-07-21,True,False,False,,"USUARIO_MODIFICACION: creado por 'EGT', modificado por 'RFR'",BAJO,0,,"Alerta tx 414 (folio 65924, cód PROPTI, monto 39.60): | ctx: USUARIO_MODIFICACION: creado por 'EGT', modificado por 'RFR'"
910,6914,RENHAB,1667.0,2021-06-18,True,False,False,,"USUARIO_MODIFICACION: creado por 'MCC', modificado por 'RFR'",BAJO,0,,"Alerta tx 910 (folio 6914, cód RENHAB, monto 1667.00): | ctx: USUARIO_MODIFICACION: creado por 'MCC', modificado por 'RFR'"
25,8026,RENCOM,0.62,2021-07-08,True,False,True,CONTEXTO_RESERVACION,,MEDIO,20,"noches_inconsistentes: cargo=0, reserva=3.0","Alerta tx 25 (folio 8026, cód RENCOM, monto 0.62): [CONTEXTO_RESERVACION] — noches_inconsistentes: cargo=0, reserva=3.0"
780,61934,PROPTI,52.8,2023-06-16,True,False,False,,"USUARIO_MODIFICACION: creado por 'EGT', modificado por 'GDM'",BAJO,0,,"Alerta tx 780 (folio 61934, cód PROPTI, monto 52.80): | ctx: USUARIO_MODIFICACION: creado por 'EGT', modificado por 'GDM'"
581,33342,RENHAB,-1577.77,2022-07-05,True,False,False,,"USUARIO_MODIFICACION: creado por 'ALM', modificado por 'NGA'",BAJO,0,,"Alerta tx 581 (folio 33342, cód RENHAB, monto -1577.77): | ctx: USUARIO_MODIFICACION: creado por 'ALM', modificado por 'NGA'"
62,5473,TARDEB,4804.0,2021-05-25,True,False,False,,"USUARIO_MODIFICACION: creado por 'IEP', modificado por 'BEM' (monto alto)",BAJO,0,,"Alerta tx 62 (folio 5473, cód TARDEB, monto 4804.00): | ctx: USUARIO_MODIFICACION: creado por 'IEP', modificado por 'BEM' (monto alto)"
217,105682,RENHAB,2389.22,2024-10-08,True,False,False,,"USUARIO_MODIFICACION: creado por 'EGT', modificado por 'RFR'",BAJO,0,,"Alerta tx 217 (folio 105682, cód RENHAB, monto 2389.22): | ctx: USUARIO_MODIFICACION: creado por 'EGT', modificado por 'RFR'"
100,132882,XFAC,8660.63,2025-08-13,True,False,True,CONTEXTO_RESERVACION,,MEDIO,20,"noches_inconsistentes: cargo=0, reserva=3.0","Alerta tx 100 (folio 132882, cód XFAC, monto 8660.63): [CONTEXTO_RESERVACION] — noches_inconsistentes: cargo=0, reserva=3.0"
685,7335,PROPTI,24.0,2021-06-26,True,False,False,,"USUARIO_MODIFICACION: creado por 'MCC', modificado por 'IEP'",BAJO,0,,"Alerta tx 685 (folio 7335, cód PROPTI, monto 24.00): | ctx: USUARIO_MODIFICACION: creado por 'MCC', modificado por 'IEP'"
830,7825,RENHAB,-2303.94,2021-07-02,True,False,False,,"USUARIO_MODIFICACION: creado por 'MCC', modificado por 'RFR'",BAJO,0,,"Alerta tx 830 (folio 7825, cód RENHAB, monto -2303.94): | ctx: USUARIO_MODIFICACION: creado por 'MCC', modificado por 'RFR'"
546,7483,RENHAB,-2478.66,2021-06-29,True,False,False,,"USUARIO_MODIFICACION: creado por 'ALM', modificado por 'RFR'",BAJO,0,,"Alerta tx 546 (folio 7483, cód RENHAB, monto -2478.66): | ctx: USUARIO_MODIFICACION: creado por 'ALM', modificado por 'RFR'"
590,21857,RENHAB,1915.0,2022-02-13,True,False,False,,"USUARIO_MODIFICACION: creado por 'AGH', modificado por 'EGT'",BAJO,0,,"Alerta tx 590 (folio 21857, cód RENHAB, monto 1915.00): | ctx: USUARIO_MODIFICACION: creado por 'AGH', modificado por 'EGT'"
779,32660,PEREXT,741.75,2022-06-27,True,False,False,,"USUARIO_MODIFICACION: creado por 'ALM', modificado por 'RRN'",BAJO,0,,"Alerta tx 779 (folio 32660, cód PEREXT, monto 741.75): | ctx: USUARIO_MODIFICACION: creado por 'ALM', modificado por 'RRN'"
656,19543,PROPTI,-24.0,2022-01-07,True,False,False,,"USUARIO_MODIFICACION: creado por 'AGH', modificado por 'RFR'",BAJO,0,,"Alerta tx 656 (folio 19543, cód PROPTI, monto -24.00): | ctx: USUARIO_MODIFICACION: creado por 'AGH', modificado por 'RFR'"
695,14867,RENHAB,2804.62,2021-10-29,True,False,False,,"USUARIO_MODIFICACION: creado por 'ALM', modificado por 'JEO' (monto alto)",BAJO,0,,"Alerta tx 695 (folio 14867, cód RENHAB, monto 2804.62): | ctx: USUARIO_MODIFICACION: creado por 'ALM', modificado por 'JEO' (monto alto)"
461,13344,RENHAB,1288.0,2021-10-07,True,False,False,,"USUARIO_MODIFICACION: creado por 'ALM', modificado por 'LBB'",BAJO,0,,"Alerta tx 461 (folio 13344, cód RENHAB, monto 1288.00): | ctx: USUARIO_MODIFICACION: creado por 'ALM', modificado por 'LBB'"
5,97478,RENCOM,0.01,2024-06-27,True,False,True,CONTEXTO_RESERVACION,,MEDIO,20,"noches_inconsistentes: cargo=0, reserva=3.0","Alerta tx 5 (folio 97478, cód RENCOM, monto 0.01): [CONTEXTO_RESERVACION] — noches_inconsistentes: cargo=0, reserva=3.0"
813,124898,PROPTI,-58.08,2025-05-19,True,False,False,,"USUARIO_MODIFICACION: creado por 'DOB', modificado por 'EGT'",BAJO,0,,"Alerta tx 813 (folio 124898, cód PROPTI, monto -58.08): | ctx: USUARIO_MODIFICACION: creado por 'DOB', modificado por 'EGT'"
585,120318,RENHAB,-2547.18,2025-04-07,True,False,False,,"USUARIO_MODIFICACION: creado por 'DOB', modificado por 'MBJ' (monto alto)",BAJO,0,,"Alerta tx 585 (folio 120318, cód RENHAB, monto -2547.18): | ctx: USUARIO_MODIFICACION: creado por 'DOB', modificado por 'MBJ' (monto alto)"
162,48650,RENHAB,1774.68,2023-02-02,True,False,False,,"USUARIO_MODIFICACION: creado por 'EGT', modificado por 'ALM'",BAJO,0,,"Alerta tx 162 (folio 48650, cód RENHAB, monto 1774.68): | ctx: USUARIO_MODIFICACION: creado por 'EGT', modificado por 'ALM'"
691,6728,PROPTI,48.0,2021-06-17,True,False,False,,"USUARIO_MODIFICACION: creado por 'MCC', modificado por 'RFR'",BAJO,0,,"Alerta tx 691 (folio 6728, cód PROPTI, monto 48.00): | ctx: USUARIO_MODIFICACION: creado por 'MCC', modificado por 'RFR'"
672,6670,RENHAB,-1375.5,2021-06-17,True,False,False,,"USUARIO_MODIFICACION: creado por 'MCC', modificado por 'RFR'",BAJO,0,,"Alerta tx 672 (folio 6670, cód RENHAB, monto -1375.50): | ctx: USUARIO_MODIFICACION: creado por 'MCC', modificado por 'RFR'"
451,75739,RENHAB,1404.03,2023-11-05,True,False,False,,"USUARIO_MODIFICACION: creado por 'EGT', modificado por 'CEV'",BAJO,0,,"Alerta tx 451 (folio 75739, cód RENHAB, monto 1404.03): | ctx: USUARIO_MODIFICACION: creado por 'EGT', modificado por 'CEV'"
4,78174,XFAC,5098.94,2023-12-10,True,False,True,CONTEXTO_RESERVACION,,MEDIO,20,"noches_inconsistentes: cargo=0, reserva=3.0","Alerta tx 4 (folio 78174, cód XFAC, monto 5098.94): [CONTEXTO_RESERVACION] — noches_inconsistentes: cargo=0, reserva=3.0"
106,67535,TARDEB,11278.76,2023-08-02,True,False,False,,"USUARIO_MODIFICACION: creado por 'MCZ', modificado por 'RFR' (monto alto)",BAJO,0,,"Alerta tx 106 (folio 67535, cód TARDEB, monto 11278.76): | ctx: USUARIO_MODIFICACION: creado por 'MCZ', modificado por 'RFR' (monto alto)"
33,421,EMPCXC,144.0,2021-03-14,True,False,True,CONTEXTO_RESERVACION,,MEDIO,20,"noches_inconsistentes: cargo=0, reserva=3.0","Alerta tx 33 (folio 421, cód EMPCXC, monto 144.00): [CONTEXTO_RESERVACION] — noches_inconsistentes: cargo=0, reserva=3.0"
634,134532,RENHAB,1406.93,2025-08-26,True,False,False,,"USUARIO_MODIFICACION: creado por 'DOB', modificado por 'MYD'",BAJO,0,,"Alerta tx 634 (folio 134532, cód RENHAB, monto 1406.93): | ctx: USUARIO_MODIFICACION: creado por 'DOB', modificado por 'MYD'"
723,76734,PROPTI,-52.8,2023-11-19,True,False,False,,"USUARIO_MODIFICACION: creado por 'EGT', modificado por 'OLN'",BAJO,0,,"Alerta tx 723 (folio 76734, cód PROPTI, monto -52.80): | ctx: USUARIO_MODIFICACION: creado por 'EGT', modificado por 'OLN'"
562,132831,RENHAB,-2332.36,2025-08-14,True,False,False,,"USUARIO_MODIFICACION: creado por 'DOB', modificado por 'MYB'",BAJO,0,,"Alerta tx 562 (folio 132831, cód RENHAB, monto -2332.36): | ctx: USUARIO_MODIFICACION: creado por 'DOB', modificado por 'MYB'"
511,136513,RENHAB,2159.42,2025-09-21,True,False,False,,"USUARIO_MODIFICACION: creado por 'DOB', modificado por 'CEV'",BAJO,0,,"Alerta tx 511 (folio 136513, cód RENHAB, monto 2159.42): | ctx: USUARIO_MODIFICACION: creado por 'DOB', modificado por 'CEV'"
999,54090,PEREXT,1551.0,2023-04-03,True,False,False,,"USUARIO_MODIFICACION: creado por 'EGT', modificado por 'AB9'",BAJO,0,,"Alerta tx 999 (folio 54090, cód PEREXT, monto 1551.00): | ctx: USUARIO_MODIFICACION: creado por 'EGT', modificado por 'AB9'"
308,11255,PROPTI,24.0,2021-08-22,True,False,False,,"USUARIO_MODIFICACION: creado por 'ALM', modificado por 'RFR'",BAJO,0,,"Alerta tx 308 (folio 11255, cód PROPTI, monto 24.00): | ctx: USUARIO_MODIFICACION: creado por 'ALM', modificado por 'RFR'"
289,13624,PROPTI,48.0,2021-10-09,True,False,False,,"USUARIO_MODIFICACION: creado por 'ALM', modificado por 'HMR'",BAJO,0,,"Alerta tx 289 (folio 13624, cód PROPTI, monto 48.00): | ctx: USUARIO_MODIFICACION: creado por 'ALM', modificado por 'HMR'"
368,120526,PROPTI,-29.04,2025-04-09,True,False,False,,"USUARIO_MODIFICACION: creado por 'DOB', modificado por 'RFR'",BAJO,0,,"Alerta tx 368 (folio 120526, cód PROPTI, monto -29.04): | ctx: USUARIO_MODIFICACION: creado por 'DOB', modificado por 'RFR'"
820,131782,PROPTI,-29.04,2025-08-02,True,False,False,,"USUARIO_MODIFICACION: creado por 'DOB', modificado por 'CEV'",BAJO,0,,"Alerta tx 820 (folio 131782, cód PROPTI, monto -29.04): | ctx: USUARIO_MODIFICACION: creado por 'DOB', modificado por 'CEV'"
289,84427,PROPTI,58.08,2024-02-22,True,False,False,,"USUARIO_MODIFICACION: creado por 'EGT', modificado por 'MBJ'",BAJO,0,,"Alerta tx 289 (folio 84427, cód PROPTI, monto 58.08): | ctx: USUARIO_MODIFICACION: creado por 'EGT', modificado por 'MBJ'"
8,85875,XFAC,5555.2,2024-03-11,True,False,True,CONTEXTO_RESERVACION,,MEDIO,20,"noches_inconsistentes: cargo=0, reserva=3.0","Alerta tx 8 (folio 85875, cód XFAC, monto 5555.20): [CONTEXTO_RESERVACION] — noches_inconsistentes: cargo=0, reserva=3.0"
269,114450,PROPTI,58.08,2025-01-30,True,False,False,,"USUARIO_MODIFICACION: creado por 'EGT', modificado por 'RM2'",BAJO,0,,"Alerta tx 269 (folio 114450, cód PROPTI, monto 58.08): | ctx: USUARIO_MODIFICACION: creado por 'EGT', modificado por 'RM2'"
511,47519,RENHAB,1912.0,2023-01-17,True,False,False,,"USUARIO_MODIFICACION: creado por 'ALM', modificado por 'EGT'",BAJO,0,,"Alerta tx 511 (folio 47519, cód RENHAB, monto 1912.00): | ctx: USUARIO_MODIFICACION: creado por 'ALM', modificado por 'EGT'"
422,10454,RENHAB,-2068.28,2021-08-08,True,False,False,,"USUARIO_MODIFICACION: creado por 'MCC', modificado por 'ALM'",BAJO,0,,"Alerta tx 422 (folio 10454, cód RENHAB, monto -2068.28): | ctx: USUARIO_MODIFICACION: creado por 'MCC', modificado por 'ALM'"
861,17197,PROPTI,48.0,2021-12-04,True,False,False,,"USUARIO_MODIFICACION: creado por 'EGT', modificado por 'AGH'",BAJO,0,,"Alerta tx 861 (folio 17197, cód PROPTI, monto 48.00): | ctx: USUARIO_MODIFICACION: creado por 'EGT', modificado por 'AGH'"
262,51044,PROPTI,52.8,2023-03-03,True,False,False,,"USUARIO_MODIFICACION: creado por 'EGT', modificado por 'AB9'",BAJO,0,,"Alerta tx 262 (folio 51044, cód PROPTI, monto 52.80): | ctx: USUARIO_MODIFICACION: creado por 'EGT', modificado por 'AB9'"
551,21021,RENHAB,1842.02,2022-01-29,True,False,False,,"USUARIO_MODIFICACION: creado por 'AGH', modificado por 'GER'",BAJO,0,,"Alerta tx 551 (folio 21021, cód RENHAB, monto 1842.02): | ctx: USUARIO_MODIFICACION: creado por 'AGH', modificado por 'GER'"
2373,3967,RENHAB,-1466.0,2021-05-01,True,False,False,,"USUARIO_MODIFICACION: creado por 'MCC', modificado por 'KJG'",BAJO,0,,"Alerta tx 2373 (folio 3967, cód RENHAB, monto -1466.00): | ctx: USUARIO_MODIFICACION: creado por 'MCC', modificado por 'KJG'"
292,71879,RENHAB,1932.46,2023-09-17,True,False,False,,"USUARIO_MODIFICACION: creado por 'EGT', modificado por 'RFR'",BAJO,0,,"Alerta tx 292 (folio 71879, cód RENHAB, monto 1932.46): | ctx: USUARIO_MODIFICACION: creado por 'EGT', modificado por 'RFR'"
797,140288,PROPTI,-14.52,2025-11-16,True,False,False,,"USUARIO_MODIFICACION: creado por 'EGT', modificado por 'CEV'",BAJO,0,,"Alerta tx 797 (folio 140288, cód PROPTI, monto -14.52): | ctx: USUARIO_MODIFICACION: creado por 'EGT', modificado por 'CEV'"
206,107824,PROPTI,14.52,2024-11-11,True,False,False,,"USUARIO_MODIFICACION: creado por 'ISU', modificado por 'MBJ'",BAJO,0,,"Alerta tx 206 (folio 107824, cód PROPTI, monto 14.52): | ctx: USUARIO_MODIFICACION: creado por 'ISU', modificado por 'MBJ'"
584,25913,PROPTI,48.0,2022-04-04,True,False,False,,"USUARIO_MODIFICACION: creado por 'AGH', modificado por 'EGT'",BAJO,0,,"Alerta tx 584 (folio 25913, cód PROPTI, monto 48.00): | ctx: USUARIO_MODIFICACION: creado por 'AGH', modificado por 'EGT'"
813,77205,PROPTI,52.8,2023-11-24,True,False,False,,"USUARIO_MODIFICACION: creado por 'EGT', modificado por 'CMG'",BAJO,0,,"Alerta tx 813 (folio 77205, cód PROPTI, monto 52.80): | ctx: USUARIO_MODIFICACION: creado por 'EGT', modificado por 'CMG'"
264,47334,PROPTI,12.0,2023-01-17,True,False,False,,"USUARIO_MODIFICACION: creado por 'ALM', modificado por 'NGA'",BAJO,0,,"Alerta tx 264 (folio 47334, cód PROPTI, monto 12.00): | ctx: USUARIO_MODIFICACION: creado por 'ALM', modificado por 'NGA'"
648,5880,RENHAB,1818.55,2021-06-02,True,False,False,,"USUARIO_MODIFICACION: creado por 'MCC', modificado por 'IEP'",BAJO,0,,"Alerta tx 648 (folio 5880, cód RENHAB, monto 1818.55): | ctx: USUARIO_MODIFICACION: creado por 'MCC', modificado por 'IEP'"
545,786,RENHAB,1922.0,2021-03-15,True,False,False,,"USUARIO_MODIFICACION: creado por 'FJL', modificado por 'KJG'",BAJO,0,,"Alerta tx 545 (folio 786, cód RENHAB, monto 1922.00): | ctx: USUARIO_MODIFICACION: creado por 'FJL', modificado por 'KJG'"
834,7813,PROPTI,-12.0,2021-07-02,True,False,False,,"USUARIO_MODIFICACION: creado por 'MCC', modificado por 'RFR'",BAJO,0,,"Alerta tx 834 (folio 7813, cód PROPTI, monto -12.00): | ctx: USUARIO_MODIFICACION: creado por 'MCC', modificado por 'RFR'"
849,3119,RENHAB,-1858.15,2021-04-17,True,False,False,,"USUARIO_MODIFICACION: creado por 'FJL', modificado por 'IEP'",BAJO,0,,"Alerta tx 849 (folio 3119, cód RENHAB, monto -1858.15): | ctx: USUARIO_MODIFICACION: creado por 'FJL', modificado por 'IEP'"
608,50210,PEREXT,963.0,2023-02-20,True,False,False,,"USUARIO_MODIFICACION: creado por 'EGT', modificado por 'EJN'",BAJO,0,,"Alerta tx 608 (folio 50210, cód PEREXT, monto 963.00): | ctx: USUARIO_MODIFICACION: creado por 'EGT', modificado por 'EJN'"
170,44335,PROPTI,24.0,2022-12-01,True,False,False,,"USUARIO_MODIFICACION: creado por 'EGT', modificado por 'NGA'",BAJO,0,,"Alerta tx 170 (folio 44335, cód PROPTI, monto 24.00): | ctx: USUARIO_MODIFICACION: creado por 'EGT', modificado por 'NGA'"
947,55735,PROPTI,52.8,2023-04-14,True,False,False,,"USUARIO_MODIFICACION: creado por 'EGT', modificado por 'CEV'",BAJO,0,,"Alerta tx 947 (folio 55735, cód PROPTI, monto 52.80): | ctx: USUARIO_MODIFICACION: creado por 'EGT', modificado por 'CEV'"
1,37947,RENCOM,0.08,2022-08-22,True,False,True,CONTEXTO_RESERVACION,,MEDIO,20,"noches_inconsistentes: cargo=0, reserva=4.0","Alerta tx 1 (folio 37947, cód RENCOM, monto 0.08): [CONTEXTO_RESERVACION] — noches_inconsistentes: cargo=0, reserva=4.0"
879,97220,RENHAB,-2948.08,2024-06-21,True,False,False,,"USUARIO_MODIFICACION: creado por 'VN2', modificado por 'AB9' (monto alto)",BAJO,0,,"Alerta tx 879 (folio 97220, cód RENHAB, monto -2948.08): | ctx: USUARIO_MODIFICACION: creado por 'VN2', modificado por 'AB9' (monto alto)"
740,32609,PROPTI,-48.0,2022-06-27,True,False,False,,"USUARIO_MODIFICACION: creado por 'ALM', modificado por 'EGT'",BAJO,0,,"Alerta tx 740 (folio 32609, cód PROPTI, monto -48.00): | ctx: USUARIO_MODIFICACION: creado por 'ALM', modificado por 'EGT'"
679,9585,PROPTI,48.0,2021-07-31,True,False,False,,"USUARIO_MODIFICACION: creado por 'MCC', modificado por 'FJL'",BAJO,0,,"Alerta tx 679 (folio 9585, cód PROPTI, monto 48.00): | ctx: USUARIO_MODIFICACION: creado por 'MCC', modificado por 'FJL'"
736,54835,TARCRE,-2900.0,2023-04-09,True,False,False,,"USUARIO_MODIFICACION: creado por 'AB9', modificado por 'CEV' (monto alto)",BAJO,0,,"Alerta tx 736 (folio 54835, cód TARCRE, monto -2900.00): | ctx: USUARIO_MODIFICACION: creado por 'AB9', modificado por 'CEV' (monto alto)"
945,2065,RENHAB,1629.71,2021-04-01,True,False,False,,"USUARIO_MODIFICACION: creado por 'FJL', modificado por 'LBB'",BAJO,0,,"Alerta tx 945 (folio 2065, cód RENHAB, monto 1629.71): | ctx: USUARIO_MODIFICACION: creado por 'FJL', modificado por 'LBB'"
310,87385,RENHAB,2158.86,2024-03-22,True,False,True,CONTEXTO_RESERVACION,,MEDIO,20,"personas_inconsistentes: cargo=2, reserva=4.0","Alerta tx 310 (folio 87385, cód RENHAB, monto 2158.86): [CONTEXTO_RESERVACION] — personas_inconsistentes: cargo=2, reserva=4.0"
338,38131,PROPTI,48.0,2022-08-20,True,False,False,,"USUARIO_MODIFICACION: creado por 'ALM', modificado por 'NGA'",BAJO,0,,"Alerta tx 338 (folio 38131, cód PROPTI, monto 48.00): | ctx: USUARIO_MODIFICACION: creado por 'ALM', modificado por 'NGA'"
758,36757,PEREXT,1711.0,2022-08-06,True,False,False,,"USUARIO_MODIFICACION: creado por 'ALM', modificado por 'NGA'",BAJO,0,,"Alerta tx 758 (folio 36757, cód PEREXT, monto 1711.00): | ctx: USUARIO_MODIFICACION: creado por 'ALM', modificado por 'NGA'"
472,51605,RENHAB,2469.06,2023-03-10,True,False,False,,"USUARIO_MODIFICACION: creado por 'EGT', modificado por 'OLN'",BAJO,0,,"Alerta tx 472 (folio 51605, cód RENHAB, monto 2469.06): | ctx: USUARIO_MODIFICACION: creado por 'EGT', modificado por 'OLN'"
398,9782,PROPTI,24.0,2021-07-30,True,False,False,,"USUARIO_MODIFICACION: creado por 'MCC', modificado por 'KJG'",BAJO,0,,"Alerta tx 398 (folio 9782, cód PROPTI, monto 24.00): | ctx: USUARIO_MODIFICACION: creado por 'MCC', modificado por 'KJG'"
753,111102,PROPTI,-29.04,2024-12-20,True,False,False,,"USUARIO_MODIFICACION: creado por 'EGT', modificado por 'RFR'",BAJO,0,,"Alerta tx 753 (folio 111102, cód PROPTI, monto -29.04): | ctx: USUARIO_MODIFICACION: creado por 'EGT', modificado por 'RFR'"
734,141552,RENHAB,527.4,2025-11-28,True,False,False,,"USUARIO_MODIFICACION: creado por 'EGT', modificado por 'RM2'",BAJO,0,,"Alerta tx 734 (folio 141552, cód RENHAB, monto 527.40): | ctx: USUARIO_MODIFICACION: creado por 'EGT', modificado por 'RM2'"
806,5295,PROPTI,-12.0,2021-05-22,True,False,False,,"USUARIO_MODIFICACION: creado por 'MCC', modificado por 'JML'",BAJO,0,,"Alerta tx 806 (folio 5295, cód PROPTI, monto -12.00): | ctx: USUARIO_MODIFICACION: creado por 'MCC', modificado por 'JML'"
419,113327,RENHAB,2532.88,2025-01-12,True,False,False,,"USUARIO_MODIFICACION: creado por 'EGT', modificado por 'OLN' (monto alto)",BAJO,0,,"Alerta tx 419 (folio 113327, cód RENHAB, monto 2532.88): | ctx: USUARIO_MODIFICACION: creado por 'EGT', modificado por 'OLN' (monto alto)"
672,84761,RENHAB,541.92,2024-02-23,True,False,False,,"USUARIO_MODIFICACION: creado por 'EGT', modificado por 'AFG'",BAJO,0,,"Alerta tx 672 (folio 84761, cód RENHAB, monto 541.92): | ctx: USUARIO_MODIFICACION: creado por 'EGT', modificado por 'AFG'"
429,34032,PROPTI,24.0,2022-07-12,True,False,False,,"USUARIO_MODIFICACION: creado por 'ALM', modificado por 'RRN'",BAJO,0,,"Alerta tx 429 (folio 34032, cód PROPTI, monto 24.00): | ctx: USUARIO_MODIFICACION: creado por 'ALM', modificado por 'RRN'"
330,13629,PROPTI,48.0,2021-10-09,True,False,False,,"USUARIO_MODIFICACION: creado por 'ALM', modificado por 'HMR'",BAJO,0,,"Alerta tx 330 (folio 13629, cód PROPTI, monto 48.00): | ctx: USUARIO_MODIFICACION: creado por 'ALM', modificado por 'HMR'"
382,99664,RENHAB,2821.85,2024-07-20,True,False,False,,"USUARIO_MODIFICACION: creado por 'EGT', modificado por 'RFR' (monto alto)",BAJO,0,,"Alerta tx 382 (folio 99664, cód RENHAB, monto 2821.85): | ctx: USUARIO_MODIFICACION: creado por 'EGT', modificado por 'RFR' (monto alto)"
424,12086,PROPTI,-48.0,2021-09-11,True,False,False,,"USUARIO_MODIFICACION: creado por 'ALM', modificado por 'JEO'",BAJO,0,,"Alerta tx 424 (folio 12086, cód PROPTI, monto -48.00): | ctx: USUARIO_MODIFICACION: creado por 'ALM', modificado por 'JEO'"
257,85081,RENHAB,527.4,2024-02-28,True,False,False,,"USUARIO_MODIFICACION: creado por 'EGT', modificado por 'MBJ'",BAJO,0,,"Alerta tx 257 (folio 85081, cód RENHAB, monto 527.40): | ctx: USUARIO_MODIFICACION: creado por 'EGT', modificado por 'MBJ'"
426,12762,PROPTI,48.0,2021-09-27,True,False,False,,"USUARIO_MODIFICACION: creado por 'ALM', modificado por 'RFR'",BAJO,0,,"Alerta tx 426 (folio 12762, cód PROPTI, monto 48.00): | ctx: USUARIO_MODIFICACION: creado por 'ALM', modificado por 'RFR'"
712,5473,RENHAB,1664.0,2021-05-25,True,False,False,,"USUARIO_MODIFICACION: creado por 'ALM', modificado por 'JML'",BAJO,0,,"Alerta tx 712 (folio 5473, cód RENHAB, monto 1664.00): | ctx: USUARIO_MODIFICACION: creado por 'ALM', modificado por 'JML'"
383,18453,PROPTI,48.0,2021-12-25,True,False,False,,"USUARIO_MODIFICACION: creado por 'ALM', modificado por 'LBB'",BAJO,0,,"Alerta tx 383 (folio 18453, cód PROPTI, monto 48.00): | ctx: USUARIO_MODIFICACION: creado por 'ALM', modificado por 'LBB'"
407,44330,PROPTI,-48.0,2022-12-01,True,False,False,,"USUARIO_MODIFICACION: creado por 'EGT', modificado por 'NGA'",BAJO,0,,"Alerta tx 407 (folio 44330, cód PROPTI, monto -48.00): | ctx: USUARIO_MODIFICACION: creado por 'EGT', modificado por 'NGA'"
582,10506,PROPTI,-24.0,2021-08-08,True,False,False,,"USUARIO_MODIFICACION: creado por 'MCC', modificado por 'LBB'",BAJO,0,,"Alerta tx 582 (folio 10506, cód PROPTI, monto -24.00): | ctx: USUARIO_MODIFICACION: creado por 'MCC', modificado por 'LBB'"
581,111041,PROPTI,58.08,2024-12-19,True,False,False,,"USUARIO_MODIFICACION: creado por 'EGT', modificado por 'RM2'",BAJO,0,,"Alerta tx 581 (folio 111041, cód PROPTI, monto 58.08): | ctx: USUARIO_MODIFICACION: creado por 'EGT', modificado por 'RM2'"
403,78646,TARDEB,14242.0,2023-12-13,True,False,True,CONTEXTO_RESERVACION,"USUARIO_MODIFICACION: creado por 'CMG', modificado por 'CEV' (monto alto)",MEDIO,20,"noches_inconsistentes: cargo=0, reserva=3.0","Alerta tx 403 (folio 78646, cód TARDEB, monto 14242.00): [CONTEXTO_RESERVACION] — noches_inconsistentes: cargo=0, reserva=3.0 — | ctx: USUARIO_MODIFICACION: creado por 'CMG', modificado por 'CEV' (monto alto)"
134,73182,PROPTI,52.8,2023-10-03,True,False,False,,"USUARIO_MODIFICACION: creado por 'EGT', modificado por 'MBJ'",BAJO,0,,"Alerta tx 134 (folio 73182, cód PROPTI, monto 52.80): | ctx: USUARIO_MODIFICACION: creado por 'EGT', modificado por 'MBJ'"
669,3283,PROPTI,48.0,2021-04-20,True,False,False,,"USUARIO_MODIFICACION: creado por 'ALM', modificado por 'LBB'",BAJO,0,,"Alerta tx 669 (folio 3283, cód PROPTI, monto 48.00): | ctx: USUARIO_MODIFICACION: creado por 'ALM', modificado por 'LBB'"
1853,4449,PROPTI,24.0,2021-05-08,True,False,False,,"USUARIO_MODIFICACION: creado por 'MCC', modificado por 'JML'",BAJO,0,,"Alerta tx 1853 (folio 4449, cód PROPTI, monto 24.00): | ctx: USUARIO_MODIFICACION: creado por 'MCC', modificado por 'JML'"
666,13344,PROPTI,24.0,2021-10-08,True,False,False,,"USUARIO_MODIFICACION: creado por 'ALM', modificado por 'LBB'",BAJO,0,,"Alerta tx 666 (folio 13344, cód PROPTI, monto 24.00): | ctx: USUARIO_MODIFICACION: creado por 'ALM', modificado por 'LBB'"
786,94214,PROPTI,14.52,2024-05-27,True,False,False,,"USUARIO_MODIFICACION: creado por 'EGT', modificado por 'MBJ'",BAJO,0,,"Alerta tx 786 (folio 94214, cód PROPTI, monto 14.52): | ctx: USUARIO_MODIFICACION: creado por 'EGT', modificado por 'MBJ'"
131,47696,TARCRE,-3279.5,2023-01-20,True,False,False,,"USUARIO_MODIFICACION: creado por 'RAM', modificado por 'ALM' (monto alto)",BAJO,0,,"Alerta tx 131 (folio 47696, cód TARCRE, monto -3279.50): | ctx: USUARIO_MODIFICACION: creado por 'RAM', modificado por 'ALM' (monto alto)"
611,15399,RENHAB,-1451.11,2021-11-08,True,False,False,,"USUARIO_MODIFICACION: creado por 'ALM', modificado por 'RFR'",BAJO,0,,"Alerta tx 611 (folio 15399, cód RENHAB, monto -1451.11): | ctx: USUARIO_MODIFICACION: creado por 'ALM', modificado por 'RFR'"
727,91661,RENHAB,2056.86,2024-05-01,True,False,False,,"USUARIO_MODIFICACION: creado por 'EGT', modificado por 'MBJ'",BAJO,0,,"Alerta tx 727 (folio 91661, cód RENHAB, monto 2056.86): | ctx: USUARIO_MODIFICACION: creado por 'EGT', modificado por 'MBJ'"
497,52950,RENHAB,2910.0,2023-03-23,True,False,False,,"USUARIO_MODIFICACION: creado por 'EGT', modificado por 'MCZ' (monto alto)",BAJO,0,,"Alerta tx 497 (folio 52950, cód RENHAB, monto 2910.00): | ctx: USUARIO_MODIFICACION: creado por 'EGT', modificado por 'MCZ' (monto alto)"
531,17676,PEREXT,804.0,2021-12-14,True,False,False,,"USUARIO_MODIFICACION: creado por 'ALM', modificado por 'AGH'",BAJO,0,,"Alerta tx 531 (folio 17676, cód PEREXT, monto 804.00): | ctx: USUARIO_MODIFICACION: creado por 'ALM', modificado por 'AGH'"
514,18572,RENHAB,2848.0,2021-12-24,True,False,False,,"USUARIO_MODIFICACION: creado por 'ALM', modificado por 'AGH' (monto alto)",BAJO,0,,"Alerta tx 514 (folio 18572, cód RENHAB, monto 2848.00): | ctx: USUARIO_MODIFICACION: creado por 'ALM', modificado por 'AGH' (monto alto)"
586,17279,PROPTI,-48.0,2021-12-07,True,False,False,,"USUARIO_MODIFICACION: creado por 'ALM', modificado por 'LBB'",BAJO,0,,"Alerta tx 586 (folio 17279, cód PROPTI, monto -48.00): | ctx: USUARIO_MODIFICACION: creado por 'ALM', modificado por 'LBB'"
598,6102,RENHAB,-1162.34,2021-06-07,True,False,False,,"USUARIO_MODIFICACION: creado por 'MCC', modificado por 'RFR'",BAJO,0,,"Alerta tx 598 (folio 6102, cód RENHAB, monto -1162.34): | ctx: USUARIO_MODIFICACION: creado por 'MCC', modificado por 'RFR'"
702,39513,RENHAB,2352.99,2022-09-09,True,False,False,,"USUARIO_MODIFICACION: creado por 'EGT', modificado por 'NGA'",BAJO,0,,"Alerta tx 702 (folio 39513, cód RENHAB, monto 2352.99): | ctx: USUARIO_MODIFICACION: creado por 'EGT', modificado por 'NGA'"
393,15549,MENEXT,185.0,2021-11-10,True,False,False,,"USUARIO_MODIFICACION: creado por 'ALM', modificado por 'RFR'",BAJO,0,,"Alerta tx 393 (folio 15549, cód MENEXT, monto 185.00): | ctx: USUARIO_MODIFICACION: creado por 'ALM', modificado por 'RFR'"
837,27475,PROPTI,-24.0,2022-04-22,True,False,False,,"USUARIO_MODIFICACION: creado por 'AGH', modificado por 'EGT'",BAJO,0,,"Alerta tx 837 (folio 27475, cód PROPTI, monto -24.00): | ctx: USUARIO_MODIFICACION: creado por 'AGH', modificado por 'EGT'"
6,14084,RENAJU,0.02,2021-10-21,True,False,True,CONTEXTO_RESERVACION,,MEDIO,20,"noches_inconsistentes: cargo=0, reserva=3.0","Alerta tx 6 (folio 14084, cód RENAJU, monto 0.02): [CONTEXTO_RESERVACION] — noches_inconsistentes: cargo=0, reserva=3.0"
70,79331,RENHAB,2937.8,2023-12-24,True,False,False,,"USUARIO_MODIFICACION: creado por 'EGT', modificado por 'OLN' (monto alto)",BAJO,0,,"Alerta tx 70 (folio 79331, cód RENHAB, monto 2937.80): | ctx: USUARIO_MODIFICACION: creado por 'EGT', modificado por 'OLN' (monto alto)"
478,48383,PROPTI,-48.0,2023-01-31,True,False,False,,"USUARIO_MODIFICACION: creado por 'EGT', modificado por 'CEV'",BAJO,0,,"Alerta tx 478 (folio 48383, cód PROPTI, monto -48.00): | ctx: USUARIO_MODIFICACION: creado por 'EGT', modificado por 'CEV'"
595,44318,PROPTI,12.0,2022-11-30,True,False,False,,"USUARIO_MODIFICACION: creado por 'EGT', modificado por 'NGA'",BAJO,0,,"Alerta tx 595 (folio 44318, cód PROPTI, monto 12.00): | ctx: USUARIO_MODIFICACION: creado por 'EGT', modificado por 'NGA'"
434,28016,PROPTI,12.0,2022-04-28,True,False,False,,"USUARIO_MODIFICACION: creado por 'AGH', modificado por 'EGT'",BAJO,0,,"Alerta tx 434 (folio 28016, cód PROPTI, monto 12.00): | ctx: USUARIO_MODIFICACION: creado por 'AGH', modificado por 'EGT'"
882,6767,PROPTI,-48.0,2021-06-16,True,False,False,,"USUARIO_MODIFICACION: creado por 'MCC', modificado por 'RFR'",BAJO,0,,"Alerta tx 882 (folio 6767, cód PROPTI, monto -48.00): | ctx: USUARIO_MODIFICACION: creado por 'MCC', modificado por 'RFR'"
15,76263,RENAJU,0.66,2023-11-15,True,False,True,CONTEXTO_RESERVACION,,MEDIO,20,"noches_inconsistentes: cargo=0, reserva=3.0","Alerta tx 15 (folio 76263, cód RENAJU, monto 0.66): [CONTEXTO_RESERVACION] — noches_inconsistentes: cargo=0, reserva=3.0"
614,18177,RENHAB,1740.0,2021-12-19,True,False,False,,"USUARIO_MODIFICACION: creado por 'ALM', modificado por 'EGT'",BAJO,0,,"Alerta tx 614 (folio 18177, cód RENHAB, monto 1740.00): | ctx: USUARIO_MODIFICACION: creado por 'ALM', modificado por 'EGT'"
617,19657,RENHAB,3174.0,2022-01-08,True,False,False,,"USUARIO_MODIFICACION: creado por 'AGH', modificado por 'RFR' (monto alto)",BAJO,0,,"Alerta tx 617 (folio 19657, cód RENHAB, monto 3174.00): | ctx: USUARIO_MODIFICACION: creado por 'AGH', modificado por 'RFR' (monto alto)"
709,14833,RENHAB,1950.33,2021-10-30,True,False,False,,"USUARIO_MODIFICACION: creado por 'ALM', modificado por 'JEO'",BAJO,0,,"Alerta tx 709 (folio 14833, cód RENHAB, monto 1950.33): | ctx: USUARIO_MODIFICACION: creado por 'ALM', modificado por 'JEO'"
367,17139,RENHAB,1750.2,2021-12-04,True,False,False,,"USUARIO_MODIFICACION: creado por 'EGT', modificado por 'ALH'",BAJO,0,,"Alerta tx 367 (folio 17139, cód RENHAB, monto 1750.20): | ctx: USUARIO_MODIFICACION: creado por 'EGT', modificado por 'ALH'"
7,101600,RENCOM,0.01,2024-08-08,True,False,True,CONTEXTO_RESERVACION,,MEDIO,20,"noches_inconsistentes: cargo=0, reserva=3.0","Alerta tx 7 (folio 101600, cód RENCOM, monto 0.01): [CONTEXTO_RESERVACION] — noches_inconsistentes: cargo=0, reserva=3.0"
383,41212,PROPTI,48.0,2022-10-07,True,False,False,,"USUARIO_MODIFICACION: creado por 'EGT', modificado por 'RFR'",BAJO,0,,"Alerta tx 383 (folio 41212, cód PROPTI, monto 48.00): | ctx: USUARIO_MODIFICACION: creado por 'EGT', modificado por 'RFR'"
302,268,PROPTI,-48.0,2021-03-07,True,False,False,,"USUARIO_MODIFICACION: creado por 'FJL', modificado por 'KJG'",BAJO,0,,"Alerta tx 302 (folio 268, cód PROPTI, monto -48.00): | ctx: USUARIO_MODIFICACION: creado por 'FJL', modificado por 'KJG'"
769,52498,RENHAB,-2621.2,2023-03-19,True,False,False,,"USUARIO_MODIFICACION: creado por 'EGT', modificado por 'RFR' (monto alto)",BAJO,0,,"Alerta tx 769 (folio 52498, cód RENHAB, monto -2621.20): | ctx: USUARIO_MODIFICACION: creado por 'EGT', modificado por 'RFR' (monto alto)"
515,86029,PROPTI,14.52,2024-03-12,True,False,False,,"USUARIO_MODIFICACION: creado por 'VN2', modificado por 'RFR'",BAJO,0,,"Alerta tx 515 (folio 86029, cód PROPTI, monto 14.52): | ctx: USUARIO_MODIFICACION: creado por 'VN2', modificado por 'RFR'"
671,26910,PROPTI,-48.0,2022-04-15,True,False,False,,"USUARIO_MODIFICACION: creado por 'AGH', modificado por 'RFR'",BAJO,0,,"Alerta tx 671 (folio 26910, cód PROPTI, monto -48.00): | ctx: USUARIO_MODIFICACION: creado por 'AGH', modificado por 'RFR'"
273,142575,PROPTI,58.08,2025-12-15,True,False,False,,"USUARIO_MODIFICACION: creado por 'CQ3', modificado por 'CEV'",BAJO,0,,"Alerta tx 273 (folio 142575, cód PROPTI, monto 58.08): | ctx: USUARIO_MODIFICACION: creado por 'CQ3', modificado por 'CEV'"
767,112115,PROPTI,29.04,2024-12-31,True,False,False,,"USUARIO_MODIFICACION: creado por 'AQX', modificado por 'RFR'",BAJO,0,,"Alerta tx 767 (folio 112115, cód PROPTI, monto 29.04): | ctx: USUARIO_MODIFICACION: creado por 'AQX', modificado por 'RFR'"
562,98099,PROPTI,29.04,2024-07-01,True,False,False,,"USUARIO_MODIFICACION: creado por 'EGT', modificado por 'MBJ'",BAJO,0,,"Alerta tx 562 (folio 98099, cód PROPTI, monto 29.04): | ctx: USUARIO_MODIFICACION: creado por 'EGT', modificado por 'MBJ'"
397,9161,PROPTI,12.0,2021-07-23,True,False,False,,"USUARIO_MODIFICACION: creado por 'MCC', modificado por 'LBB'",BAJO,0,,"Alerta tx 397 (folio 9161, cód PROPTI, monto 12.00): | ctx: USUARIO_MODIFICACION: creado por 'MCC', modificado por 'LBB'"
837,60397,PROPTI,-52.8,2023-05-29,True,False,False,,"USUARIO_MODIFICACION: creado por 'EGT', modificado por 'OLN'",BAJO,0,,"Alerta tx 837 (folio 60397, cód PROPTI, monto -52.80): | ctx: USUARIO_MODIFICACION: creado por 'EGT', modificado por 'OLN'"
11,111419,XFAC,6963.18,2024-12-26,True,False,True,CONTEXTO_RESERVACION,,MEDIO,20,"noches_inconsistentes: cargo=0, reserva=3.0","Alerta tx 11 (folio 111419, cód XFAC, monto 6963.18): [CONTEXTO_RESERVACION] — noches_inconsistentes: cargo=0, reserva=3.0"
407,71470,PEREXT,1424.5,2023-09-08,True,False,False,,"USUARIO_MODIFICACION: creado por 'EGT', modificado por 'AB9'",BAJO,0,,"Alerta tx 407 (folio 71470, cód PEREXT, monto 1424.50): | ctx: USUARIO_MODIFICACION: creado por 'EGT', modificado por 'AB9'"
624,5084,RENHAB,-1931.0,2021-05-18,True,False,False,,"USUARIO_MODIFICACION: creado por 'ALM', modificado por 'FJL'",BAJO,0,,"Alerta tx 624 (folio 5084, cód RENHAB, monto -1931.00): | ctx: USUARIO_MODIFICACION: creado por 'ALM', modificado por 'FJL'"
273,82473,PROPTI,-52.8,2024-01-31,True,False,False,,"USUARIO_MODIFICACION: creado por 'EGT', modificado por 'OLN'",BAJO,0,,"Alerta tx 273 (folio 82473, cód PROPTI, monto -52.80): | ctx: USUARIO_MODIFICACION: creado por 'EGT', modificado por 'OLN'"
743,130129,RENHAB,-2821.94,2025-07-19,True,False,False,,"USUARIO_MODIFICACION: creado por 'DOB', modificado por 'CEV' (monto alto)",BAJO,0,,"Alerta tx 743 (folio 130129, cód RENHAB, monto -2821.94): | ctx: USUARIO_MODIFICACION: creado por 'DOB', modificado por 'CEV' (monto alto)"
503,14016,RENHAB,1383.0,2021-10-18,True,False,False,,"USUARIO_MODIFICACION: creado por 'ALM', modificado por 'JEO'",BAJO,0,,"Alerta tx 503 (folio 14016, cód RENHAB, monto 1383.00): | ctx: USUARIO_MODIFICACION: creado por 'ALM', modificado por 'JEO'"
447,136218,PROPTI,58.08,2025-09-19,True,False,False,,"USUARIO_MODIFICACION: creado por 'EGT', modificado por 'MYD'",BAJO,0,,"Alerta tx 447 (folio 136218, cód PROPTI, monto 58.08): | ctx: USUARIO_MODIFICACION: creado por 'EGT', modificado por 'MYD'"
681,13109,PROPTI,-48.0,2021-10-02,True,False,False,,"USUARIO_MODIFICACION: creado por 'ALM', modificado por 'HMR'",BAJO,0,,"Alerta tx 681 (folio 13109, cód PROPTI, monto -48.00): | ctx: USUARIO_MODIFICACION: creado por 'ALM', modificado por 'HMR'"
838,100443,PROPTI,58.08,2024-07-27,True,False,False,,"USUARIO_MODIFICACION: creado por 'JLS', modificado por 'OLN'",BAJO,0,,"Alerta tx 838 (folio 100443, cód PROPTI, monto 58.08): | ctx: USUARIO_MODIFICACION: creado por 'JLS', modificado por 'OLN'"
720,14833,PROPTI,48.0,2021-10-31,True,False,False,,"USUARIO_MODIFICACION: creado por 'ALM', modificado por 'JEO'",BAJO,0,,"Alerta tx 720 (folio 14833, cód PROPTI, monto 48.00): | ctx: USUARIO_MODIFICACION: creado por 'ALM', modificado por 'JEO'"
215,25463,RENHAB,1963.44,2022-03-31,True,False,False,,"USUARIO_MODIFICACION: creado por 'AGH', modificado por 'EGT'",BAJO,0,,"Alerta tx 215 (folio 25463, cód RENHAB, monto 1963.44): | ctx: USUARIO_MODIFICACION: creado por 'AGH', modificado por 'EGT'"
1001,10438,PROPTI,-48.0,2021-08-07,True,False,False,,"USUARIO_MODIFICACION: creado por 'MCC', modificado por 'JEO'",BAJO,0,,"Alerta tx 1001 (folio 10438, cód PROPTI, monto -48.00): | ctx: USUARIO_MODIFICACION: creado por 'MCC', modificado por 'JEO'"
1024,3705,RENHAB,1445.25,2021-04-28,True,False,False,,"USUARIO_MODIFICACION: creado por 'MCC', modificado por 'JML'",BAJO,0,,"Alerta tx 1024 (folio 3705, cód RENHAB, monto 1445.25): | ctx: USUARIO_MODIFICACION: creado por 'MCC', modificado por 'JML'"
856,56488,PROPTI,-13.2,2023-04-22,True,False,False,,"USUARIO_MODIFICACION: creado por 'JLS', modificado por 'CEV'",BAJO,0,,"Alerta tx 856 (folio 56488, cód PROPTI, monto -13.20): | ctx: USUARIO_MODIFICACION: creado por 'JLS', modificado por 'CEV'"
1008,23023,PROPTI,48.0,2022-02-25,True,False,False,,"USUARIO_MODIFICACION: creado por 'AGH', modificado por 'EGT'",BAJO,0,,"Alerta tx 1008 (folio 23023, cód PROPTI, monto 48.00): | ctx: USUARIO_MODIFICACION: creado por 'AGH', modificado por 'EGT'"
4,55156,RENCOM,0.4,2023-04-14,True,False,True,CONTEXTO_RESERVACION,,MEDIO,20,"noches_inconsistentes: cargo=0, reserva=3.0","Alerta tx 4 (folio 55156, cód RENCOM, monto 0.40): [CONTEXTO_RESERVACION] — noches_inconsistentes: cargo=0, reserva=3.0"
1184,859,RENHAB,-1860.0,2021-03-18,True,False,False,,"USUARIO_MODIFICACION: creado por 'FJL', modificado por 'LBB'",BAJO,0,,"Alerta tx 1184 (folio 859, cód RENHAB, monto -1860.00): | ctx: USUARIO_MODIFICACION: creado por 'FJL', modificado por 'LBB'"
90,74202,PROPTI,52.8,2023-10-17,True,False,False,,"USUARIO_MODIFICACION: creado por 'EGT', modificado por 'CEV'",BAJO,0,,"Alerta tx 90 (folio 74202, cód PROPTI, monto 52.80): | ctx: USUARIO_MODIFICACION: creado por 'EGT', modificado por 'CEV'"
410,31354,PROPTI,24.0,2022-06-12,True,False,False,,"USUARIO_MODIFICACION: creado por 'ALM', modificado por 'RRN'",BAJO,0,,"Alerta tx 410 (folio 31354, cód PROPTI, monto 24.00): | ctx: USUARIO_MODIFICACION: creado por 'ALM', modificado por 'RRN'"
673,9695,PROPTI,-48.0,2021-07-30,True,False,False,,"USUARIO_MODIFICACION: creado por 'MCC', modificado por 'KJG'",BAJO,0,,"Alerta tx 673 (folio 9695, cód PROPTI, monto -48.00): | ctx: USUARIO_MODIFICACION: creado por 'MCC', modificado por 'KJG'"
601,67046,PEREXT,1413.0,2023-07-30,True,False,False,,"USUARIO_MODIFICACION: creado por 'JLS', modificado por 'MBJ'",BAJO,0,,"Alerta tx 601 (folio 67046, cód PEREXT, monto 1413.00): | ctx: USUARIO_MODIFICACION: creado por 'JLS', modificado por 'MBJ'"
554,12675,PROPTI,48.0,2021-09-24,True,False,False,,"USUARIO_MODIFICACION: creado por 'ALM', modificado por 'RFR'",BAJO,0,,"Alerta tx 554 (folio 12675, cód PROPTI, monto 48.00): | ctx: USUARIO_MODIFICACION: creado por 'ALM', modificado por 'RFR'"
371,47330,PROPTI,12.0,2023-01-16,True,False,False,,"USUARIO_MODIFICACION: creado por 'EGT', modificado por 'NGA'",BAJO,0,,"Alerta tx 371 (folio 47330, cód PROPTI, monto 12.00): | ctx: USUARIO_MODIFICACION: creado por 'EGT', modificado por 'NGA'"
685,98815,PROPTI,58.08,2024-07-08,True,False,True,CONTEXTO_RESERVACION,,MEDIO,20,"noches_inconsistentes: cargo=2, reserva=68.0","Alerta tx 685 (folio 98815, cód PROPTI, monto 58.08): [CONTEXTO_RESERVACION] — noches_inconsistentes: cargo=2, reserva=68.0"
101,80553,EFE,2510.33,2024-01-05,True,False,False,,"USUARIO_MODIFICACION: creado por 'OLN', modificado por 'CEV'",BAJO,0,,"Alerta tx 101 (folio 80553, cód EFE, monto 2510.33): | ctx: USUARIO_MODIFICACION: creado por 'OLN', modificado por 'CEV'"
256,104570,PROPTI,29.04,2024-09-17,True,False,False,,"USUARIO_MODIFICACION: creado por 'EGT', modificado por 'RFR'",BAJO,0,,"Alerta tx 256 (folio 104570, cód PROPTI, monto 29.04): | ctx: USUARIO_MODIFICACION: creado por 'EGT', modificado por 'RFR'"
1524,1029,RENHAB,2883.0,2021-03-19,True,False,False,,"USUARIO_MODIFICACION: creado por 'FJL', modificado por 'NCR' (monto alto)",BAJO,0,,"Alerta tx 1524 (folio 1029, cód RENHAB, monto 2883.00): | ctx: USUARIO_MODIFICACION: creado por 'FJL', modificado por 'NCR' (monto alto)"
749,69216,RENHAB,2765.24,2023-08-17,True,False,False,,"USUARIO_MODIFICACION: creado por 'EGT', modificado por 'MBJ' (monto alto)",BAJO,0,,"Alerta tx 749 (folio 69216, cód RENHAB, monto 2765.24): | ctx: USUARIO_MODIFICACION: creado por 'EGT', modificado por 'MBJ' (monto alto)"
1,127797,XFAC,4583.58,2025-06-19,True,False,True,CONTEXTO_RESERVACION,"USUARIO_MODIFICACION: creado por 'NJM', modificado por 'EGT' (monto alto)",MEDIO,20,"noches_inconsistentes: cargo=0, reserva=3.0","Alerta tx 1 (folio 127797, cód XFAC, monto 4583.58): [CONTEXTO_RESERVACION] — noches_inconsistentes: cargo=0, reserva=3.0 — | ctx: USUARIO_MODIFICACION: creado por 'NJM', modificado por 'EGT' (monto alto)"
778,37483,UPSELL,500.0,2022-08-12,True,False,False,,"USUARIO_MODIFICACION: creado por 'ALM', modificado por 'EGT'",BAJO,0,,"Alerta tx 778 (folio 37483, cód UPSELL, monto 500.00): | ctx: USUARIO_MODIFICACION: creado por 'ALM', modificado por 'EGT'"
307,95640,PROPTI,58.08,2024-06-08,True,False,False,,"USUARIO_MODIFICACION: creado por 'VN2', modificado por 'RFR'",BAJO,0,,"Alerta tx 307 (folio 95640, cód PROPTI, monto 58.08): | ctx: USUARIO_MODIFICACION: creado por 'VN2', modificado por 'RFR'"
863,71879,PROPTI,79.2,2023-09-16,True,False,False,,"USUARIO_MODIFICACION: creado por 'EGT', modificado por 'RFR'",BAJO,0,,"Alerta tx 863 (folio 71879, cód PROPTI, monto 79.20): | ctx: USUARIO_MODIFICACION: creado por 'EGT', modificado por 'RFR'"
379,119750,PROPTI,14.52,2025-03-29,True,False,False,,"USUARIO_MODIFICACION: creado por 'EGT', modificado por 'MBJ'",BAJO,0,,"Alerta tx 379 (folio 119750, cód PROPTI, monto 14.52): | ctx: USUARIO_MODIFICACION: creado por 'EGT', modificado por 'MBJ'"
377,115217,PROPTI,58.08,2025-02-07,True,False,False,,"USUARIO_MODIFICACION: creado por 'EGT', modificado por 'RM2'",BAJO,0,,"Alerta tx 377 (folio 115217, cód PROPTI, monto 58.08): | ctx: USUARIO_MODIFICACION: creado por 'EGT', modificado por 'RM2'"
455,12044,RENHAB,1527.69,2021-09-11,True,False,False,,"USUARIO_MODIFICACION: creado por 'ALM', modificado por 'JEO'",BAJO,0,,"Alerta tx 455 (folio 12044, cód RENHAB, monto 1527.69): | ctx: USUARIO_MODIFICACION: creado por 'ALM', modificado por 'JEO'"
558,74444,PROPTI,-52.8,2023-10-20,True,False,False,,"USUARIO_MODIFICACION: creado por 'EGT', modificado por 'RFR'",BAJO,0,,"Alerta tx 558 (folio 74444, cód PROPTI, monto -52.80): | ctx: USUARIO_MODIFICACION: creado por 'EGT', modificado por 'RFR'"
226,113372,RENHAB,-2493.88,2025-01-15,True,False,False,,"USUARIO_MODIFICACION: creado por 'EGT', modificado por 'RFR'",BAJO,0,,"Alerta tx 226 (folio 113372, cód RENHAB, monto -2493.88): | ctx: USUARIO_MODIFICACION: creado por 'EGT', modificado por 'RFR'"
807,52536,PROPTI,-52.8,2023-03-19,True,False,False,,"USUARIO_MODIFICACION: creado por 'EGT', modificado por 'CEV'",BAJO,0,,"Alerta tx 807 (folio 52536, cód PROPTI, monto -52.80): | ctx: USUARIO_MODIFICACION: creado por 'EGT', modificado por 'CEV'"
527,10438,RENHAB,-1404.0,2021-08-09,True,False,False,,"USUARIO_MODIFICACION: creado por 'ALM', modificado por 'JEO'",BAJO,0,,"Alerta tx 527 (folio 10438, cód RENHAB, monto -1404.00): | ctx: USUARIO_MODIFICACION: creado por 'ALM', modificado por 'JEO'"
100,66095,RENCOM,0.01,2023-07-26,True,False,True,CONTEXTO_RESERVACION,,MEDIO,20,"noches_inconsistentes: cargo=0, reserva=4.0","Alerta tx 100 (folio 66095, cód RENCOM, monto 0.01): [CONTEXTO_RESERVACION] — noches_inconsistentes: cargo=0, reserva=4.0"
800,123084,PROPTI,14.52,2025-05-03,True,False,False,,"USUARIO_MODIFICACION: creado por 'DOB', modificado por 'CEV'",BAJO,0,,"Alerta tx 800 (folio 123084, cód PROPTI, monto 14.52): | ctx: USUARIO_MODIFICACION: creado por 'DOB', modificado por 'CEV'"
116,8715,RENHAB,1829.33,2021-07-18,True,False,False,,"USUARIO_MODIFICACION: creado por 'MCC', modificado por 'KJG'",BAJO,0,,"Alerta tx 116 (folio 8715, cód RENHAB, monto 1829.33): | ctx: USUARIO_MODIFICACION: creado por 'MCC', modificado por 'KJG'"
632,2262,RENHAB,-1302.17,2021-04-05,True,False,False,,"USUARIO_MODIFICACION: creado por 'FJL', modificado por 'RFR'",BAJO,0,,"Alerta tx 632 (folio 2262, cód RENHAB, monto -1302.17): | ctx: USUARIO_MODIFICACION: creado por 'FJL', modificado por 'RFR'"
632,31525,PROPTI,48.0,2022-06-14,True,False,False,,"USUARIO_MODIFICACION: creado por 'ALM', modificado por 'NGA'",BAJO,0,,"Alerta tx 632 (folio 31525, cód PROPTI, monto 48.00): | ctx: USUARIO_MODIFICACION: creado por 'ALM', modificado por 'NGA'"
659,7944,PROPTI,48.0,2021-07-04,True,False,False,,"USUARIO_MODIFICACION: creado por 'MCC', modificado por 'RFR'",BAJO,0,,"Alerta tx 659 (folio 7944, cód PROPTI, monto 48.00): | ctx: USUARIO_MODIFICACION: creado por 'MCC', modificado por 'RFR'"
238,13345,RENHAB,2106.0,2021-10-07,True,False,False,,"USUARIO_MODIFICACION: creado por 'ALM', modificado por 'LBB'",BAJO,0,,"Alerta tx 238 (folio 13345, cód RENHAB, monto 2106.00): | ctx: USUARIO_MODIFICACION: creado por 'ALM', modificado por 'LBB'"
790,116875,RENHAB,527.4,2025-02-28,True,False,False,,"USUARIO_MODIFICACION: creado por 'EGT', modificado por 'RM2'",BAJO,0,,"Alerta tx 790 (folio 116875, cód RENHAB, monto 527.40): | ctx: USUARIO_MODIFICACION: creado por 'EGT', modificado por 'RM2'"
465,3246,RENHAB,1478.4,2021-04-19,True,False,False,,"USUARIO_MODIFICACION: creado por 'FJL', modificado por 'RFR'",BAJO,0,,"Alerta tx 465 (folio 3246, cód RENHAB, monto 1478.40): | ctx: USUARIO_MODIFICACION: creado por 'FJL', modificado por 'RFR'"
869,56528,PROPTI,52.8,2023-04-22,True,False,False,,"USUARIO_MODIFICACION: creado por 'JLS', modificado por 'RFR'",BAJO,0,,"Alerta tx 869 (folio 56528, cód PROPTI, monto 52.80): | ctx: USUARIO_MODIFICACION: creado por 'JLS', modificado por 'RFR'"
597,22186,PROPTI,-48.0,2022-02-13,True,False,False,,"USUARIO_MODIFICACION: creado por 'AGH', modificado por 'EGT'",BAJO,0,,"Alerta tx 597 (folio 22186, cód PROPTI, monto -48.00): | ctx: USUARIO_MODIFICACION: creado por 'AGH', modificado por 'EGT'"
984,1593,PROPTI,24.0,2021-03-27,True,False,False,,"USUARIO_MODIFICACION: creado por 'FJL', modificado por 'LBB'",BAJO,0,,"Alerta tx 984 (folio 1593, cód PROPTI, monto 24.00): | ctx: USUARIO_MODIFICACION: creado por 'FJL', modificado por 'LBB'"
733,3768,RENHAB,1831.75,2021-04-28,True,False,False,,"USUARIO_MODIFICACION: creado por 'MCC', modificado por 'JML'",BAJO,0,,"Alerta tx 733 (folio 3768, cód RENHAB, monto 1831.75): | ctx: USUARIO_MODIFICACION: creado por 'MCC', modificado por 'JML'"
708,43611,PROPTI,48.0,2022-11-20,True,False,False,,"USUARIO_MODIFICACION: creado por 'EGT', modificado por 'SSL'",BAJO,0,,"Alerta tx 708 (folio 43611, cód PROPTI, monto 48.00): | ctx: USUARIO_MODIFICACION: creado por 'EGT', modificado por 'SSL'"
686,25925,RENHAB,-1552.0,2022-04-06,True,False,False,,"USUARIO_MODIFICACION: creado por 'AGH', modificado por 'EGT'",BAJO,0,,"Alerta tx 686 (folio 25925, cód RENHAB, monto -1552.00): | ctx: USUARIO_MODIFICACION: creado por 'AGH', modificado por 'EGT'"
585,68057,RENHAB,1734.0,2023-08-05,True,False,False,,"USUARIO_MODIFICACION: creado por 'EGT', modificado por 'RFR'",BAJO,0,,"Alerta tx 585 (folio 68057, cód RENHAB, monto 1734.00): | ctx: USUARIO_MODIFICACION: creado por 'EGT', modificado por 'RFR'"
744,18178,PROPTI,48.0,2021-12-20,True,False,False,,"USUARIO_MODIFICACION: creado por 'ALM', modificado por 'EGT'",BAJO,0,,"Alerta tx 744 (folio 18178, cód PROPTI, monto 48.00): | ctx: USUARIO_MODIFICACION: creado por 'ALM', modificado por 'EGT'"
811,29754,PROPTI,-48.0,2022-05-21,True,False,False,,"USUARIO_MODIFICACION: creado por 'ALM', modificado por 'SSL'",BAJO,0,,"Alerta tx 811 (folio 29754, cód PROPTI, monto -48.00): | ctx: USUARIO_MODIFICACION: creado por 'ALM', modificado por 'SSL'"
640,109253,PROPTI,58.08,2024-11-28,True,False,False,,"USUARIO_MODIFICACION: creado por 'ISU', modificado por 'OLN'",BAJO,0,,"Alerta tx 640 (folio 109253, cód PROPTI, monto 58.08): | ctx: USUARIO_MODIFICACION: creado por 'ISU', modificado por 'OLN'"
434,47869,RENHAB,-2684.25,2023-01-23,True,False,False,,"USUARIO_MODIFICACION: creado por 'EGT', modificado por 'NGA' (monto alto)",BAJO,0,,"Alerta tx 434 (folio 47869, cód RENHAB, monto -2684.25): | ctx: USUARIO_MODIFICACION: creado por 'EGT', modificado por 'NGA' (monto alto)"
341,101520,RENHAB,1690.88,2024-08-04,True,False,False,,"USUARIO_MODIFICACION: creado por 'EGT', modificado por 'CEV'",BAJO,0,,"Alerta tx 341 (folio 101520, cód RENHAB, monto 1690.88): | ctx: USUARIO_MODIFICACION: creado por 'EGT', modificado por 'CEV'"
375,4217,RENHAB,-1818.55,2021-05-05,True,False,False,,"USUARIO_MODIFICACION: creado por 'MCC', modificado por 'JML'",BAJO,0,,"Alerta tx 375 (folio 4217, cód RENHAB, monto -1818.55): | ctx: USUARIO_MODIFICACION: creado por 'MCC', modificado por 'JML'"
703,123378,PROPTI,-14.52,2025-05-05,True,False,False,,"USUARIO_MODIFICACION: creado por 'DOB', modificado por 'RFR'",BAJO,0,,"Alerta tx 703 (folio 123378, cód PROPTI, monto -14.52): | ctx: USUARIO_MODIFICACION: creado por 'DOB', modificado por 'RFR'"
806,4713,PROPTI,48.0,2021-05-12,True,False,False,,"USUARIO_MODIFICACION: creado por 'MCC', modificado por 'JML'",BAJO,0,,"Alerta tx 806 (folio 4713, cód PROPTI, monto 48.00): | ctx: USUARIO_MODIFICACION: creado por 'MCC', modificado por 'JML'"
198,71173,RENHAB,2481.2,2023-09-04,True,False,False,,"USUARIO_MODIFICACION: creado por 'EGT', modificado por 'AB9'",BAJO,0,,"Alerta tx 198 (folio 71173, cód RENHAB, monto 2481.20): | ctx: USUARIO_MODIFICACION: creado por 'EGT', modificado por 'AB9'"
660,7684,PROPTI,48.0,2021-07-03,True,False,False,,"USUARIO_MODIFICACION: creado por 'MCC', modificado por 'RFR'",BAJO,0,,"Alerta tx 660 (folio 7684, cód PROPTI, monto 48.00): | ctx: USUARIO_MODIFICACION: creado por 'MCC', modificado por 'RFR'"
1659,3423,RENHAB,977.5,2021-04-21,True,False,False,,"USUARIO_MODIFICACION: creado por 'FJL', modificado por 'KJG'",BAJO,0,,"Alerta tx 1659 (folio 3423, cód RENHAB, monto 977.50): | ctx: USUARIO_MODIFICACION: creado por 'FJL', modificado por 'KJG'"
6,64772,XFAC,8392.21,2023-07-13,True,False,True,CONTEXTO_RESERVACION,,MEDIO,20,"noches_inconsistentes: cargo=0, reserva=4.0","Alerta tx 6 (folio 64772, cód XFAC, monto 8392.21): [CONTEXTO_RESERVACION] — noches_inconsistentes: cargo=0, reserva=4.0"
718,10084,PROPTI,24.0,2021-08-04,True,False,False,,"USUARIO_MODIFICACION: creado por 'MCC', modificado por 'FJL'",BAJO,0,,"Alerta tx 718 (folio 10084, cód PROPTI, monto 24.00): | ctx: USUARIO_MODIFICACION: creado por 'MCC', modificado por 'FJL'"
381,2846,RENHAB,1818.55,2021-04-13,True,False,False,,"USUARIO_MODIFICACION: creado por 'ALM', modificado por 'LBB'",BAJO,0,,"Alerta tx 381 (folio 2846, cód RENHAB, monto 1818.55): | ctx: USUARIO_MODIFICACION: creado por 'ALM', modificado por 'LBB'"
657,31454,EFE,200.0,2022-06-13,True,False,False,,"USUARIO_MODIFICACION: creado por 'GRC', modificado por 'EGT'",BAJO,0,,"Alerta tx 657 (folio 31454, cód EFE, monto 200.00): | ctx: USUARIO_MODIFICACION: creado por 'GRC', modificado por 'EGT'"
794,28086,PROPTI,-12.0,2022-04-30,True,False,False,,"USUARIO_MODIFICACION: creado por 'AGH', modificado por 'ALM'",BAJO,0,,"Alerta tx 794 (folio 28086, cód PROPTI, monto -12.00): | ctx: USUARIO_MODIFICACION: creado por 'AGH', modificado por 'ALM'"
479,10943,PROPTI,-48.0,2021-08-16,True,False,False,,"USUARIO_MODIFICACION: creado por 'ALM', modificado por 'LBB'",BAJO,0,,"Alerta tx 479 (folio 10943, cód PROPTI, monto -48.00): | ctx: USUARIO_MODIFICACION: creado por 'ALM', modificado por 'LBB'"
512,58788,RENHAB,-2152.2,2023-05-14,True,False,False,,"USUARIO_MODIFICACION: creado por 'EGT', modificado por 'CMG'",BAJO,0,,"Alerta tx 512 (folio 58788, cód RENHAB, monto -2152.20): | ctx: USUARIO_MODIFICACION: creado por 'EGT', modificado por 'CMG'"
780,2541,PROPTI,12.0,2021-04-08,True,False,False,,"USUARIO_MODIFICACION: creado por 'ALM', modificado por 'RFR'",BAJO,0,,"Alerta tx 780 (folio 2541, cód PROPTI, monto 12.00): | ctx: USUARIO_MODIFICACION: creado por 'ALM', modificado por 'RFR'"
509,16264,PROPTI,48.0,2021-11-21,True,False,False,,"USUARIO_MODIFICACION: creado por 'EGT', modificado por 'AGH'",BAJO,0,,"Alerta tx 509 (folio 16264, cód PROPTI, monto 48.00): | ctx: USUARIO_MODIFICACION: creado por 'EGT', modificado por 'AGH'"
169,41068,EFE,3362.5,2022-10-05,True,False,False,,"USUARIO_MODIFICACION: creado por 'BMB', modificado por 'ALM' (monto alto)",BAJO,0,,"Alerta tx 169 (folio 41068, cód EFE, monto 3362.50): | ctx: USUARIO_MODIFICACION: creado por 'BMB', modificado por 'ALM' (monto alto)"
832,111103,RENHAB,3091.34,2024-12-19,True,False,False,,"USUARIO_MODIFICACION: creado por 'EGT', modificado por 'RFR' (monto alto)",BAJO,0,,"Alerta tx 832 (folio 111103, cód RENHAB, monto 3091.34): | ctx: USUARIO_MODIFICACION: creado por 'EGT', modificado por 'RFR' (monto alto)"
331,17715,PEREXT,735.72,2021-12-11,True,False,False,,"USUARIO_MODIFICACION: creado por 'EGT', modificado por 'AGH'",BAJO,0,,"Alerta tx 331 (folio 17715, cód PEREXT, monto 735.72): | ctx: USUARIO_MODIFICACION: creado por 'EGT', modificado por 'AGH'"
31,45971,XFAC,5812.53,2022-12-30,True,False,True,CONTEXTO_RESERVACION,,MEDIO,20,"noches_inconsistentes: cargo=0, reserva=3.0","Alerta tx 31 (folio 45971, cód XFAC, monto 5812.53): [CONTEXTO_RESERVACION] — noches_inconsistentes: cargo=0, reserva=3.0"
704,3344,PROPTI,-48.0,2021-04-20,True,False,False,,"USUARIO_MODIFICACION: creado por 'ALM', modificado por 'KJG'",BAJO,0,,"Alerta tx 704 (folio 3344, cód PROPTI, monto -48.00): | ctx: USUARIO_MODIFICACION: creado por 'ALM', modificado por 'KJG'"
251,11045,PROPTI,48.0,2021-08-21,True,False,False,,"USUARIO_MODIFICACION: creado por 'ALM', modificado por 'RFR'",BAJO,0,,"Alerta tx 251 (folio 11045, cód PROPTI, monto 48.00): | ctx: USUARIO_MODIFICACION: creado por 'ALM', modificado por 'RFR'"
341,72155,RENHAB,-1946.15,2023-09-19,True,False,False,,"USUARIO_MODIFICACION: creado por 'JLS', modificado por 'MCZ'",BAJO,0,,"Alerta tx 341 (folio 72155, cód RENHAB, monto -1946.15): | ctx: USUARIO_MODIFICACION: creado por 'JLS', modificado por 'MCZ'"
695,13428,PROPTI,-48.0,2021-10-09,True,False,False,,"USUARIO_MODIFICACION: creado por 'ALM', modificado por 'HMR'",BAJO,0,,"Alerta tx 695 (folio 13428, cód PROPTI, monto -48.00): | ctx: USUARIO_MODIFICACION: creado por 'ALM', modificado por 'HMR'"
893,123110,PROPTI,-14.52,2025-05-03,True,False,False,,"USUARIO_MODIFICACION: creado por 'DOB', modificado por 'EGT'",BAJO,0,,"Alerta tx 893 (folio 123110, cód PROPTI, monto -14.52): | ctx: USUARIO_MODIFICACION: creado por 'DOB', modificado por 'EGT'"
558,29449,PROPTI,-48.0,2022-05-15,True,False,False,,"USUARIO_MODIFICACION: creado por 'ALM', modificado por 'VMU'",BAJO,0,,"Alerta tx 558 (folio 29449, cód PROPTI, monto -48.00): | ctx: USUARIO_MODIFICACION: creado por 'ALM', modificado por 'VMU'"
257,1263,PROPTI,48.0,2021-03-23,True,False,False,,"USUARIO_MODIFICACION: creado por 'FJL', modificado por 'BEM'",BAJO,0,,"Alerta tx 257 (folio 1263, cód PROPTI, monto 48.00): | ctx: USUARIO_MODIFICACION: creado por 'FJL', modificado por 'BEM'"
685,4924,RENHAB,1933.89,2021-05-15,True,False,False,,"USUARIO_MODIFICACION: creado por 'MCC', modificado por 'JML'",BAJO,0,,"Alerta tx 685 (folio 4924, cód RENHAB, monto 1933.89): | ctx: USUARIO_MODIFICACION: creado por 'MCC', modificado por 'JML'"
803,29759,RENHAB,-2026.0,2022-05-21,True,False,False,,"USUARIO_MODIFICACION: creado por 'ALM', modificado por 'SSL'",BAJO,0,,"Alerta tx 803 (folio 29759, cód RENHAB, monto -2026.00): | ctx: USUARIO_MODIFICACION: creado por 'ALM', modificado por 'SSL'"
382,7472,PROPTI,48.0,2021-06-27,True,False,False,,"USUARIO_MODIFICACION: creado por 'MCC', modificado por 'RFR'",BAJO,0,,"Alerta tx 382 (folio 7472, cód PROPTI, monto 48.00): | ctx: USUARIO_MODIFICACION: creado por 'MCC', modificado por 'RFR'"
74,124189,CANXFA,500.0,2025-05-13,True,False,True,CONTEXTO_RESERVACION,,MEDIO,20,sin_reservacion_en_codigo_habitual: código 'CANXFA',"Alerta tx 74 (folio 124189, cód CANXFA, monto 500.00): [CONTEXTO_RESERVACION] — sin_reservacion_en_codigo_habitual: código 'CANXFA'"
92,14188,TARDEB,3584.0,2021-10-19,True,False,True,CONTEXTO_RESERVACION,"USUARIO_MODIFICACION: creado por 'LBB', modificado por 'JEO' (monto alto)",MEDIO,20,"noches_inconsistentes: cargo=0, reserva=3.0","Alerta tx 92 (folio 14188, cód TARDEB, monto 3584.00): [CONTEXTO_RESERVACION] — noches_inconsistentes: cargo=0, reserva=3.0 — | ctx: USUARIO_MODIFICACION: creado por 'LBB', modificado por 'JEO' (monto alto)"
312,129378,RENHAB,2697.89,2025-07-09,True,False,False,,"USUARIO_MODIFICACION: creado por 'DOB', modificado por 'CEV' (monto alto)",BAJO,0,,"Alerta tx 312 (folio 129378, cód RENHAB, monto 2697.89): | ctx: USUARIO_MODIFICACION: creado por 'DOB', modificado por 'CEV' (monto alto)"
177,17988,RENHAB,2402.0,2021-12-18,True,False,False,,"USUARIO_MODIFICACION: creado por 'ALM', modificado por 'AGH'",BAJO,0,,"Alerta tx 177 (folio 17988, cód RENHAB, monto 2402.00): | ctx: USUARIO_MODIFICACION: creado por 'ALM', modificado por 'AGH'"
3,148183,XFAC,7534.25,2026-02-23,True,False,True,CONTEXTO_RESERVACION,,MEDIO,20,"noches_inconsistentes: cargo=0, reserva=3.0","Alerta tx 3 (folio 148183, cód XFAC, monto 7534.25): [CONTEXTO_RESERVACION] — noches_inconsistentes: cargo=0, reserva=3.0"
1266,4829,RENHAB,1834.15,2021-05-14,True,False,False,,"USUARIO_MODIFICACION: creado por 'MCC', modificado por 'IEP'",BAJO,0,,"Alerta tx 1266 (folio 4829, cód RENHAB, monto 1834.15): | ctx: USUARIO_MODIFICACION: creado por 'MCC', modificado por 'IEP'"
2,30043,XFAC,5004.91,2022-05-27,True,False,True,CONTEXTO_RESERVACION,,MEDIO,20,"noches_inconsistentes: cargo=0, reserva=3.0","Alerta tx 2 (folio 30043, cód XFAC, monto 5004.91): [CONTEXTO_RESERVACION] — noches_inconsistentes: cargo=0, reserva=3.0"
202,7444,RENHAB,1745.5,2021-07-01,True,False,False,,"USUARIO_MODIFICACION: creado por 'MCC', modificado por 'RFR'",BAJO,0,,"Alerta tx 202 (folio 7444, cód RENHAB, monto 1745.50): | ctx: USUARIO_MODIFICACION: creado por 'MCC', modificado por 'RFR'"
526,89437,RENHAB,1862.88,2024-04-10,True,False,False,,"USUARIO_MODIFICACION: creado por 'EGT', modificado por 'OLN'",BAJO,0,,"Alerta tx 526 (folio 89437, cód RENHAB, monto 1862.88): | ctx: USUARIO_MODIFICACION: creado por 'EGT', modificado por 'OLN'"
405,4146,PROPTI,48.0,2021-05-03,True,False,False,,"USUARIO_MODIFICACION: creado por 'MCC', modificado por 'JML'",BAJO,0,,"Alerta tx 405 (folio 4146, cód PROPTI, monto 48.00): | ctx: USUARIO_MODIFICACION: creado por 'MCC', modificado por 'JML'"
70,45266,TARDEB,10476.0,2022-12-17,True,False,False,,"USUARIO_MODIFICACION: creado por 'RFR', modificado por 'EGT' (monto alto)",BAJO,0,,"Alerta tx 70 (folio 45266, cód TARDEB, monto 10476.00): | ctx: USUARIO_MODIFICACION: creado por 'RFR', modificado por 'EGT' (monto alto)"
550,137499,PROPTI,58.08,2025-10-10,True,False,False,,"USUARIO_MODIFICACION: creado por 'EGT', modificado por 'MYD'",BAJO,0,,"Alerta tx 550 (folio 137499, cód PROPTI, monto 58.08): | ctx: USUARIO_MODIFICACION: creado por 'EGT', modificado por 'MYD'"
570,63647,RENHAB,2046.4,2023-06-27,True,False,False,,"USUARIO_MODIFICACION: creado por 'JLS', modificado por 'MBJ'",BAJO,0,,"Alerta tx 570 (folio 63647, cód RENHAB, monto 2046.40): | ctx: USUARIO_MODIFICACION: creado por 'JLS', modificado por 'MBJ'"
589,24921,PROPTI,72.0,2022-03-22,True,False,False,,"USUARIO_MODIFICACION: creado por 'AGH', modificado por 'EGT'",BAJO,0,,"Alerta tx 589 (folio 24921, cód PROPTI, monto 72.00): | ctx: USUARIO_MODIFICACION: creado por 'AGH', modificado por 'EGT'"
721,30012,PROPTI,12.0,2022-05-23,True,False,False,,"USUARIO_MODIFICACION: creado por 'ALM', modificado por 'EGT'",BAJO,0,,"Alerta tx 721 (folio 30012, cód PROPTI, monto 12.00): | ctx: USUARIO_MODIFICACION: creado por 'ALM', modificado por 'EGT'"
538,83376,RENHAB,2065.2,2024-02-09,True,False,False,,"USUARIO_MODIFICACION: creado por 'EGT', modificado por 'MCZ'",BAJO,0,,"Alerta tx 538 (folio 83376, cód RENHAB, monto 2065.20): | ctx: USUARIO_MODIFICACION: creado por 'EGT', modificado por 'MCZ'"
666,123380,RENHAB,2536.26,2025-05-05,True,False,False,,"USUARIO_MODIFICACION: creado por 'DOB', modificado por 'RFR' (monto alto)",BAJO,0,,"Alerta tx 666 (folio 123380, cód RENHAB, monto 2536.26): | ctx: USUARIO_MODIFICACION: creado por 'DOB', modificado por 'RFR' (monto alto)"
739,856,PROPTI,24.0,2021-03-16,True,False,False,,"USUARIO_MODIFICACION: creado por 'FJL', modificado por 'LBB'",BAJO,0,,"Alerta tx 739 (folio 856, cód PROPTI, monto 24.00): | ctx: USUARIO_MODIFICACION: creado por 'FJL', modificado por 'LBB'"
737,111643,PROPTI,29.04,2024-12-27,True,False,False,,"USUARIO_MODIFICACION: creado por 'EGT', modificado por 'NYB'",BAJO,0,,"Alerta tx 737 (folio 111643, cód PROPTI, monto 29.04): | ctx: USUARIO_MODIFICACION: creado por 'EGT', modificado por 'NYB'"
755,108224,PROPTI,58.08,2024-11-17,True,False,False,,"USUARIO_MODIFICACION: creado por 'ISU', modificado por 'MBJ'",BAJO,0,,"Alerta tx 755 (folio 108224, cód PROPTI, monto 58.08): | ctx: USUARIO_MODIFICACION: creado por 'ISU', modificado por 'MBJ'"
428,7843,PROPTI,48.0,2021-07-02,True,False,False,,"USUARIO_MODIFICACION: creado por 'MCC', modificado por 'RFR'",BAJO,0,,"Alerta tx 428 (folio 7843, cód PROPTI, monto 48.00): | ctx: USUARIO_MODIFICACION: creado por 'MCC', modificado por 'RFR'"
352,65388,RENHAB,2300.8,2023-07-16,True,False,False,,"USUARIO_MODIFICACION: creado por 'EGT', modificado por 'RFR'",BAJO,0,,"Alerta tx 352 (folio 65388, cód RENHAB, monto 2300.80): | ctx: USUARIO_MODIFICACION: creado por 'EGT', modificado por 'RFR'"
10,109391,RENCOM,0.3,2024-12-01,True,False,True,CONTEXTO_RESERVACION,,MEDIO,20,"noches_inconsistentes: cargo=0, reserva=4.0","Alerta tx 10 (folio 109391, cód RENCOM, monto 0.30): [CONTEXTO_RESERVACION] — noches_inconsistentes: cargo=0, reserva=4.0"
530,94152,RENHAB,3052.94,2024-05-26,True,False,False,,"USUARIO_MODIFICACION: creado por 'EGT', modificado por 'CMG' (monto alto)",BAJO,0,,"Alerta tx 530 (folio 94152, cód RENHAB, monto 3052.94): | ctx: USUARIO_MODIFICACION: creado por 'EGT', modificado por 'CMG' (monto alto)"
1005,91942,PROPTI,58.08,2024-05-03,True,False,False,,"USUARIO_MODIFICACION: creado por 'EGT', modificado por 'RFR'",BAJO,0,,"Alerta tx 1005 (folio 91942, cód PROPTI, monto 58.08): | ctx: USUARIO_MODIFICACION: creado por 'EGT', modificado por 'RFR'"
12,102634,RENCOM,0.4,2024-08-19,True,False,True,CONTEXTO_RESERVACION,,MEDIO,20,"noches_inconsistentes: cargo=0, reserva=3.0","Alerta tx 12 (folio 102634, cód RENCOM, monto 0.40): [CONTEXTO_RESERVACION] — noches_inconsistentes: cargo=0, reserva=3.0"
683,6201,RENHAB,1383.0,2021-06-07,True,False,False,,"USUARIO_MODIFICACION: creado por 'MCC', modificado por 'RFR'",BAJO,0,,"Alerta tx 683 (folio 6201, cód RENHAB, monto 1383.00): | ctx: USUARIO_MODIFICACION: creado por 'MCC', modificado por 'RFR'"
224,75801,PROPTI,52.8,2023-11-08,True,False,False,,"USUARIO_MODIFICACION: creado por 'EGT', modificado por 'RM2'",BAJO,0,,"Alerta tx 224 (folio 75801, cód PROPTI, monto 52.80): | ctx: USUARIO_MODIFICACION: creado por 'EGT', modificado por 'RM2'"
14,7745,XFAC,4811.64,2021-07-05,True,False,True,CONTEXTO_RESERVACION,,MEDIO,20,"noches_inconsistentes: cargo=0, reserva=3.0","Alerta tx 14 (folio 7745, cód XFAC, monto 4811.64): [CONTEXTO_RESERVACION] — noches_inconsistentes: cargo=0, reserva=3.0"
554,82083,RENHAB,-2141.26,2024-01-26,True,False,False,,"USUARIO_MODIFICACION: creado por 'EGT', modificado por 'RFR'",BAJO,0,,"Alerta tx 554 (folio 82083, cód RENHAB, monto -2141.26): | ctx: USUARIO_MODIFICACION: creado por 'EGT', modificado por 'RFR'"
229,86028,PROPTI,14.52,2024-03-13,True,False,False,,"USUARIO_MODIFICACION: creado por 'EGT', modificado por 'RFR'",BAJO,0,,"Alerta tx 229 (folio 86028, cód PROPTI, monto 14.52): | ctx: USUARIO_MODIFICACION: creado por 'EGT', modificado por 'RFR'"
250,40219,PROPTI,-48.0,2022-09-21,True,False,False,,"USUARIO_MODIFICACION: creado por 'EGT', modificado por 'NGA'",BAJO,0,,"Alerta tx 250 (folio 40219, cód PROPTI, monto -48.00): | ctx: USUARIO_MODIFICACION: creado por 'EGT', modificado por 'NGA'"
361,44389,PROPTI,48.0,2022-12-04,True,False,False,,"USUARIO_MODIFICACION: creado por 'EGT', modificado por 'NGA'",BAJO,0,,"Alerta tx 361 (folio 44389, cód PROPTI, monto 48.00): | ctx: USUARIO_MODIFICACION: creado por 'EGT', modificado por 'NGA'"
550,101177,PEREXT,1350.0,2024-08-08,True,False,False,,"USUARIO_MODIFICACION: creado por 'EGT', modificado por 'AB9'",BAJO,0,,"Alerta tx 550 (folio 101177, cód PEREXT, monto 1350.00): | ctx: USUARIO_MODIFICACION: creado por 'EGT', modificado por 'AB9'"
580,133420,RENHAB,2498.16,2025-08-16,True,False,False,,"USUARIO_MODIFICACION: creado por 'EGT', modificado por 'CEV'",BAJO,0,,"Alerta tx 580 (folio 133420, cód RENHAB, monto 2498.16): | ctx: USUARIO_MODIFICACION: creado por 'EGT', modificado por 'CEV'"
1696,4419,RENHAB,1527.69,2021-05-07,True,False,False,,"USUARIO_MODIFICACION: creado por 'MCC', modificado por 'JML'",BAJO,0,,"Alerta tx 1696 (folio 4419, cód RENHAB, monto 1527.69): | ctx: USUARIO_MODIFICACION: creado por 'MCC', modificado por 'JML'"
869,63976,PROPTI,-52.8,2023-07-01,True,False,False,,"USUARIO_MODIFICACION: creado por 'EGT', modificado por 'AE3'",BAJO,0,,"Alerta tx 869 (folio 63976, cód PROPTI, monto -52.80): | ctx: USUARIO_MODIFICACION: creado por 'EGT', modificado por 'AE3'"
505,86351,PROPTI,14.52,2024-03-14,True,False,False,,"USUARIO_MODIFICACION: creado por 'EGT', modificado por 'MCZ'",BAJO,0,,"Alerta tx 505 (folio 86351, cód PROPTI, monto 14.52): | ctx: USUARIO_MODIFICACION: creado por 'EGT', modificado por 'MCZ'"
776,37055,RENHAB,-1073.6,2022-08-09,True,False,False,,"USUARIO_MODIFICACION: creado por 'ALM', modificado por 'NGA'",BAJO,0,,"Alerta tx 776 (folio 37055, cód RENHAB, monto -1073.60): | ctx: USUARIO_MODIFICACION: creado por 'ALM', modificado por 'NGA'"
730,491,RENHAB,1422.0,2021-03-13,True,False,False,,"USUARIO_MODIFICACION: creado por 'ALM', modificado por 'BEM'",BAJO,0,,"Alerta tx 730 (folio 491, cód RENHAB, monto 1422.00): | ctx: USUARIO_MODIFICACION: creado por 'ALM', modificado por 'BEM'"
1145,9803,RENHAB,-1654.25,2021-08-01,True,False,False,,"USUARIO_MODIFICACION: creado por 'MCC', modificado por 'KJG'",BAJO,0,,"Alerta tx 1145 (folio 9803, cód RENHAB, monto -1654.25): | ctx: USUARIO_MODIFICACION: creado por 'MCC', modificado por 'KJG'"
926,131782,PROPTI,-58.08,2025-08-01,True,False,False,,"USUARIO_MODIFICACION: creado por 'EGT', modificado por 'CEV'",BAJO,0,,"Alerta tx 926 (folio 131782, cód PROPTI, monto -58.08): | ctx: USUARIO_MODIFICACION: creado por 'EGT', modificado por 'CEV'"
994,8534,RENHAB,-2080.28,2021-07-13,True,False,False,,"USUARIO_MODIFICACION: creado por 'ALM', modificado por 'RFR'",BAJO,0,,"Alerta tx 994 (folio 8534, cód RENHAB, monto -2080.28): | ctx: USUARIO_MODIFICACION: creado por 'ALM', modificado por 'RFR'"
601,5688,RENHAB,-1479.0,2021-05-30,True,False,False,,"USUARIO_MODIFICACION: creado por 'MCC', modificado por 'JML'",BAJO,0,,"Alerta tx 601 (folio 5688, cód RENHAB, monto -1479.00): | ctx: USUARIO_MODIFICACION: creado por 'MCC', modificado por 'JML'"
880,2154,PROPTI,-48.0,2021-04-03,True,False,False,,"USUARIO_MODIFICACION: creado por 'FJL', modificado por 'RFR'",BAJO,0,,"Alerta tx 880 (folio 2154, cód PROPTI, monto -48.00): | ctx: USUARIO_MODIFICACION: creado por 'FJL', modificado por 'RFR'"
537,13681,PROPTI,48.0,2021-10-07,True,False,False,,"USUARIO_MODIFICACION: creado por 'ALM', modificado por 'HMR'",BAJO,0,,"Alerta tx 537 (folio 13681, cód PROPTI, monto 48.00): | ctx: USUARIO_MODIFICACION: creado por 'ALM', modificado por 'HMR'"
705,7997,CXC,-4713.43,2021-07-08,True,False,True,CONTEXTO_RESERVACION,"USUARIO_MODIFICACION: creado por 'KJG', modificado por 'ALM' (monto alto)",MEDIO,20,"noches_inconsistentes: cargo=0, reserva=3.0","Alerta tx 705 (folio 7997, cód CXC, monto -4713.43): [CONTEXTO_RESERVACION] — noches_inconsistentes: cargo=0, reserva=3.0 — | ctx: USUARIO_MODIFICACION: creado por 'KJG', modificado por 'ALM' (monto alto)"
541,33521,PROPTI,24.0,2022-07-07,True,False,False,,"USUARIO_MODIFICACION: creado por 'ALM', modificado por 'EGT'",BAJO,0,,"Alerta tx 541 (folio 33521, cód PROPTI, monto 24.00): | ctx: USUARIO_MODIFICACION: creado por 'ALM', modificado por 'EGT'"
150,50621,RENHAB,1694.27,2023-02-25,True,False,False,,"USUARIO_MODIFICACION: creado por 'EGT', modificado por 'EJN'",BAJO,0,,"Alerta tx 150 (folio 50621, cód RENHAB, monto 1694.27): | ctx: USUARIO_MODIFICACION: creado por 'EGT', modificado por 'EJN'"
841,17276,RENHAB,2065.75,2021-12-06,True,False,False,,"USUARIO_MODIFICACION: creado por 'EGT', modificado por 'LBB'",BAJO,0,,"Alerta tx 841 (folio 17276, cód RENHAB, monto 2065.75): | ctx: USUARIO_MODIFICACION: creado por 'EGT', modificado por 'LBB'"
1234,4768,RENHAB,-2353.33,2021-05-13,True,False,False,,"USUARIO_MODIFICACION: creado por 'MCC', modificado por 'JML'",BAJO,0,,"Alerta tx 1234 (folio 4768, cód RENHAB, monto -2353.33): | ctx: USUARIO_MODIFICACION: creado por 'MCC', modificado por 'JML'"
884,90630,PROPTI,58.08,2024-04-19,True,False,False,,"USUARIO_MODIFICACION: creado por 'VN2', modificado por 'RFR'",BAJO,0,,"Alerta tx 884 (folio 90630, cód PROPTI, monto 58.08): | ctx: USUARIO_MODIFICACION: creado por 'VN2', modificado por 'RFR'"
292,230,RENHAB,-1524.0,2021-03-07,True,False,False,,"USUARIO_MODIFICACION: creado por 'FJL', modificado por 'KJG'",BAJO,0,,"Alerta tx 292 (folio 230, cód RENHAB, monto -1524.00): | ctx: USUARIO_MODIFICACION: creado por 'FJL', modificado por 'KJG'"
491,10471,RENHAB,-1717.22,2021-08-09,True,False,False,,"USUARIO_MODIFICACION: creado por 'ALM', modificado por 'JEO'",BAJO,0,,"Alerta tx 491 (folio 10471, cód RENHAB, monto -1717.22): | ctx: USUARIO_MODIFICACION: creado por 'ALM', modificado por 'JEO'"
40,137943,PEREXT,1276.75,2025-10-20,True,False,True,CONTEXTO_RESERVACION,,MEDIO,20,"noches_inconsistentes: cargo=0, reserva=4.0","Alerta tx 40 (folio 137943, cód PEREXT, monto 1276.75): [CONTEXTO_RESERVACION] — noches_inconsistentes: cargo=0, reserva=4.0"
773,8953,RENHAB,-2761.85,2021-07-19,True,False,False,,"USUARIO_MODIFICACION: creado por 'MCC', modificado por 'RFR' (monto alto)",BAJO,0,,"Alerta tx 773 (folio 8953, cód RENHAB, monto -2761.85): | ctx: USUARIO_MODIFICACION: creado por 'MCC', modificado por 'RFR' (monto alto)"
170,54268,PROPTI,52.8,2023-04-04,True,False,False,,"USUARIO_MODIFICACION: creado por 'EGT', modificado por 'RFR'",BAJO,0,,"Alerta tx 170 (folio 54268, cód PROPTI, monto 52.80): | ctx: USUARIO_MODIFICACION: creado por 'EGT', modificado por 'RFR'"
827,2191,PROPTI,48.0,2021-04-07,True,False,False,,"USUARIO_MODIFICACION: creado por 'ALM', modificado por 'LBB'",BAJO,0,,"Alerta tx 827 (folio 2191, cód PROPTI, monto 48.00): | ctx: USUARIO_MODIFICACION: creado por 'ALM', modificado por 'LBB'"
460,148991,RENHAB,2779.81,2026-03-06,True,False,False,,"USUARIO_MODIFICACION: creado por 'EGT', modificado por 'EOG' (monto alto)",BAJO,0,,"Alerta tx 460 (folio 148991, cód RENHAB, monto 2779.81): | ctx: USUARIO_MODIFICACION: creado por 'EGT', modificado por 'EOG' (monto alto)"
784,9825,RENHAB,2182.0,2021-07-30,True,False,False,,"USUARIO_MODIFICACION: creado por 'MCC', modificado por 'KJG'",BAJO,0,,"Alerta tx 784 (folio 9825, cód RENHAB, monto 2182.00): | ctx: USUARIO_MODIFICACION: creado por 'MCC', modificado por 'KJG'"
589,54880,RENHAB,2087.95,2023-04-09,True,False,False,,"USUARIO_MODIFICACION: creado por 'EGT', modificado por 'CEV'",BAJO,0,,"Alerta tx 589 (folio 54880, cód RENHAB, monto 2087.95): | ctx: USUARIO_MODIFICACION: creado por 'EGT', modificado por 'CEV'"
354,8730,PROPTI,12.0,2021-07-17,True,False,False,,"USUARIO_MODIFICACION: creado por 'MCC', modificado por 'KJG'",BAJO,0,,"Alerta tx 354 (folio 8730, cód PROPTI, monto 12.00): | ctx: USUARIO_MODIFICACION: creado por 'MCC', modificado por 'KJG'"
1901,3966,EFE,5300.0,2021-04-30,True,False,False,,"USUARIO_MODIFICACION: creado por 'AGV', modificado por 'KJG' (monto alto)",BAJO,0,,"Alerta tx 1901 (folio 3966, cód EFE, monto 5300.00): | ctx: USUARIO_MODIFICACION: creado por 'AGV', modificado por 'KJG' (monto alto)"
554,74482,PROPTI,52.8,2023-10-21,True,False,False,,"USUARIO_MODIFICACION: creado por 'EGT', modificado por 'RFR'",BAJO,0,,"Alerta tx 554 (folio 74482, cód PROPTI, monto 52.80): | ctx: USUARIO_MODIFICACION: creado por 'EGT', modificado por 'RFR'"
767,66699,PROPTI,52.8,2023-07-27,True,False,False,,"USUARIO_MODIFICACION: creado por 'EGT', modificado por 'AB9'",BAJO,0,,"Alerta tx 767 (folio 66699, cód PROPTI, monto 52.80): | ctx: USUARIO_MODIFICACION: creado por 'EGT', modificado por 'AB9'"
793,5584,RENHAB,1986.0,2021-05-28,True,False,True,CONTEXTO_RESERVACION,,MEDIO,20,"personas_inconsistentes: cargo=4, reserva=2.0","Alerta tx 793 (folio 5584, cód RENHAB, monto 1986.00): [CONTEXTO_RESERVACION] — personas_inconsistentes: cargo=4, reserva=2.0"
1026,54379,PEREXT,2022.0,2023-04-06,True,False,False,,"USUARIO_MODIFICACION: creado por 'EGT', modificado por 'MBJ'",BAJO,0,,"Alerta tx 1026 (folio 54379, cód PEREXT, monto 2022.00): | ctx: USUARIO_MODIFICACION: creado por 'EGT', modificado por 'MBJ'"
512,126960,PROPTI,58.08,2025-06-08,True,False,False,,"USUARIO_MODIFICACION: creado por 'DOB', modificado por 'RFR'",BAJO,0,,"Alerta tx 512 (folio 126960, cód PROPTI, monto 58.08): | ctx: USUARIO_MODIFICACION: creado por 'DOB', modificado por 'RFR'"
1,79957,RENCOM,0.09,2024-01-01,True,False,True,CONTEXTO_RESERVACION,,MEDIO,20,"noches_inconsistentes: cargo=0, reserva=3.0","Alerta tx 1 (folio 79957, cód RENCOM, monto 0.09): [CONTEXTO_RESERVACION] — noches_inconsistentes: cargo=0, reserva=3.0"
457,12783,PROPTI,-48.0,2021-09-27,True,False,False,,"USUARIO_MODIFICACION: creado por 'ALM', modificado por 'RFR'",BAJO,0,,"Alerta tx 457 (folio 12783, cód PROPTI, monto -48.00): | ctx: USUARIO_MODIFICACION: creado por 'ALM', modificado por 'RFR'"
3,67392,XFAC,5884.6,2023-08-04,True,False,True,CONTEXTO_RESERVACION,,MEDIO,20,"noches_inconsistentes: cargo=0, reserva=3.0","Alerta tx 3 (folio 67392, cód XFAC, monto 5884.60): [CONTEXTO_RESERVACION] — noches_inconsistentes: cargo=0, reserva=3.0"
818,14957,TARCRE,4900.0,2021-10-31,True,False,False,,"USUARIO_MODIFICACION: creado por 'PMM', modificado por 'JEO' (monto alto)",BAJO,0,,"Alerta tx 818 (folio 14957, cód TARCRE, monto 4900.00): | ctx: USUARIO_MODIFICACION: creado por 'PMM', modificado por 'JEO' (monto alto)"
296,83106,PROPTI,-52.8,2024-02-07,True,False,False,,"USUARIO_MODIFICACION: creado por 'EGT', modificado por 'CEV'",BAJO,0,,"Alerta tx 296 (folio 83106, cód PROPTI, monto -52.80): | ctx: USUARIO_MODIFICACION: creado por 'EGT', modificado por 'CEV'"
867,18606,PROPTI,-48.0,2021-12-26,True,False,False,,"USUARIO_MODIFICACION: creado por 'ALM', modificado por 'AGH'",BAJO,0,,"Alerta tx 867 (folio 18606, cód PROPTI, monto -48.00): | ctx: USUARIO_MODIFICACION: creado por 'ALM', modificado por 'AGH'"
680,32609,RENHAB,-1446.45,2022-06-26,True,False,False,,"USUARIO_MODIFICACION: creado por 'ALM', modificado por 'EGT'",BAJO,0,,"Alerta tx 680 (folio 32609, cód RENHAB, monto -1446.45): | ctx: USUARIO_MODIFICACION: creado por 'ALM', modificado por 'EGT'"
381,97998,RENHAB,1924.74,2024-07-03,True,False,False,,"USUARIO_MODIFICACION: creado por 'EGT', modificado por 'MBJ'",BAJO,0,,"Alerta tx 381 (folio 97998, cód RENHAB, monto 1924.74): | ctx: USUARIO_MODIFICACION: creado por 'EGT', modificado por 'MBJ'"
610,89504,PROPTI,58.08,2024-04-11,True,False,False,,"USUARIO_MODIFICACION: creado por 'EGT', modificado por 'CEV'",BAJO,0,,"Alerta tx 610 (folio 89504, cód PROPTI, monto 58.08): | ctx: USUARIO_MODIFICACION: creado por 'EGT', modificado por 'CEV'"
181,5044,RENHAB,1383.0,2021-05-18,True,False,False,,"USUARIO_MODIFICACION: creado por 'ALM', modificado por 'JML'",BAJO,0,,"Alerta tx 181 (folio 5044, cód RENHAB, monto 1383.00): | ctx: USUARIO_MODIFICACION: creado por 'ALM', modificado por 'JML'"
588,54879,RENHAB,-2087.95,2023-04-09,True,False,False,,"USUARIO_MODIFICACION: creado por 'EGT', modificado por 'CEV'",BAJO,0,,"Alerta tx 588 (folio 54879, cód RENHAB, monto -2087.95): | ctx: USUARIO_MODIFICACION: creado por 'EGT', modificado por 'CEV'"
294,134991,PROPTI,14.52,2025-08-31,True,False,False,,"USUARIO_MODIFICACION: creado por 'DOB', modificado por 'CEV'",BAJO,0,,"Alerta tx 294 (folio 134991, cód PROPTI, monto 14.52): | ctx: USUARIO_MODIFICACION: creado por 'DOB', modificado por 'CEV'"
26,83106,RENCOM,1200.0,2024-02-08,True,False,True,CONTEXTO_RESERVACION,,MEDIO,20,"noches_inconsistentes: cargo=0, reserva=3.0","Alerta tx 26 (folio 83106, cód RENCOM, monto 1200.00): [CONTEXTO_RESERVACION] — noches_inconsistentes: cargo=0, reserva=3.0"
403,14980,PROPTI,48.0,2021-11-01,True,False,False,,"USUARIO_MODIFICACION: creado por 'ALM', modificado por 'JEO'",BAJO,0,,"Alerta tx 403 (folio 14980, cód PROPTI, monto 48.00): | ctx: USUARIO_MODIFICACION: creado por 'ALM', modificado por 'JEO'"
550,29638,PROPTI,-12.0,2022-05-18,True,False,False,,"USUARIO_MODIFICACION: creado por 'ALM', modificado por 'EGT'",BAJO,0,,"Alerta tx 550 (folio 29638, cód PROPTI, monto -12.00): | ctx: USUARIO_MODIFICACION: creado por 'ALM', modificado por 'EGT'"
748,132713,PROPTI,58.08,2025-08-09,True,False,False,,"USUARIO_MODIFICACION: creado por 'DOB', modificado por 'CEV'",BAJO,0,,"Alerta tx 748 (folio 132713, cód PROPTI, monto 58.08): | ctx: USUARIO_MODIFICACION: creado por 'DOB', modificado por 'CEV'"
874,5933,PROPTI,24.0,2021-06-02,True,False,False,,"USUARIO_MODIFICACION: creado por 'MCC', modificado por 'RFR'",BAJO,0,,"Alerta tx 874 (folio 5933, cód PROPTI, monto 24.00): | ctx: USUARIO_MODIFICACION: creado por 'MCC', modificado por 'RFR'"
692,117742,RENHAB,2758.89,2025-03-08,True,False,False,,"USUARIO_MODIFICACION: creado por 'EGT', modificado por 'EEN' (monto alto)",BAJO,0,,"Alerta tx 692 (folio 117742, cód RENHAB, monto 2758.89): | ctx: USUARIO_MODIFICACION: creado por 'EGT', modificado por 'EEN' (monto alto)"
5,12294,XFAC,4465.82,2021-09-19,True,False,True,CONTEXTO_RESERVACION,,MEDIO,20,"noches_inconsistentes: cargo=0, reserva=3.0","Alerta tx 5 (folio 12294, cód XFAC, monto 4465.82): [CONTEXTO_RESERVACION] — noches_inconsistentes: cargo=0, reserva=3.0"
572,90194,RENHAB,-2170.71,2024-04-17,True,False,False,,"USUARIO_MODIFICACION: creado por 'EGT', modificado por 'RFR'",BAJO,0,,"Alerta tx 572 (folio 90194, cód RENHAB, monto -2170.71): | ctx: USUARIO_MODIFICACION: creado por 'EGT', modificado por 'RFR'"
365,13644,PROPTI,-24.0,2021-10-12,True,False,False,,"USUARIO_MODIFICACION: creado por 'ALM', modificado por 'JEO'",BAJO,0,,"Alerta tx 365 (folio 13644, cód PROPTI, monto -24.00): | ctx: USUARIO_MODIFICACION: creado por 'ALM', modificado por 'JEO'"
602,6249,PROPTI,-12.0,2021-06-07,True,False,False,,"USUARIO_MODIFICACION: creado por 'MCC', modificado por 'BEM'",BAJO,0,,"Alerta tx 602 (folio 6249, cód PROPTI, monto -12.00): | ctx: USUARIO_MODIFICACION: creado por 'MCC', modificado por 'BEM'"
713,147541,EFE,7038.67,2026-02-14,True,False,True,CONTEXTO_RESERVACION,"USUARIO_MODIFICACION: creado por 'SN2', modificado por 'EOG' (monto alto)",MEDIO,20,"noches_inconsistentes: cargo=0, reserva=3.0","Alerta tx 713 (folio 147541, cód EFE, monto 7038.67): [CONTEXTO_RESERVACION] — noches_inconsistentes: cargo=0, reserva=3.0 — | ctx: USUARIO_MODIFICACION: creado por 'SN2', modificado por 'EOG' (monto alto)"
458,45427,RENHAB,1606.0,2022-12-19,True,False,False,,"USUARIO_MODIFICACION: creado por 'EGT', modificado por 'NGA'",BAJO,0,,"Alerta tx 458 (folio 45427, cód RENHAB, monto 1606.00): | ctx: USUARIO_MODIFICACION: creado por 'EGT', modificado por 'NGA'"
579,135412,PROPTI,-58.08,2025-09-08,True,False,False,,"USUARIO_MODIFICACION: creado por 'DOB', modificado por 'EGT'",BAJO,0,,"Alerta tx 579 (folio 135412, cód PROPTI, monto -58.08): | ctx: USUARIO_MODIFICACION: creado por 'DOB', modificado por 'EGT'"
516,128695,MENEXT,165.0,2025-06-29,True,False,False,,"USUARIO_MODIFICACION: creado por 'DOB', modificado por 'CEV'",BAJO,0,,"Alerta tx 516 (folio 128695, cód MENEXT, monto 165.00): | ctx: USUARIO_MODIFICACION: creado por 'DOB', modificado por 'CEV'"
768,60280,PROPTI,26.4,2023-05-28,True,False,False,,"USUARIO_MODIFICACION: creado por 'EGT', modificado por 'OLN'",BAJO,0,,"Alerta tx 768 (folio 60280, cód PROPTI, monto 26.40): | ctx: USUARIO_MODIFICACION: creado por 'EGT', modificado por 'OLN'"
931,48796,RENHAB,1834.0,2023-02-04,True,False,False,,"USUARIO_MODIFICACION: creado por 'EGT', modificado por 'RM2'",BAJO,0,,"Alerta tx 931 (folio 48796, cód RENHAB, monto 1834.00): | ctx: USUARIO_MODIFICACION: creado por 'EGT', modificado por 'RM2'"
630,36005,PROPTI,-24.0,2022-07-31,True,False,False,,"USUARIO_MODIFICACION: creado por 'ALM', modificado por 'RFR'",BAJO,0,,"Alerta tx 630 (folio 36005, cód PROPTI, monto -24.00): | ctx: USUARIO_MODIFICACION: creado por 'ALM', modificado por 'RFR'"
349,99595,PROPTI,58.08,2024-07-17,True,False,False,,"USUARIO_MODIFICACION: creado por 'EGT', modificado por 'MBJ'",BAJO,0,,"Alerta tx 349 (folio 99595, cód PROPTI, monto 58.08): | ctx: USUARIO_MODIFICACION: creado por 'EGT', modificado por 'MBJ'"
947,122191,RENHAB,-2764.82,2025-04-25,True,False,False,,"USUARIO_MODIFICACION: creado por 'EGT', modificado por 'VDK' (monto alto)",BAJO,0,,"Alerta tx 947 (folio 122191, cód RENHAB, monto -2764.82): | ctx: USUARIO_MODIFICACION: creado por 'EGT', modificado por 'VDK' (monto alto)"
364,12806,RENHAB,1614.93,2021-09-28,True,False,False,,"USUARIO_MODIFICACION: creado por 'ALM', modificado por 'LBB'",BAJO,0,,"Alerta tx 364 (folio 12806, cód RENHAB, monto 1614.93): | ctx: USUARIO_MODIFICACION: creado por 'ALM', modificado por 'LBB'"
580,12352,RENHAB,1609.85,2021-09-18,True,False,False,,"USUARIO_MODIFICACION: creado por 'ALM', modificado por 'HMR'",BAJO,0,,"Alerta tx 580 (folio 12352, cód RENHAB, monto 1609.85): | ctx: USUARIO_MODIFICACION: creado por 'ALM', modificado por 'HMR'"
890,125409,PROPTI,-14.52,2025-05-23,True,False,False,,"USUARIO_MODIFICACION: creado por 'EGT', modificado por 'CEV'",BAJO,0,,"Alerta tx 890 (folio 125409, cód PROPTI, monto -14.52): | ctx: USUARIO_MODIFICACION: creado por 'EGT', modificado por 'CEV'"
400,65681,PROPTI,13.2,2023-07-20,True,False,False,,"USUARIO_MODIFICACION: creado por 'EGT', modificado por 'OLN'",BAJO,0,,"Alerta tx 400 (folio 65681, cód PROPTI, monto 13.20): | ctx: USUARIO_MODIFICACION: creado por 'EGT', modificado por 'OLN'"
751,108397,PROPTI,29.04,2024-11-17,True,False,False,,"USUARIO_MODIFICACION: creado por 'ISU', modificado por 'CEV'",BAJO,0,,"Alerta tx 751 (folio 108397, cód PROPTI, monto 29.04): | ctx: USUARIO_MODIFICACION: creado por 'ISU', modificado por 'CEV'"
701,25243,RENHAB,-2483.0,2022-03-26,True,False,False,,"USUARIO_MODIFICACION: creado por 'AGH', modificado por 'GAH'",BAJO,0,,"Alerta tx 701 (folio 25243, cód RENHAB, monto -2483.00): | ctx: USUARIO_MODIFICACION: creado por 'AGH', modificado por 'GAH'"
1036,54605,PROPTI,52.8,2023-04-06,True,False,False,,"USUARIO_MODIFICACION: creado por 'EGT', modificado por 'RFR'",BAJO,0,,"Alerta tx 1036 (folio 54605, cód PROPTI, monto 52.80): | ctx: USUARIO_MODIFICACION: creado por 'EGT', modificado por 'RFR'"
1540,4211,PROPTI,72.0,2021-05-07,True,False,False,,"USUARIO_MODIFICACION: creado por 'MCC', modificado por 'JML'",BAJO,0,,"Alerta tx 1540 (folio 4211, cód PROPTI, monto 72.00): | ctx: USUARIO_MODIFICACION: creado por 'MCC', modificado por 'JML'"
864,882,PROPTI,48.0,2021-03-17,True,False,False,,"USUARIO_MODIFICACION: creado por 'FJL', modificado por 'NCR'",BAJO,0,,"Alerta tx 864 (folio 882, cód PROPTI, monto 48.00): | ctx: USUARIO_MODIFICACION: creado por 'FJL', modificado por 'NCR'"
409,142334,PROPTI,29.04,2025-12-12,True,False,False,,"USUARIO_MODIFICACION: creado por 'EGT', modificado por 'CEV'",BAJO,0,,"Alerta tx 409 (folio 142334, cód PROPTI, monto 29.04): | ctx: USUARIO_MODIFICACION: creado por 'EGT', modificado por 'CEV'"
817,7217,PROPTI,48.0,2021-06-22,True,False,False,,"USUARIO_MODIFICACION: creado por 'ALM', modificado por 'RFR'",BAJO,0,,"Alerta tx 817 (folio 7217, cód PROPTI, monto 48.00): | ctx: USUARIO_MODIFICACION: creado por 'ALM', modificado por 'RFR'"
803,27475,PROPTI,-48.0,2022-04-21,True,False,False,,"USUARIO_MODIFICACION: creado por 'AGH', modificado por 'EGT'",BAJO,0,,"Alerta tx 803 (folio 27475, cód PROPTI, monto -48.00): | ctx: USUARIO_MODIFICACION: creado por 'AGH', modificado por 'EGT'"
1,22463,RENCOM,150.0,2022-02-21,True,False,True,CONTEXTO_RESERVACION,,MEDIO,20,"noches_inconsistentes: cargo=0, reserva=3.0","Alerta tx 1 (folio 22463, cód RENCOM, monto 150.00): [CONTEXTO_RESERVACION] — noches_inconsistentes: cargo=0, reserva=3.0"
643,287,PROPTI,48.0,2021-03-06,True,False,False,,"USUARIO_MODIFICACION: creado por 'FJL', modificado por 'NCR'",BAJO,0,,"Alerta tx 643 (folio 287, cód PROPTI, monto 48.00): | ctx: USUARIO_MODIFICACION: creado por 'FJL', modificado por 'NCR'"
616,2258,RENHAB,-977.7,2021-04-05,True,False,False,,"USUARIO_MODIFICACION: creado por 'FJL', modificado por 'RFR'",BAJO,0,,"Alerta tx 616 (folio 2258, cód RENHAB, monto -977.70): | ctx: USUARIO_MODIFICACION: creado por 'FJL', modificado por 'RFR'"
704,100981,PROPTI,58.08,2024-07-29,True,False,False,,"USUARIO_MODIFICACION: creado por 'EGT', modificado por 'AB9'",BAJO,0,,"Alerta tx 704 (folio 100981, cód PROPTI, monto 58.08): | ctx: USUARIO_MODIFICACION: creado por 'EGT', modificado por 'AB9'"
182,31404,RENHAB,1389.83,2022-06-12,True,False,False,,"USUARIO_MODIFICACION: creado por 'ALM', modificado por 'NGA'",BAJO,0,,"Alerta tx 182 (folio 31404, cód RENHAB, monto 1389.83): | ctx: USUARIO_MODIFICACION: creado por 'ALM', modificado por 'NGA'"
576,5094,PROPTI,-48.0,2021-05-18,True,False,False,,"USUARIO_MODIFICACION: creado por 'ALM', modificado por 'JML'",BAJO,0,,"Alerta tx 576 (folio 5094, cód PROPTI, monto -48.00): | ctx: USUARIO_MODIFICACION: creado por 'ALM', modificado por 'JML'"
248,111261,RENHAB,2634.47,2024-12-22,True,False,False,,"USUARIO_MODIFICACION: creado por 'EGT', modificado por 'NYB' (monto alto)",BAJO,0,,"Alerta tx 248 (folio 111261, cód RENHAB, monto 2634.47): | ctx: USUARIO_MODIFICACION: creado por 'EGT', modificado por 'NYB' (monto alto)"
1019,92617,PROPTI,-29.04,2024-05-10,True,False,False,,"USUARIO_MODIFICACION: creado por 'VN2', modificado por 'CMG'",BAJO,0,,"Alerta tx 1019 (folio 92617, cód PROPTI, monto -29.04): | ctx: USUARIO_MODIFICACION: creado por 'VN2', modificado por 'CMG'"
326,135418,PROPTI,14.52,2025-09-07,True,False,False,,"USUARIO_MODIFICACION: creado por 'DOB', modificado por 'EGT'",BAJO,0,,"Alerta tx 326 (folio 135418, cód PROPTI, monto 14.52): | ctx: USUARIO_MODIFICACION: creado por 'DOB', modificado por 'EGT'"
794,16840,RENHAB,2434.8,2021-11-27,True,False,False,,"USUARIO_MODIFICACION: creado por 'EGT', modificado por 'ALH'",BAJO,0,,"Alerta tx 794 (folio 16840, cód RENHAB, monto 2434.80): | ctx: USUARIO_MODIFICACION: creado por 'EGT', modificado por 'ALH'"
915,89163,PROPTI,14.52,2024-04-05,True,False,False,,"USUARIO_MODIFICACION: creado por 'EGT', modificado por 'RFR'",BAJO,0,,"Alerta tx 915 (folio 89163, cód PROPTI, monto 14.52): | ctx: USUARIO_MODIFICACION: creado por 'EGT', modificado por 'RFR'"
638,137252,PROPTI,87.12,2025-10-03,True,False,False,,"USUARIO_MODIFICACION: creado por 'EGT', modificado por 'CEV'",BAJO,0,,"Alerta tx 638 (folio 137252, cód PROPTI, monto 87.12): | ctx: USUARIO_MODIFICACION: creado por 'EGT', modificado por 'CEV'"
941,7554,RENHAB,1281.95,2021-06-30,True,False,False,,"USUARIO_MODIFICACION: creado por 'MCC', modificado por 'RFR'",BAJO,0,,"Alerta tx 941 (folio 7554, cód RENHAB, monto 1281.95): | ctx: USUARIO_MODIFICACION: creado por 'MCC', modificado por 'RFR'"
891,7799,RENHAB,3479.91,2021-07-02,True,False,False,,"USUARIO_MODIFICACION: creado por 'MCC', modificado por 'RFR' (monto alto)",BAJO,0,,"Alerta tx 891 (folio 7799, cód RENHAB, monto 3479.91): | ctx: USUARIO_MODIFICACION: creado por 'MCC', modificado por 'RFR' (monto alto)"
967,13592,RENHAB,-1423.33,2021-10-09,True,False,False,,"USUARIO_MODIFICACION: creado por 'ALM', modificado por 'HMR'",BAJO,0,,"Alerta tx 967 (folio 13592, cód RENHAB, monto -1423.33): | ctx: USUARIO_MODIFICACION: creado por 'ALM', modificado por 'HMR'"
203,34322,PROPTI,48.0,2022-07-16,True,False,False,,"USUARIO_MODIFICACION: creado por 'ALM', modificado por 'NGA'",BAJO,0,,"Alerta tx 203 (folio 34322, cód PROPTI, monto 48.00): | ctx: USUARIO_MODIFICACION: creado por 'ALM', modificado por 'NGA'"
201,42036,PROPTI,48.0,2022-10-27,True,False,False,,"USUARIO_MODIFICACION: creado por 'EGT', modificado por 'LAR'",BAJO,0,,"Alerta tx 201 (folio 42036, cód PROPTI, monto 48.00): | ctx: USUARIO_MODIFICACION: creado por 'EGT', modificado por 'LAR'"
267,48904,PROPTI,48.0,2023-02-05,True,False,False,,"USUARIO_MODIFICACION: creado por 'EGT', modificado por 'RM2'",BAJO,0,,"Alerta tx 267 (folio 48904, cód PROPTI, monto 48.00): | ctx: USUARIO_MODIFICACION: creado por 'EGT', modificado por 'RM2'"
404,233,RENHAB,-1524.0,2021-03-07,True,False,False,,"USUARIO_MODIFICACION: creado por 'FJL', modificado por 'ALM'",BAJO,0,,"Alerta tx 404 (folio 233, cód RENHAB, monto -1524.00): | ctx: USUARIO_MODIFICACION: creado por 'FJL', modificado por 'ALM'"
107,66602,TRANSF,10596.69,2023-07-29,True,False,True,CONTEXTO_RESERVACION,,MEDIO,20,"noches_inconsistentes: cargo=0, reserva=3.0","Alerta tx 107 (folio 66602, cód TRANSF, monto 10596.69): [CONTEXTO_RESERVACION] — noches_inconsistentes: cargo=0, reserva=3.0"
535,17085,PROPTI,48.0,2021-12-02,True,False,False,,"USUARIO_MODIFICACION: creado por 'EGT', modificado por 'ALH'",BAJO,0,,"Alerta tx 535 (folio 17085, cód PROPTI, monto 48.00): | ctx: USUARIO_MODIFICACION: creado por 'EGT', modificado por 'ALH'"
180,91176,PROPTI,58.08,2024-04-27,True,False,False,,"USUARIO_MODIFICACION: creado por 'EGT', modificado por 'CEV'",BAJO,0,,"Alerta tx 180 (folio 91176, cód PROPTI, monto 58.08): | ctx: USUARIO_MODIFICACION: creado por 'EGT', modificado por 'CEV'"
648,70492,RENHAB,1791.2,2023-08-26,True,False,False,,"USUARIO_MODIFICACION: creado por 'EGT', modificado por 'CEV'",BAJO,0,,"Alerta tx 648 (folio 70492, cód RENHAB, monto 1791.20): | ctx: USUARIO_MODIFICACION: creado por 'EGT', modificado por 'CEV'"
765,43670,RENHAB,-2937.66,2022-11-20,True,False,False,,"USUARIO_MODIFICACION: creado por 'EGT', modificado por 'VAD' (monto alto)",BAJO,0,,"Alerta tx 765 (folio 43670, cód RENHAB, monto -2937.66): | ctx: USUARIO_MODIFICACION: creado por 'EGT', modificado por 'VAD' (monto alto)"
1467,963,PROPTI,48.0,2021-03-20,True,False,False,,"USUARIO_MODIFICACION: creado por 'FJL', modificado por 'NCR'",BAJO,0,,"Alerta tx 1467 (folio 963, cód PROPTI, monto 48.00): | ctx: USUARIO_MODIFICACION: creado por 'FJL', modificado por 'NCR'"
720,6932,PROPTI,-48.0,2021-06-19,True,False,False,,"USUARIO_MODIFICACION: creado por 'MCC', modificado por 'RFR'",BAJO,0,,"Alerta tx 720 (folio 6932, cód PROPTI, monto -48.00): | ctx: USUARIO_MODIFICACION: creado por 'MCC', modificado por 'RFR'"
235,37656,PROPTI,48.0,2022-08-14,True,False,True,CONTEXTO_RESERVACION,,MEDIO,20,"personas_inconsistentes: cargo=2, reserva=4.0","Alerta tx 235 (folio 37656, cód PROPTI, monto 48.00): [CONTEXTO_RESERVACION] — personas_inconsistentes: cargo=2, reserva=4.0"
995,13681,PROPTI,-48.0,2021-10-09,True,False,False,,"USUARIO_MODIFICACION: creado por 'ALM', modificado por 'HMR'",BAJO,0,,"Alerta tx 995 (folio 13681, cód PROPTI, monto -48.00): | ctx: USUARIO_MODIFICACION: creado por 'ALM', modificado por 'HMR'"
746,50669,RENHAB,2620.8,2023-02-25,True,False,False,,"USUARIO_MODIFICACION: creado por 'EGT', modificado por 'CEV' (monto alto)",BAJO,0,,"Alerta tx 746 (folio 50669, cód RENHAB, monto 2620.80): | ctx: USUARIO_MODIFICACION: creado por 'EGT', modificado por 'CEV' (monto alto)"
127,11854,RENHAB,1860.0,2021-09-08,True,False,False,,"USUARIO_MODIFICACION: creado por 'ALM', modificado por 'RFR'",BAJO,0,,"Alerta tx 127 (folio 11854, cód RENHAB, monto 1860.00): | ctx: USUARIO_MODIFICACION: creado por 'ALM', modificado por 'RFR'"
348,13170,RENHAB,-1269.64,2021-10-04,True,False,False,,"USUARIO_MODIFICACION: creado por 'ALM', modificado por 'HMR'",BAJO,0,,"Alerta tx 348 (folio 13170, cód RENHAB, monto -1269.64): | ctx: USUARIO_MODIFICACION: creado por 'ALM', modificado por 'HMR'"
1414,1775,PROPTI,-48.0,2021-03-29,True,False,False,,"USUARIO_MODIFICACION: creado por 'FJL', modificado por 'LBB'",BAJO,0,,"Alerta tx 1414 (folio 1775, cód PROPTI, monto -48.00): | ctx: USUARIO_MODIFICACION: creado por 'FJL', modificado por 'LBB'"
54,131275,RENAJU,0.41,2025-07-31,True,False,True,CONTEXTO_RESERVACION,,MEDIO,20,"noches_inconsistentes: cargo=0, reserva=3.0","Alerta tx 54 (folio 131275, cód RENAJU, monto 0.41): [CONTEXTO_RESERVACION] — noches_inconsistentes: cargo=0, reserva=3.0"
770,2541,PROPTI,48.0,2021-04-08,True,False,False,,"USUARIO_MODIFICACION: creado por 'ALM', modificado por 'RFR'",BAJO,0,,"Alerta tx 770 (folio 2541, cód PROPTI, monto 48.00): | ctx: USUARIO_MODIFICACION: creado por 'ALM', modificado por 'RFR'"
696,17256,PROPTI,48.0,2021-12-08,True,False,False,,"USUARIO_MODIFICACION: creado por 'EGT', modificado por 'LBB'",BAJO,0,,"Alerta tx 696 (folio 17256, cód PROPTI, monto 48.00): | ctx: USUARIO_MODIFICACION: creado por 'EGT', modificado por 'LBB'"
873,93447,PROPTI,-29.04,2024-05-18,True,False,False,,"USUARIO_MODIFICACION: creado por 'EGT', modificado por 'RFR'",BAJO,0,,"Alerta tx 873 (folio 93447, cód PROPTI, monto -29.04): | ctx: USUARIO_MODIFICACION: creado por 'EGT', modificado por 'RFR'"
841,29941,EFE,-2987.0,2022-05-21,True,False,False,,"USUARIO_MODIFICACION: creado por 'VAD', modificado por 'ALM' (monto alto)",BAJO,0,,"Alerta tx 841 (folio 29941, cód EFE, monto -2987.00): | ctx: USUARIO_MODIFICACION: creado por 'VAD', modificado por 'ALM' (monto alto)"
855,87474,PROPTI,29.04,2024-03-23,True,False,False,,"USUARIO_MODIFICACION: creado por 'EGT', modificado por 'MCZ'",BAJO,0,,"Alerta tx 855 (folio 87474, cód PROPTI, monto 29.04): | ctx: USUARIO_MODIFICACION: creado por 'EGT', modificado por 'MCZ'"
274,65035,PROPTI,52.8,2023-07-12,True,False,False,,"USUARIO_MODIFICACION: creado por 'EGT', modificado por 'RM2'",BAJO,0,,"Alerta tx 274 (folio 65035, cód PROPTI, monto 52.80): | ctx: USUARIO_MODIFICACION: creado por 'EGT', modificado por 'RM2'"
22,3065,RENCOM,0.06,2021-04-19,True,False,True,CONTEXTO_RESERVACION,,MEDIO,20,"noches_inconsistentes: cargo=0, reserva=3.0","Alerta tx 22 (folio 3065, cód RENCOM, monto 0.06): [CONTEXTO_RESERVACION] — noches_inconsistentes: cargo=0, reserva=3.0"
331,16692,PROPTI,48.0,2021-11-26,True,False,False,,"USUARIO_MODIFICACION: creado por 'EGT', modificado por 'RFR'",BAJO,0,,"Alerta tx 331 (folio 16692, cód PROPTI, monto 48.00): | ctx: USUARIO_MODIFICACION: creado por 'EGT', modificado por 'RFR'"
669,16920,PROPTI,-24.0,2021-11-30,True,False,False,,"USUARIO_MODIFICACION: creado por 'EGT', modificado por 'ALM'",BAJO,0,,"Alerta tx 669 (folio 16920, cód PROPTI, monto -24.00): | ctx: USUARIO_MODIFICACION: creado por 'EGT', modificado por 'ALM'"
776,108376,RENHAB,-2686.89,2024-11-17,True,False,False,,"USUARIO_MODIFICACION: creado por 'ISU', modificado por 'MBJ' (monto alto)",BAJO,0,,"Alerta tx 776 (folio 108376, cód RENHAB, monto -2686.89): | ctx: USUARIO_MODIFICACION: creado por 'ISU', modificado por 'MBJ' (monto alto)"
7,33929,RENCOM,0.01,2022-07-14,True,False,True,CONTEXTO_RESERVACION,,MEDIO,20,"noches_inconsistentes: cargo=0, reserva=3.0","Alerta tx 7 (folio 33929, cód RENCOM, monto 0.01): [CONTEXTO_RESERVACION] — noches_inconsistentes: cargo=0, reserva=3.0"
370,13742,PROPTI,48.0,2021-10-12,True,False,False,,"USUARIO_MODIFICACION: creado por 'ALM', modificado por 'JEO'",BAJO,0,,"Alerta tx 370 (folio 13742, cód PROPTI, monto 48.00): | ctx: USUARIO_MODIFICACION: creado por 'ALM', modificado por 'JEO'"
436,49688,PROPTI,13.2,2023-02-16,True,False,False,,"USUARIO_MODIFICACION: creado por 'EGT', modificado por 'CEV'",BAJO,0,,"Alerta tx 436 (folio 49688, cód PROPTI, monto 13.20): | ctx: USUARIO_MODIFICACION: creado por 'EGT', modificado por 'CEV'"
40,99621,CANXFA,7882.0,2024-08-29,True,False,True,CONTEXTO_RESERVACION,,MEDIO,20,sin_reservacion_en_codigo_habitual: código 'CANXFA',"Alerta tx 40 (folio 99621, cód CANXFA, monto 7882.00): [CONTEXTO_RESERVACION] — sin_reservacion_en_codigo_habitual: código 'CANXFA'"
256,130266,PROPTI,58.08,2025-07-23,True,False,False,,"USUARIO_MODIFICACION: creado por 'EGT', modificado por 'CEV'",BAJO,0,,"Alerta tx 256 (folio 130266, cód PROPTI, monto 58.08): | ctx: USUARIO_MODIFICACION: creado por 'EGT', modificado por 'CEV'"
317,13644,RENHAB,1462.25,2021-10-12,True,False,False,,"USUARIO_MODIFICACION: creado por 'ALM', modificado por 'JEO'",BAJO,0,,"Alerta tx 317 (folio 13644, cód RENHAB, monto 1462.25): | ctx: USUARIO_MODIFICACION: creado por 'ALM', modificado por 'JEO'"
631,15964,RENHAB,1834.0,2021-11-16,True,False,False,,"USUARIO_MODIFICACION: creado por 'ALM', modificado por 'LBB'",BAJO,0,,"Alerta tx 631 (folio 15964, cód RENHAB, monto 1834.00): | ctx: USUARIO_MODIFICACION: creado por 'ALM', modificado por 'LBB'"
893,93455,RENHAB,-2700.76,2024-05-18,True,False,False,,"USUARIO_MODIFICACION: creado por 'EGT', modificado por 'OLN' (monto alto)",BAJO,0,,"Alerta tx 893 (folio 93455, cód RENHAB, monto -2700.76): | ctx: USUARIO_MODIFICACION: creado por 'EGT', modificado por 'OLN' (monto alto)"
404,10506,PROPTI,24.0,2021-08-10,True,False,False,,"USUARIO_MODIFICACION: creado por 'ALM', modificado por 'LBB'",BAJO,0,,"Alerta tx 404 (folio 10506, cód PROPTI, monto 24.00): | ctx: USUARIO_MODIFICACION: creado por 'ALM', modificado por 'LBB'"
6,3857,RENCOM,66.4,2021-05-01,True,False,True,CONTEXTO_RESERVACION,,MEDIO,20,"noches_inconsistentes: cargo=0, reserva=3.0","Alerta tx 6 (folio 3857, cód RENCOM, monto 66.40): [CONTEXTO_RESERVACION] — noches_inconsistentes: cargo=0, reserva=3.0"
224,17748,RENHAB,1507.5,2021-12-13,True,False,False,,"USUARIO_MODIFICACION: creado por 'ALM', modificado por 'AGH'",BAJO,0,,"Alerta tx 224 (folio 17748, cód RENHAB, monto 1507.50): | ctx: USUARIO_MODIFICACION: creado por 'ALM', modificado por 'AGH'"
15,2056,XFAC,5213.58,2021-04-04,True,False,True,CONTEXTO_RESERVACION,,MEDIO,20,"noches_inconsistentes: cargo=0, reserva=3.0","Alerta tx 15 (folio 2056, cód XFAC, monto 5213.58): [CONTEXTO_RESERVACION] — noches_inconsistentes: cargo=0, reserva=3.0"
615,36945,PROPTI,12.0,2022-08-07,True,False,False,,"USUARIO_MODIFICACION: creado por 'ALM', modificado por 'NGA'",BAJO,0,,"Alerta tx 615 (folio 36945, cód PROPTI, monto 12.00): | ctx: USUARIO_MODIFICACION: creado por 'ALM', modificado por 'NGA'"
825,7700,PROPTI,12.0,2021-07-02,True,False,False,,"USUARIO_MODIFICACION: creado por 'MCC', modificado por 'RFR'",BAJO,0,,"Alerta tx 825 (folio 7700, cód PROPTI, monto 12.00): | ctx: USUARIO_MODIFICACION: creado por 'MCC', modificado por 'RFR'"
613,59479,CUPON,-7000.2,2023-05-24,True,False,True,CONTEXTO_RESERVACION,"USUARIO_MODIFICACION: creado por 'AB9', modificado por 'JLS' (monto alto)",MEDIO,20,"noches_inconsistentes: cargo=0, reserva=3.0","Alerta tx 613 (folio 59479, cód CUPON, monto -7000.20): [CONTEXTO_RESERVACION] — noches_inconsistentes: cargo=0, reserva=3.0 — | ctx: USUARIO_MODIFICACION: creado por 'AB9', modificado por 'JLS' (monto alto)"
828,37708,PROPTI,72.0,2022-08-16,True,False,False,,"USUARIO_MODIFICACION: creado por 'ALM', modificado por 'EGT'",BAJO,0,,"Alerta tx 828 (folio 37708, cód PROPTI, monto 72.00): | ctx: USUARIO_MODIFICACION: creado por 'ALM', modificado por 'EGT'"
415,30222,PROPTI,48.0,2022-05-27,True,False,False,,"USUARIO_MODIFICACION: creado por 'ALM', modificado por 'EGT'",BAJO,0,,"Alerta tx 415 (folio 30222, cód PROPTI, monto 48.00): | ctx: USUARIO_MODIFICACION: creado por 'ALM', modificado por 'EGT'"
301,99605,RENHAB,1156.44,2024-07-16,True,False,False,,"USUARIO_MODIFICACION: creado por 'EGT', modificado por 'RFR'",BAJO,0,,"Alerta tx 301 (folio 99605, cód RENHAB, monto 1156.44): | ctx: USUARIO_MODIFICACION: creado por 'EGT', modificado por 'RFR'"
215,44115,PROPTI,48.0,2022-11-27,True,False,False,,"USUARIO_MODIFICACION: creado por 'EGT', modificado por 'NGA'",BAJO,0,,"Alerta tx 215 (folio 44115, cód PROPTI, monto 48.00): | ctx: USUARIO_MODIFICACION: creado por 'EGT', modificado por 'NGA'"
345,92662,PROPTI,14.52,2024-05-12,True,False,False,,"USUARIO_MODIFICACION: creado por 'EGT', modificado por 'OLN'",BAJO,0,,"Alerta tx 345 (folio 92662, cód PROPTI, monto 14.52): | ctx: USUARIO_MODIFICACION: creado por 'EGT', modificado por 'OLN'"
579,1344,PROPTI,-48.0,2021-03-23,True,False,False,,"USUARIO_MODIFICACION: creado por 'FJL', modificado por 'NCR'",BAJO,0,,"Alerta tx 579 (folio 1344, cód PROPTI, monto -48.00): | ctx: USUARIO_MODIFICACION: creado por 'FJL', modificado por 'NCR'"
769,46726,PROPTI,-48.0,2023-01-05,True,False,False,,"USUARIO_MODIFICACION: creado por 'EGT', modificado por 'RFR'",BAJO,0,,"Alerta tx 769 (folio 46726, cód PROPTI, monto -48.00): | ctx: USUARIO_MODIFICACION: creado por 'EGT', modificado por 'RFR'"
255,5478,RENHAB,1866.55,2021-05-25,True,False,False,,"USUARIO_MODIFICACION: creado por 'ALM', modificado por 'JML'",BAJO,0,,"Alerta tx 255 (folio 5478, cód RENHAB, monto 1866.55): | ctx: USUARIO_MODIFICACION: creado por 'ALM', modificado por 'JML'"
496,116291,PROPTI,58.08,2025-02-22,True,False,False,,"USUARIO_MODIFICACION: creado por 'EGT', modificado por 'MBJ'",BAJO,0,,"Alerta tx 496 (folio 116291, cód PROPTI, monto 58.08): | ctx: USUARIO_MODIFICACION: creado por 'EGT', modificado por 'MBJ'"
555,58745,PROPTI,-52.8,2023-05-17,True,False,False,,"USUARIO_MODIFICACION: creado por 'EGT', modificado por 'JLS'",BAJO,0,,"Alerta tx 555 (folio 58745, cód PROPTI, monto -52.80): | ctx: USUARIO_MODIFICACION: creado por 'EGT', modificado por 'JLS'"
797,89216,RENHAB,-2182.5,2024-04-06,True,False,False,,"USUARIO_MODIFICACION: creado por 'VN2', modificado por 'RFR'",BAJO,0,,"Alerta tx 797 (folio 89216, cód RENHAB, monto -2182.50): | ctx: USUARIO_MODIFICACION: creado por 'VN2', modificado por 'RFR'"
598,134255,PROPTI,29.04,2025-08-23,True,False,False,,"USUARIO_MODIFICACION: creado por 'DOB', modificado por 'CEV'",BAJO,0,,"Alerta tx 598 (folio 134255, cód PROPTI, monto 29.04): | ctx: USUARIO_MODIFICACION: creado por 'DOB', modificado por 'CEV'"
711,30203,RENHAB,-1155.92,2022-05-26,True,False,False,,"USUARIO_MODIFICACION: creado por 'ALM', modificado por 'EGT'",BAJO,0,,"Alerta tx 711 (folio 30203, cód RENHAB, monto -1155.92): | ctx: USUARIO_MODIFICACION: creado por 'ALM', modificado por 'EGT'"
1875,1092,PROPTI,48.0,2021-03-20,True,False,False,,"USUARIO_MODIFICACION: creado por 'FJL', modificado por 'LBB'",BAJO,0,,"Alerta tx 1875 (folio 1092, cód PROPTI, monto 48.00): | ctx: USUARIO_MODIFICACION: creado por 'FJL', modificado por 'LBB'"
902,100563,RENHAB,2651.92,2024-07-27,True,False,False,,"USUARIO_MODIFICACION: creado por 'JLS', modificado por 'CEV' (monto alto)",BAJO,0,,"Alerta tx 902 (folio 100563, cód RENHAB, monto 2651.92): | ctx: USUARIO_MODIFICACION: creado por 'JLS', modificado por 'CEV' (monto alto)"
92,1792,RENCOM,0.02,2021-04-01,True,False,True,CONTEXTO_RESERVACION,,MEDIO,20,"noches_inconsistentes: cargo=0, reserva=3.0","Alerta tx 92 (folio 1792, cód RENCOM, monto 0.02): [CONTEXTO_RESERVACION] — noches_inconsistentes: cargo=0, reserva=3.0"
4,130164,XFAC,10975.72,2025-07-21,True,False,True,CONTEXTO_RESERVACION,,MEDIO,20,"noches_inconsistentes: cargo=0, reserva=3.0","Alerta tx 4 (folio 130164, cód XFAC, monto 10975.72): [CONTEXTO_RESERVACION] — noches_inconsistentes: cargo=0, reserva=3.0"
324,4952,PROPTI,12.0,2021-05-16,True,False,False,,"USUARIO_MODIFICACION: creado por 'MCC', modificado por 'JML'",BAJO,0,,"Alerta tx 324 (folio 4952, cód PROPTI, monto 12.00): | ctx: USUARIO_MODIFICACION: creado por 'MCC', modificado por 'JML'"
3,40439,RENCOM,-0.8,2022-09-30,True,False,True,CONTEXTO_RESERVACION,"USUARIO_MODIFICACION: creado por 'OLN', modificado por 'EGT'",MEDIO,20,"noches_inconsistentes: cargo=0, reserva=7.0","Alerta tx 3 (folio 40439, cód RENCOM, monto -0.80): [CONTEXTO_RESERVACION] — noches_inconsistentes: cargo=0, reserva=7.0 — | ctx: USUARIO_MODIFICACION: creado por 'OLN', modificado por 'EGT'"
901,68368,RENHAB,-1405.54,2023-08-10,True,False,False,,"USUARIO_MODIFICACION: creado por 'EGT', modificado por 'CEV'",BAJO,0,,"Alerta tx 901 (folio 68368, cód RENHAB, monto -1405.54): | ctx: USUARIO_MODIFICACION: creado por 'EGT', modificado por 'CEV'"
725,5297,RENHAB,2429.94,2021-05-22,True,False,False,,"USUARIO_MODIFICACION: creado por 'MCC', modificado por 'JML'",BAJO,0,,"Alerta tx 725 (folio 5297, cód RENHAB, monto 2429.94): | ctx: USUARIO_MODIFICACION: creado por 'MCC', modificado por 'JML'"
861,34734,RENHAB,2640.21,2022-07-19,True,False,False,,"USUARIO_MODIFICACION: creado por 'ALM', modificado por 'VMU' (monto alto)",BAJO,0,,"Alerta tx 861 (folio 34734, cód RENHAB, monto 2640.21): | ctx: USUARIO_MODIFICACION: creado por 'ALM', modificado por 'VMU' (monto alto)"
506,55741,RENHAB,1976.83,2023-04-15,True,False,False,,"USUARIO_MODIFICACION: creado por 'EGT', modificado por 'AB9'",BAJO,0,,"Alerta tx 506 (folio 55741, cód RENHAB, monto 1976.83): | ctx: USUARIO_MODIFICACION: creado por 'EGT', modificado por 'AB9'"
916,9371,RENHAB,1974.75,2021-07-24,True,False,False,,"USUARIO_MODIFICACION: creado por 'MCC', modificado por 'FJL'",BAJO,0,,"Alerta tx 916 (folio 9371, cód RENHAB, monto 1974.75): | ctx: USUARIO_MODIFICACION: creado por 'MCC', modificado por 'FJL'"
461,127909,RENHAB,-2415.92,2025-06-18,True,False,False,,"USUARIO_MODIFICACION: creado por 'DOB', modificado por 'CEV'",BAJO,0,,"Alerta tx 461 (folio 127909, cód RENHAB, monto -2415.92): | ctx: USUARIO_MODIFICACION: creado por 'DOB', modificado por 'CEV'"
785,15759,RENHAB,-1654.06,2021-11-13,True,False,False,,"USUARIO_MODIFICACION: creado por 'ALM', modificado por 'RFR'",BAJO,0,,"Alerta tx 785 (folio 15759, cód RENHAB, monto -1654.06): | ctx: USUARIO_MODIFICACION: creado por 'ALM', modificado por 'RFR'"
476,103319,PROPTI,58.08,2024-08-24,True,False,False,,"USUARIO_MODIFICACION: creado por 'EGT', modificado por 'MBJ'",BAJO,0,,"Alerta tx 476 (folio 103319, cód PROPTI, monto 58.08): | ctx: USUARIO_MODIFICACION: creado por 'EGT', modificado por 'MBJ'"
731,9428,PROPTI,-48.0,2021-07-27,True,False,False,,"USUARIO_MODIFICACION: creado por 'ALM', modificado por 'KJG'",BAJO,0,,"Alerta tx 731 (folio 9428, cód PROPTI, monto -48.00): | ctx: USUARIO_MODIFICACION: creado por 'ALM', modificado por 'KJG'"
107,127909,RENAJU,52.0,2025-06-21,True,False,True,CONTEXTO_RESERVACION,,MEDIO,20,"noches_inconsistentes: cargo=0, reserva=3.0","Alerta tx 107 (folio 127909, cód RENAJU, monto 52.00): [CONTEXTO_RESERVACION] — noches_inconsistentes: cargo=0, reserva=3.0"
428,51325,RENHAB,1784.7,2023-03-08,True,False,False,,"USUARIO_MODIFICACION: creado por 'EGT', modificado por 'MCZ'",BAJO,0,,"Alerta tx 428 (folio 51325, cód RENHAB, monto 1784.70): | ctx: USUARIO_MODIFICACION: creado por 'EGT', modificado por 'MCZ'"
690,148991,PROPTI,14.52,2026-03-06,True,False,False,,"USUARIO_MODIFICACION: creado por 'EGT', modificado por 'EOG'",BAJO,0,,"Alerta tx 690 (folio 148991, cód PROPTI, monto 14.52): | ctx: USUARIO_MODIFICACION: creado por 'EGT', modificado por 'EOG'"
35,37263,RENCOM,0.02,2022-08-13,True,False,True,CONTEXTO_RESERVACION,,MEDIO,20,"noches_inconsistentes: cargo=0, reserva=3.0","Alerta tx 35 (folio 37263, cód RENCOM, monto 0.02): [CONTEXTO_RESERVACION] — noches_inconsistentes: cargo=0, reserva=3.0"
409,40081,PROPTI,-24.0,2022-09-19,True,False,False,,"USUARIO_MODIFICACION: creado por 'EGT', modificado por 'RFR'",BAJO,0,,"Alerta tx 409 (folio 40081, cód PROPTI, monto -24.00): | ctx: USUARIO_MODIFICACION: creado por 'EGT', modificado por 'RFR'"
899,6048,PROPTI,12.0,2021-06-04,True,False,False,,"USUARIO_MODIFICACION: creado por 'MCC', modificado por 'RFR'",BAJO,0,,"Alerta tx 899 (folio 6048, cód PROPTI, monto 12.00): | ctx: USUARIO_MODIFICACION: creado por 'MCC', modificado por 'RFR'"
896,26818,RENHAB,2631.94,2022-04-14,True,False,False,,"USUARIO_MODIFICACION: creado por 'AGH', modificado por 'RFR' (monto alto)",BAJO,0,,"Alerta tx 896 (folio 26818, cód RENHAB, monto 2631.94): | ctx: USUARIO_MODIFICACION: creado por 'AGH', modificado por 'RFR' (monto alto)"
75,84007,SALANT,2448.48,2024-02-18,True,False,True,CONTEXTO_RESERVACION,,MEDIO,20,"noches_inconsistentes: cargo=0, reserva=3.0","Alerta tx 75 (folio 84007, cód SALANT, monto 2448.48): [CONTEXTO_RESERVACION] — noches_inconsistentes: cargo=0, reserva=3.0"
15,9886,XFAC,4877.22,2021-08-02,True,False,True,CONTEXTO_RESERVACION,,MEDIO,20,"noches_inconsistentes: cargo=0, reserva=3.0","Alerta tx 15 (folio 9886, cód XFAC, monto 4877.22): [CONTEXTO_RESERVACION] — noches_inconsistentes: cargo=0, reserva=3.0"
560,58445,PROPTI,26.4,2023-05-11,True,False,False,,"USUARIO_MODIFICACION: creado por 'EGT', modificado por 'CMG'",BAJO,0,,"Alerta tx 560 (folio 58445, cód PROPTI, monto 26.40): | ctx: USUARIO_MODIFICACION: creado por 'EGT', modificado por 'CMG'"
499,102768,PROPTI,-58.08,2024-08-18,True,False,False,,"USUARIO_MODIFICACION: creado por 'EGT', modificado por 'AB9'",BAJO,0,,"Alerta tx 499 (folio 102768, cód PROPTI, monto -58.08): | ctx: USUARIO_MODIFICACION: creado por 'EGT', modificado por 'AB9'"
817,32608,PROPTI,-48.0,2022-06-29,True,False,False,,"USUARIO_MODIFICACION: creado por 'ALM', modificado por 'RRN'",BAJO,0,,"Alerta tx 817 (folio 32608, cód PROPTI, monto -48.00): | ctx: USUARIO_MODIFICACION: creado por 'ALM', modificado por 'RRN'"
995,54843,PROPTI,-52.8,2023-04-11,True,False,False,,"USUARIO_MODIFICACION: creado por 'JLS', modificado por 'AB9'",BAJO,0,,"Alerta tx 995 (folio 54843, cód PROPTI, monto -52.80): | ctx: USUARIO_MODIFICACION: creado por 'JLS', modificado por 'AB9'"
302,90378,PROPTI,58.08,2024-04-18,True,False,False,,"USUARIO_MODIFICACION: creado por 'EGT', modificado por 'RFR'",BAJO,0,,"Alerta tx 302 (folio 90378, cód PROPTI, monto 58.08): | ctx: USUARIO_MODIFICACION: creado por 'EGT', modificado por 'RFR'"
700,45007,RENHAB,826.07,2022-12-12,True,False,False,,"USUARIO_MODIFICACION: creado por 'EGT', modificado por 'NGA'",BAJO,0,,"Alerta tx 700 (folio 45007, cód RENHAB, monto 826.07): | ctx: USUARIO_MODIFICACION: creado por 'EGT', modificado por 'NGA'"
774,6058,RENHAB,1372.0,2021-06-06,True,False,False,,"USUARIO_MODIFICACION: creado por 'MCC', modificado por 'RFR'",BAJO,0,,"Alerta tx 774 (folio 6058, cód RENHAB, monto 1372.00): | ctx: USUARIO_MODIFICACION: creado por 'MCC', modificado por 'RFR'"
518,74200,PROPTI,-39.6,2023-10-17,True,False,False,,"USUARIO_MODIFICACION: creado por 'EGT', modificado por 'CEV'",BAJO,0,,"Alerta tx 518 (folio 74200, cód PROPTI, monto -39.60): | ctx: USUARIO_MODIFICACION: creado por 'EGT', modificado por 'CEV'"
328,102733,PROPTI,58.08,2024-08-18,True,False,False,,"USUARIO_MODIFICACION: creado por 'EGT', modificado por 'AB9'",BAJO,0,,"Alerta tx 328 (folio 102733, cód PROPTI, monto 58.08): | ctx: USUARIO_MODIFICACION: creado por 'EGT', modificado por 'AB9'"
676,29751,PROPTI,12.0,2022-05-21,True,False,False,,"USUARIO_MODIFICACION: creado por 'ALM', modificado por 'EGT'",BAJO,0,,"Alerta tx 676 (folio 29751, cód PROPTI, monto 12.00): | ctx: USUARIO_MODIFICACION: creado por 'ALM', modificado por 'EGT'"
345,2379,PROPTI,48.0,2021-04-07,True,False,False,,"USUARIO_MODIFICACION: creado por 'ALM', modificado por 'RFR'",BAJO,0,,"Alerta tx 345 (folio 2379, cód PROPTI, monto 48.00): | ctx: USUARIO_MODIFICACION: creado por 'ALM', modificado por 'RFR'"
629,287,RENHAB,1640.0,2021-03-06,True,False,False,,"USUARIO_MODIFICACION: creado por 'FJL', modificado por 'NCR'",BAJO,0,,"Alerta tx 629 (folio 287, cód RENHAB, monto 1640.00): | ctx: USUARIO_MODIFICACION: creado por 'FJL', modificado por 'NCR'"
625,15421,RENHAB,-1451.11,2021-11-08,True,False,False,,"USUARIO_MODIFICACION: creado por 'ALM', modificado por 'RFR'",BAJO,0,,"Alerta tx 625 (folio 15421, cód RENHAB, monto -1451.11): | ctx: USUARIO_MODIFICACION: creado por 'ALM', modificado por 'RFR'"
715,59239,PROPTI,52.8,2023-05-18,True,False,False,,"USUARIO_MODIFICACION: creado por 'EGT', modificado por 'MBJ'",BAJO,0,,"Alerta tx 715 (folio 59239, cód PROPTI, monto 52.80): | ctx: USUARIO_MODIFICACION: creado por 'EGT', modificado por 'MBJ'"
362,28272,PROPTI,-48.0,2022-05-01,True,False,False,,"USUARIO_MODIFICACION: creado por 'AGH', modificado por 'EGT'",BAJO,0,,"Alerta tx 362 (folio 28272, cód PROPTI, monto -48.00): | ctx: USUARIO_MODIFICACION: creado por 'AGH', modificado por 'EGT'"
619,64654,PROPTI,52.8,2023-07-07,True,False,False,,"USUARIO_MODIFICACION: creado por 'EGT', modificado por 'RM2'",BAJO,0,,"Alerta tx 619 (folio 64654, cód PROPTI, monto 52.80): | ctx: USUARIO_MODIFICACION: creado por 'EGT', modificado por 'RM2'"
1590,3334,PROPTI,-48.0,2021-04-21,True,False,False,,"USUARIO_MODIFICACION: creado por 'FJL', modificado por 'KJG'",BAJO,0,,"Alerta tx 1590 (folio 3334, cód PROPTI, monto -48.00): | ctx: USUARIO_MODIFICACION: creado por 'FJL', modificado por 'KJG'"
745,9498,RENHAB,1332.0,2021-07-26,True,False,False,,"USUARIO_MODIFICACION: creado por 'MCC', modificado por 'FJL'",BAJO,0,,"Alerta tx 745 (folio 9498, cód RENHAB, monto 1332.00): | ctx: USUARIO_MODIFICACION: creado por 'MCC', modificado por 'FJL'"
681,9585,RENHAB,1581.3,2021-07-31,True,False,False,,"USUARIO_MODIFICACION: creado por 'MCC', modificado por 'FJL'",BAJO,0,,"Alerta tx 681 (folio 9585, cód RENHAB, monto 1581.30): | ctx: USUARIO_MODIFICACION: creado por 'MCC', modificado por 'FJL'"
939,36085,PROPTI,72.0,2022-07-29,True,False,False,,"USUARIO_MODIFICACION: creado por 'ALM', modificado por 'RFR'",BAJO,0,,"Alerta tx 939 (folio 36085, cód PROPTI, monto 72.00): | ctx: USUARIO_MODIFICACION: creado por 'ALM', modificado por 'RFR'"
278,17829,PROPTI,24.0,2021-12-15,True,False,False,,"USUARIO_MODIFICACION: creado por 'ALM', modificado por 'LBB'",BAJO,0,,"Alerta tx 278 (folio 17829, cód PROPTI, monto 24.00): | ctx: USUARIO_MODIFICACION: creado por 'ALM', modificado por 'LBB'"
855,14881,RENHAB,-2574.0,2021-10-31,True,False,False,,"USUARIO_MODIFICACION: creado por 'ALM', modificado por 'JEO' (monto alto)",BAJO,0,,"Alerta tx 855 (folio 14881, cód RENHAB, monto -2574.00): | ctx: USUARIO_MODIFICACION: creado por 'ALM', modificado por 'JEO' (monto alto)"
853,18073,RENHAB,1444.2,2021-12-18,True,False,False,,"USUARIO_MODIFICACION: creado por 'ALM', modificado por 'AGH'",BAJO,0,,"Alerta tx 853 (folio 18073, cód RENHAB, monto 1444.20): | ctx: USUARIO_MODIFICACION: creado por 'ALM', modificado por 'AGH'"
1577,3276,RENHAB,1764.67,2021-04-21,True,False,False,,"USUARIO_MODIFICACION: creado por 'FJL', modificado por 'KJG'",BAJO,0,,"Alerta tx 1577 (folio 3276, cód RENHAB, monto 1764.67): | ctx: USUARIO_MODIFICACION: creado por 'FJL', modificado por 'KJG'"
488,10748,RENHAB,1759.46,2021-08-14,True,False,False,,"USUARIO_MODIFICACION: creado por 'ALM', modificado por 'JEO'",BAJO,0,,"Alerta tx 488 (folio 10748, cód RENHAB, monto 1759.46): | ctx: USUARIO_MODIFICACION: creado por 'ALM', modificado por 'JEO'"
385,77986,PROPTI,-52.8,2023-12-03,True,False,False,,"USUARIO_MODIFICACION: creado por 'EGT', modificado por 'MCZ'",BAJO,0,,"Alerta tx 385 (folio 77986, cód PROPTI, monto -52.80): | ctx: USUARIO_MODIFICACION: creado por 'EGT', modificado por 'MCZ'"
623,93455,PROPTI,14.52,2024-05-19,True,False,False,,"USUARIO_MODIFICACION: creado por 'EGT', modificado por 'OLN'",BAJO,0,,"Alerta tx 623 (folio 93455, cód PROPTI, monto 14.52): | ctx: USUARIO_MODIFICACION: creado por 'EGT', modificado por 'OLN'"
788,19359,PROPTI,48.0,2022-01-03,True,False,False,,"USUARIO_MODIFICACION: creado por 'ALM', modificado por 'EGT'",BAJO,0,,"Alerta tx 788 (folio 19359, cód PROPTI, monto 48.00): | ctx: USUARIO_MODIFICACION: creado por 'ALM', modificado por 'EGT'"
802,124778,RENHAB,2137.49,2025-05-19,True,False,False,,"USUARIO_MODIFICACION: creado por 'DOB', modificado por 'RFR'",BAJO,0,,"Alerta tx 802 (folio 124778, cód RENHAB, monto 2137.49): | ctx: USUARIO_MODIFICACION: creado por 'DOB', modificado por 'RFR'"
624,16075,PROPTI,12.0,2021-11-18,True,False,False,,"USUARIO_MODIFICACION: creado por 'EGT', modificado por 'AGH'",BAJO,0,,"Alerta tx 624 (folio 16075, cód PROPTI, monto 12.00): | ctx: USUARIO_MODIFICACION: creado por 'EGT', modificado por 'AGH'"
627,33889,MENEXT,789.0,2022-07-12,True,False,False,,"USUARIO_MODIFICACION: creado por 'ALM', modificado por 'NGA'",BAJO,0,,"Alerta tx 627 (folio 33889, cód MENEXT, monto 789.00): | ctx: USUARIO_MODIFICACION: creado por 'ALM', modificado por 'NGA'"
553,44191,RENHAB,3001.0,2022-11-30,True,False,False,,"USUARIO_MODIFICACION: creado por 'EGT', modificado por 'ALM' (monto alto)",BAJO,0,,"Alerta tx 553 (folio 44191, cód RENHAB, monto 3001.00): | ctx: USUARIO_MODIFICACION: creado por 'EGT', modificado por 'ALM' (monto alto)"
696,26974,PROPTI,48.0,2022-04-16,True,False,False,,"USUARIO_MODIFICACION: creado por 'AGH', modificado por 'EGT'",BAJO,0,,"Alerta tx 696 (folio 26974, cód PROPTI, monto 48.00): | ctx: USUARIO_MODIFICACION: creado por 'AGH', modificado por 'EGT'"
949,108224,PROPTI,58.08,2024-11-16,True,False,False,,"USUARIO_MODIFICACION: creado por 'ISU', modificado por 'MBJ'",BAJO,0,,"Alerta tx 949 (folio 108224, cód PROPTI, monto 58.08): | ctx: USUARIO_MODIFICACION: creado por 'ISU', modificado por 'MBJ'"
962,97694,PROPTI,-14.52,2024-06-28,True,False,False,,"USUARIO_MODIFICACION: creado por 'VN2', modificado por 'CEV'",BAJO,0,,"Alerta tx 962 (folio 97694, cód PROPTI, monto -14.52): | ctx: USUARIO_MODIFICACION: creado por 'VN2', modificado por 'CEV'"
1252,4829,PROPTI,24.0,2021-05-14,True,False,False,,"USUARIO_MODIFICACION: creado por 'MCC', modificado por 'IEP'",BAJO,0,,"Alerta tx 1252 (folio 4829, cód PROPTI, monto 24.00): | ctx: USUARIO_MODIFICACION: creado por 'MCC', modificado por 'IEP'"
686,8441,RENHAB,1973.23,2021-07-12,True,False,False,,"USUARIO_MODIFICACION: creado por 'MCC', modificado por 'RFR'",BAJO,0,,"Alerta tx 686 (folio 8441, cód RENHAB, monto 1973.23): | ctx: USUARIO_MODIFICACION: creado por 'MCC', modificado por 'RFR'"
924,70094,RENHAB,-1915.3,2023-08-19,True,False,False,,"USUARIO_MODIFICACION: creado por 'EGT', modificado por 'CMG'",BAJO,0,,"Alerta tx 924 (folio 70094, cód RENHAB, monto -1915.30): | ctx: USUARIO_MODIFICACION: creado por 'EGT', modificado por 'CMG'"
654,22180,PROPTI,-48.0,2022-02-14,True,False,False,,"USUARIO_MODIFICACION: creado por 'AGH', modificado por 'EGT'",BAJO,0,,"Alerta tx 654 (folio 22180, cód PROPTI, monto -48.00): | ctx: USUARIO_MODIFICACION: creado por 'AGH', modificado por 'EGT'"
934,19874,PROPTI,72.0,2022-01-10,True,False,False,,"USUARIO_MODIFICACION: creado por 'ALM', modificado por 'EGT'",BAJO,0,,"Alerta tx 934 (folio 19874, cód PROPTI, monto 72.00): | ctx: USUARIO_MODIFICACION: creado por 'ALM', modificado por 'EGT'"
223,9948,PROPTI,12.0,2021-07-31,True,False,False,,"USUARIO_MODIFICACION: creado por 'MCC', modificado por 'KJG'",BAJO,0,,"Alerta tx 223 (folio 9948, cód PROPTI, monto 12.00): | ctx: USUARIO_MODIFICACION: creado por 'MCC', modificado por 'KJG'"
10,113012,XFAC,6745.28,2025-01-12,True,False,True,CONTEXTO_RESERVACION,,MEDIO,20,"noches_inconsistentes: cargo=0, reserva=4.0","Alerta tx 10 (folio 113012, cód XFAC, monto 6745.28): [CONTEXTO_RESERVACION] — noches_inconsistentes: cargo=0, reserva=4.0"
826,62952,RENHAB,2234.0,2023-06-24,True,False,False,,"USUARIO_MODIFICACION: creado por 'EGT', modificado por 'CMG'",BAJO,0,,"Alerta tx 826 (folio 62952, cód RENHAB, monto 2234.00): | ctx: USUARIO_MODIFICACION: creado por 'EGT', modificado por 'CMG'"
769,17112,RENHAB,2616.0,2021-12-04,True,False,False,,"USUARIO_MODIFICACION: creado por 'EGT', modificado por 'RFR' (monto alto)",BAJO,0,,"Alerta tx 769 (folio 17112, cód RENHAB, monto 2616.00): | ctx: USUARIO_MODIFICACION: creado por 'EGT', modificado por 'RFR' (monto alto)"
872,26708,PROPTI,24.0,2022-04-14,True,False,False,,"USUARIO_MODIFICACION: creado por 'AGH', modificado por 'RFR'",BAJO,0,,"Alerta tx 872 (folio 26708, cód PROPTI, monto 24.00): | ctx: USUARIO_MODIFICACION: creado por 'AGH', modificado por 'RFR'"
654,20252,PROPTI,12.0,2022-01-15,True,False,False,,"USUARIO_MODIFICACION: creado por 'AGH', modificado por 'LBB'",BAJO,0,,"Alerta tx 654 (folio 20252, cód PROPTI, monto 12.00): | ctx: USUARIO_MODIFICACION: creado por 'AGH', modificado por 'LBB'"
284,15468,PROPTI,48.0,2021-11-09,True,False,False,,"USUARIO_MODIFICACION: creado por 'ALM', modificado por 'RFR'",BAJO,0,,"Alerta tx 284 (folio 15468, cód PROPTI, monto 48.00): | ctx: USUARIO_MODIFICACION: creado por 'ALM', modificado por 'RFR'"
291,32127,PROPTI,48.0,2022-06-22,True,False,False,,"USUARIO_MODIFICACION: creado por 'ALM', modificado por 'RRN'",BAJO,0,,"Alerta tx 291 (folio 32127, cód PROPTI, monto 48.00): | ctx: USUARIO_MODIFICACION: creado por 'ALM', modificado por 'RRN'"
913,96811,EFE,1696.0,2024-06-17,True,False,True,CONTEXTO_RESERVACION,"USUARIO_MODIFICACION: creado por 'OLN', modificado por 'CEV'",MEDIO,20,"noches_inconsistentes: cargo=0, reserva=3.0","Alerta tx 913 (folio 96811, cód EFE, monto 1696.00): [CONTEXTO_RESERVACION] — noches_inconsistentes: cargo=0, reserva=3.0 — | ctx: USUARIO_MODIFICACION: creado por 'OLN', modificado por 'CEV'"
430,9323,RENHAB,1684.76,2021-07-24,True,False,False,,"USUARIO_MODIFICACION: creado por 'MCC', modificado por 'RFR'",BAJO,0,,"Alerta tx 430 (folio 9323, cód RENHAB, monto 1684.76): | ctx: USUARIO_MODIFICACION: creado por 'MCC', modificado por 'RFR'"
229,127947,RENHAB,2562.21,2025-06-18,True,False,False,,"USUARIO_MODIFICACION: creado por 'DOB', modificado por 'CEV' (monto alto)",BAJO,0,,"Alerta tx 229 (folio 127947, cód RENHAB, monto 2562.21): | ctx: USUARIO_MODIFICACION: creado por 'DOB', modificado por 'CEV' (monto alto)"
410,58881,PROPTI,-58.08,2024-10-13,True,False,False,,"USUARIO_MODIFICACION: creado por 'EGT', modificado por 'CEV'",BAJO,0,,"Alerta tx 410 (folio 58881, cód PROPTI, monto -58.08): | ctx: USUARIO_MODIFICACION: creado por 'EGT', modificado por 'CEV'"
41,39935,TARCRE,2254.0,2022-09-17,True,False,True,CONTEXTO_RESERVACION,"USUARIO_MODIFICACION: creado por 'NGA', modificado por 'VMU'",MEDIO,20,"noches_inconsistentes: cargo=0, reserva=3.0","Alerta tx 41 (folio 39935, cód TARCRE, monto 2254.00): [CONTEXTO_RESERVACION] — noches_inconsistentes: cargo=0, reserva=3.0 — | ctx: USUARIO_MODIFICACION: creado por 'NGA', modificado por 'VMU'"
661,97332,RENHAB,2074.87,2024-06-24,True,False,False,,"USUARIO_MODIFICACION: creado por 'EGT', modificado por 'AB9'",BAJO,0,,"Alerta tx 661 (folio 97332, cód RENHAB, monto 2074.87): | ctx: USUARIO_MODIFICACION: creado por 'EGT', modificado por 'AB9'"
348,104564,PROPTI,29.04,2024-09-16,True,False,False,,"USUARIO_MODIFICACION: creado por 'EGT', modificado por 'MBJ'",BAJO,0,,"Alerta tx 348 (folio 104564, cód PROPTI, monto 29.04): | ctx: USUARIO_MODIFICACION: creado por 'EGT', modificado por 'MBJ'"
626,11390,MISCEL,142.0,2021-08-27,True,False,False,,"USUARIO_MODIFICACION: creado por 'ALM', modificado por 'FJL'",BAJO,0,,"Alerta tx 626 (folio 11390, cód MISCEL, monto 142.00): | ctx: USUARIO_MODIFICACION: creado por 'ALM', modificado por 'FJL'"
580,115655,PROPTI,58.08,2025-02-13,True,False,False,,"USUARIO_MODIFICACION: creado por 'EGT', modificado por 'RM2'",BAJO,0,,"Alerta tx 580 (folio 115655, cód PROPTI, monto 58.08): | ctx: USUARIO_MODIFICACION: creado por 'EGT', modificado por 'RM2'"
742,66173,RENHAB,-2127.27,2023-07-23,True,False,False,,"USUARIO_MODIFICACION: creado por 'EGT', modificado por 'MCZ'",BAJO,0,,"Alerta tx 742 (folio 66173, cód RENHAB, monto -2127.27): | ctx: USUARIO_MODIFICACION: creado por 'EGT', modificado por 'MCZ'"
842,133419,PROPTI,-14.52,2025-08-17,True,False,False,,"USUARIO_MODIFICACION: creado por 'DOB', modificado por 'CEV'",BAJO,0,,"Alerta tx 842 (folio 133419, cód PROPTI, monto -14.52): | ctx: USUARIO_MODIFICACION: creado por 'DOB', modificado por 'CEV'"
676,14734,PROPTI,-12.0,2021-10-29,True,False,False,,"USUARIO_MODIFICACION: creado por 'ALM', modificado por 'JEO'",BAJO,0,,"Alerta tx 676 (folio 14734, cód PROPTI, monto -12.00): | ctx: USUARIO_MODIFICACION: creado por 'ALM', modificado por 'JEO'"
717,129282,RENHAB,2168.88,2025-07-11,True,False,False,,"USUARIO_MODIFICACION: creado por 'DOB', modificado por 'CEV'",BAJO,0,,"Alerta tx 717 (folio 129282, cód RENHAB, monto 2168.88): | ctx: USUARIO_MODIFICACION: creado por 'DOB', modificado por 'CEV'"
137,68142,RENAJU,9142.97,2023-08-09,True,False,True,CONTEXTO_RESERVACION,,MEDIO,20,"noches_inconsistentes: cargo=0, reserva=3.0","Alerta tx 137 (folio 68142, cód RENAJU, monto 9142.97): [CONTEXTO_RESERVACION] — noches_inconsistentes: cargo=0, reserva=3.0"
224,124779,PROPTI,14.52,2025-05-18,True,False,False,,"USUARIO_MODIFICACION: creado por 'DOB', modificado por 'RFR'",BAJO,0,,"Alerta tx 224 (folio 124779, cód PROPTI, monto 14.52): | ctx: USUARIO_MODIFICACION: creado por 'DOB', modificado por 'RFR'"
610,7085,PROPTI,-48.0,2021-06-21,True,False,False,,"USUARIO_MODIFICACION: creado por 'MCC', modificado por 'RFR'",BAJO,0,,"Alerta tx 610 (folio 7085, cód PROPTI, monto -48.00): | ctx: USUARIO_MODIFICACION: creado por 'MCC', modificado por 'RFR'"
811,36913,RENHAB,2541.9,2022-08-08,True,False,False,,"USUARIO_MODIFICACION: creado por 'ALM', modificado por 'EGT' (monto alto)",BAJO,0,,"Alerta tx 811 (folio 36913, cód RENHAB, monto 2541.90): | ctx: USUARIO_MODIFICACION: creado por 'ALM', modificado por 'EGT' (monto alto)"
461,2561,PROPTI,48.0,2021-04-09,True,False,False,,"USUARIO_MODIFICACION: creado por 'ALM', modificado por 'LBB'",BAJO,0,,"Alerta tx 461 (folio 2561, cód PROPTI, monto 48.00): | ctx: USUARIO_MODIFICACION: creado por 'ALM', modificado por 'LBB'"
812,78910,RENHAB,-2930.2,2023-12-20,True,False,False,,"USUARIO_MODIFICACION: creado por 'EGT', modificado por 'OLN' (monto alto)",BAJO,0,,"Alerta tx 812 (folio 78910, cód RENHAB, monto -2930.20): | ctx: USUARIO_MODIFICACION: creado por 'EGT', modificado por 'OLN' (monto alto)"
553,13363,RENHAB,1531.52,2021-10-07,True,False,False,,"USUARIO_MODIFICACION: creado por 'ALM', modificado por 'HMR'",BAJO,0,,"Alerta tx 553 (folio 13363, cód RENHAB, monto 1531.52): | ctx: USUARIO_MODIFICACION: creado por 'ALM', modificado por 'HMR'"
662,10539,RENHAB,2618.5,2021-08-09,True,False,False,,"USUARIO_MODIFICACION: creado por 'ALM', modificado por 'JEO' (monto alto)",BAJO,0,,"Alerta tx 662 (folio 10539, cód RENHAB, monto 2618.50): | ctx: USUARIO_MODIFICACION: creado por 'ALM', modificado por 'JEO' (monto alto)"
841,29474,EFE,1867.0,2022-05-16,True,False,True,CONTEXTO_RESERVACION,"USUARIO_MODIFICACION: creado por 'RFR', modificado por 'EGT'",MEDIO,20,"noches_inconsistentes: cargo=0, reserva=5.0","Alerta tx 841 (folio 29474, cód EFE, monto 1867.00): [CONTEXTO_RESERVACION] — noches_inconsistentes: cargo=0, reserva=5.0 — | ctx: USUARIO_MODIFICACION: creado por 'RFR', modificado por 'EGT'"
638,5542,PROPTI,24.0,2021-05-27,True,False,False,,"USUARIO_MODIFICACION: creado por 'MCC', modificado por 'JML'",BAJO,0,,"Alerta tx 638 (folio 5542, cód PROPTI, monto 24.00): | ctx: USUARIO_MODIFICACION: creado por 'MCC', modificado por 'JML'"
278,19907,RENHAB,1912.0,2022-01-13,True,False,False,,"USUARIO_MODIFICACION: creado por 'AGH', modificado por 'LBB'",BAJO,0,,"Alerta tx 278 (folio 19907, cód RENHAB, monto 1912.00): | ctx: USUARIO_MODIFICACION: creado por 'AGH', modificado por 'LBB'"
441,109299,RENHAB,2497.9,2024-11-25,True,False,False,,"USUARIO_MODIFICACION: creado por 'ISU', modificado por 'OLN'",BAJO,0,,"Alerta tx 441 (folio 109299, cód RENHAB, monto 2497.90): | ctx: USUARIO_MODIFICACION: creado por 'ISU', modificado por 'OLN'"
443,123427,RENHAB,1935.19,2025-05-08,True,False,False,,"USUARIO_MODIFICACION: creado por 'DOB', modificado por 'MBJ'",BAJO,0,,"Alerta tx 443 (folio 123427, cód RENHAB, monto 1935.19): | ctx: USUARIO_MODIFICACION: creado por 'DOB', modificado por 'MBJ'"
315,134577,RENHAB,541.92,2025-08-27,True,False,False,,"USUARIO_MODIFICACION: creado por 'DOB', modificado por 'RM2'",BAJO,0,,"Alerta tx 315 (folio 134577, cód RENHAB, monto 541.92): | ctx: USUARIO_MODIFICACION: creado por 'DOB', modificado por 'RM2'"
718,8016,PROPTI,-48.0,2021-07-05,True,False,False,,"USUARIO_MODIFICACION: creado por 'MCC', modificado por 'KJG'",BAJO,0,,"Alerta tx 718 (folio 8016, cód PROPTI, monto -48.00): | ctx: USUARIO_MODIFICACION: creado por 'MCC', modificado por 'KJG'"
734,7355,RENHAB,-1845.15,2021-06-24,True,False,False,,"USUARIO_MODIFICACION: creado por 'MCC', modificado por 'IEP'",BAJO,0,,"Alerta tx 734 (folio 7355, cód RENHAB, monto -1845.15): | ctx: USUARIO_MODIFICACION: creado por 'MCC', modificado por 'IEP'"
8,7490,XFAC,7486.28,2021-06-30,True,False,True,CONTEXTO_RESERVACION,,MEDIO,20,"noches_inconsistentes: cargo=0, reserva=3.0","Alerta tx 8 (folio 7490, cód XFAC, monto 7486.28): [CONTEXTO_RESERVACION] — noches_inconsistentes: cargo=0, reserva=3.0"
506,67466,PROPTI,52.8,2023-08-01,True,False,False,,"USUARIO_MODIFICACION: creado por 'EGT', modificado por 'RFR'",BAJO,0,,"Alerta tx 506 (folio 67466, cód PROPTI, monto 52.80): | ctx: USUARIO_MODIFICACION: creado por 'EGT', modificado por 'RFR'"
500,73695,RENHAB,2262.9,2023-10-11,True,False,False,,"USUARIO_MODIFICACION: creado por 'EGT', modificado por 'OLN'",BAJO,0,,"Alerta tx 500 (folio 73695, cód RENHAB, monto 2262.90): | ctx: USUARIO_MODIFICACION: creado por 'EGT', modificado por 'OLN'"
451,10971,PROPTI,-48.0,2021-08-16,True,False,False,,"USUARIO_MODIFICACION: creado por 'ALM', modificado por 'FJL'",BAJO,0,,"Alerta tx 451 (folio 10971, cód PROPTI, monto -48.00): | ctx: USUARIO_MODIFICACION: creado por 'ALM', modificado por 'FJL'"
687,6668,RENHAB,1161.0,2021-06-14,True,False,False,,"USUARIO_MODIFICACION: creado por 'MCC', modificado por 'RFR'",BAJO,0,,"Alerta tx 687 (folio 6668, cód RENHAB, monto 1161.00): | ctx: USUARIO_MODIFICACION: creado por 'MCC', modificado por 'RFR'"
749,99710,RENHAB,-2418.15,2024-07-19,True,False,False,,"USUARIO_MODIFICACION: creado por 'VN2', modificado por 'RFR'",BAJO,0,,"Alerta tx 749 (folio 99710, cód RENHAB, monto -2418.15): | ctx: USUARIO_MODIFICACION: creado por 'VN2', modificado por 'RFR'"
600,17579,RENHAB,2383.5,2021-12-09,True,False,False,,"USUARIO_MODIFICACION: creado por 'EGT', modificado por 'AGH'",BAJO,0,,"Alerta tx 600 (folio 17579, cód RENHAB, monto 2383.50): | ctx: USUARIO_MODIFICACION: creado por 'EGT', modificado por 'AGH'"
435,71023,PROPTI,52.8,2023-09-03,True,False,False,,"USUARIO_MODIFICACION: creado por 'EGT', modificado por 'OLN'",BAJO,0,,"Alerta tx 435 (folio 71023, cód PROPTI, monto 52.80): | ctx: USUARIO_MODIFICACION: creado por 'EGT', modificado por 'OLN'"
382,17830,RENHAB,1834.0,2021-12-15,True,False,False,,"USUARIO_MODIFICACION: creado por 'ALM', modificado por 'LBB'",BAJO,0,,"Alerta tx 382 (folio 17830, cód RENHAB, monto 1834.00): | ctx: USUARIO_MODIFICACION: creado por 'ALM', modificado por 'LBB'"
390,49541,PROPTI,52.8,2023-02-15,True,False,False,,"USUARIO_MODIFICACION: creado por 'EGT', modificado por 'RFR'",BAJO,0,,"Alerta tx 390 (folio 49541, cód PROPTI, monto 52.80): | ctx: USUARIO_MODIFICACION: creado por 'EGT', modificado por 'RFR'"
110,74145,PROPTI,52.8,2023-10-17,True,False,False,,"USUARIO_MODIFICACION: creado por 'EGT', modificado por 'MBJ'",BAJO,0,,"Alerta tx 110 (folio 74145, cód PROPTI, monto 52.80): | ctx: USUARIO_MODIFICACION: creado por 'EGT', modificado por 'MBJ'"
392,98967,MENEXT,300.0,2024-07-10,True,False,False,,"USUARIO_MODIFICACION: creado por 'EGT', modificado por 'OLN'",BAJO,0,,"Alerta tx 392 (folio 98967, cód MENEXT, monto 300.00): | ctx: USUARIO_MODIFICACION: creado por 'EGT', modificado por 'OLN'"
1224,1507,PEREXT,-789.0,2021-03-27,True,False,False,,"USUARIO_MODIFICACION: creado por 'FJL', modificado por 'BEM'",BAJO,0,,"Alerta tx 1224 (folio 1507, cód PEREXT, monto -789.00): | ctx: USUARIO_MODIFICACION: creado por 'FJL', modificado por 'BEM'"
569,17256,RENHAB,1827.6,2021-12-05,True,False,False,,"USUARIO_MODIFICACION: creado por 'EGT', modificado por 'AGH'",BAJO,0,,"Alerta tx 569 (folio 17256, cód RENHAB, monto 1827.60): | ctx: USUARIO_MODIFICACION: creado por 'EGT', modificado por 'AGH'"
737,6647,PROPTI,24.0,2021-06-15,True,False,False,,"USUARIO_MODIFICACION: creado por 'ALM', modificado por 'RFR'",BAJO,0,,"Alerta tx 737 (folio 6647, cód PROPTI, monto 24.00): | ctx: USUARIO_MODIFICACION: creado por 'ALM', modificado por 'RFR'"
535,6779,RENHAB,1591.93,2021-06-17,True,False,False,,"USUARIO_MODIFICACION: creado por 'MCC', modificado por 'RFR'",BAJO,0,,"Alerta tx 535 (folio 6779, cód RENHAB, monto 1591.93): | ctx: USUARIO_MODIFICACION: creado por 'MCC', modificado por 'RFR'"
725,13916,PROPTI,-24.0,2021-10-15,True,False,False,,"USUARIO_MODIFICACION: creado por 'ALM', modificado por 'JEO'",BAJO,0,,"Alerta tx 725 (folio 13916, cód PROPTI, monto -24.00): | ctx: USUARIO_MODIFICACION: creado por 'ALM', modificado por 'JEO'"
550,46876,RENHAB,1845.08,2023-01-09,True,False,False,,"USUARIO_MODIFICACION: creado por 'EGT', modificado por 'RFR'",BAJO,0,,"Alerta tx 550 (folio 46876, cód RENHAB, monto 1845.08): | ctx: USUARIO_MODIFICACION: creado por 'EGT', modificado por 'RFR'"
707,51705,PROPTI,52.8,2023-03-11,True,False,False,,"USUARIO_MODIFICACION: creado por 'EGT', modificado por 'OLN'",BAJO,0,,"Alerta tx 707 (folio 51705, cód PROPTI, monto 52.80): | ctx: USUARIO_MODIFICACION: creado por 'EGT', modificado por 'OLN'"
98,132938,EFE,300.0,2025-08-13,True,False,False,,"USUARIO_MODIFICACION: creado por 'MXI', modificado por 'CEV'",BAJO,0,,"Alerta tx 98 (folio 132938, cód EFE, monto 300.00): | ctx: USUARIO_MODIFICACION: creado por 'MXI', modificado por 'CEV'"
362,10850,RENHAB,2080.28,2021-08-15,True,False,False,,"USUARIO_MODIFICACION: creado por 'ALM', modificado por 'JEO'",BAJO,0,,"Alerta tx 362 (folio 10850, cód RENHAB, monto 2080.28): | ctx: USUARIO_MODIFICACION: creado por 'ALM', modificado por 'JEO'"
770,61209,RENHAB,2127.52,2023-06-06,True,False,False,,"USUARIO_MODIFICACION: creado por 'JLS', modificado por 'CEV'",BAJO,0,,"Alerta tx 770 (folio 61209, cód RENHAB, monto 2127.52): | ctx: USUARIO_MODIFICACION: creado por 'JLS', modificado por 'CEV'"
807,124783,PROPTI,-29.04,2025-05-19,True,False,False,,"USUARIO_MODIFICACION: creado por 'DOB', modificado por 'RFR'",BAJO,0,,"Alerta tx 807 (folio 124783, cód PROPTI, monto -29.04): | ctx: USUARIO_MODIFICACION: creado por 'DOB', modificado por 'RFR'"
434,339,RENHAB,1980.55,2021-03-09,True,False,False,,"USUARIO_MODIFICACION: creado por 'ALM', modificado por 'RFR'",BAJO,0,,"Alerta tx 434 (folio 339, cód RENHAB, monto 1980.55): | ctx: USUARIO_MODIFICACION: creado por 'ALM', modificado por 'RFR'"
